ID,Date (Activities),Type (Activities),Action (Activities),Notes (Activities)
607,04/04/2012,Regular,Accepted,REST PER MMR 01/08/11 - CIR. 02/20/11 (ann); 
607,02/12/2016,Regular,Accepted,DECEASED (51) 12/06/15 PER 2015 AR [JEN];
607,03/08/2016,Regular,Accepted,DECEASED (51) PER MMR 12/12/15 - CIR. 02/10/16 [JEN];
1526,03/11/2013,Regular,Accepted,SNPD (51) PER MMR 01/12/13 - CIR. 02/28/13 [JEN];
1526,08/05/2019,Regular,Accepted,RESTORED [51] MMR 05/18/19- CIR. 08/10/19 [JOEL]
1535,07/02/2010,Regular,Accepted,REST (31) 04/10/10 PER MMR 04/10/10 - CIR. 05/20/10 (ann); 
1535,03/26/2013,Regular,Accepted,SNPD (31) 12/31/12 PER 2012 AR; PER MMR 02/23/13 [JEN];
1535,10/18/2013,Regular,Accepted,REST (31) PER MMR 09/28/13 - CIR. 10/10/13 [EN];
1535,02/02/2015,Regular,Accepted,SNPD (31) 12/20/14 PER 2014 AR; PER MMR 12/20/14 - CIR. 02/20/15  [JEN];
1542,05/12/2022,Regular,Accepted,RESTORED [31] PER 2021 A/R [JOEL]
2040,10/27/2018,Regular,Accepted,LML CERT & PIN (51) ISSUED PER SI# 199931 DTD 08/28/18 [MENG];
2197,01/21/2016,Regular,Accepted,SNPD (51) PER MMR 09/12/15 - CIR. 12/10/15 [JEN];
2761,01/05/2017,Regular,Accepted,REST (31) PER MMR 11/26/16 - CIR. 12/10/16 [JEN];
2761,03/14/2017,Regular,Accepted,UPDATE RECORD (CHANGE OF ADD) FOR GLP MEMBERS UPDATE FORM [JEN];
2761,03/14/2017,Regular,Accepted,UPDATE RECORD (ADD CHILD) FOR GLP MEMBERS UPDATE FORM [JEN];
3641,05/21/2025,Regular,Accepted,SNPD [ 15 ] MMR  03/2025 CIR 05/30/2025 [JOEL]
3647,02/27/2013,Regular,Accepted,REST (15) PER MMR 02/02/13 - CIR. 02/20/13 [JEN];
3647,04/20/2023,Regular,Accepted,DESEASED [15] MMR 03/2023 CIR. 04/20/2023  [JOEL]
3651,02/18/2015,Regular,Accepted,REST (15) PER MMR JAN 2015 - CIR. 02/10/15 [JEN];
3651,05/21/2025,Regular,Accepted,SNPD [ 15 ] MMR  03/2025 CIR 05/30/2025 [JOEL]
3722,12/07/2012,Regular,Accepted,DECEASED (69) PER MMR 07/07/12 - CIR. 11/10/12 [JEN];
3918,07/06/2015,Regular,Accepted,RESTORED (15) PER EDICT NO. 233-P OF MW RENTOY DTD 06/23/15 [JEN];
3918,02/16/2016,Regular,Accepted,REST (15) PER MMR 08/01/15 - CIR. 01/30/16 [JEN];
3918,09/01/2020,Regular,Accepted,WM [15] 1999 PER 2018 A/R [JOEL]
3918,11/04/2020,Regular,Accepted,DECEASED [15] MMR 07/31/2020 CIR. 11/10/2020 [JOEL]
3919,\N,Regular,Accepted,REST (15) PER RESOLUTION DTD 09/03/11 - CIRC. 10/30/11 [JEN];
3919,05/21/2025,Regular,Accepted,SNPD [ 15 ] MMR  03/2025 CIR 05/30/2025 [JOEL]
4030,01/12/2012,Regular,Accepted,"MM CERT (51) ISSUED PER SI # 145771 DTD 11/04/11, PROF EXAM 2006 [ann]; "
4030,07/04/2014,Regular,Accepted,MM CERT (51) ISSUED PER SI# 174092 DTD 06/05/14 [JEN];
4030,08/30/2018,Regular,Accepted,DECEASED(51) MMR 01/13/18- CIR. 08/30/18(JOEL)
4243,02/16/2011,Regular,Accepted,"CORRECTED NAME FRM ""EDGARDO-EDIGARDO"" PER GOVERNMENT ISSUED IDS PHOTOCOPY 02/15/10 (ann); "
4281,05/15/2012,Regular,Accepted,District Grand Lecturer - R-IV-A- 2012 (jho);
4281,07/19/2013,Regular,Accepted,GLI (51) 2013 [hazel].;
4353,03/11/2013,Regular,Accepted,SNPD (51) PER MMR 01/12/13 - CIR. 02/28/13 [JEN];
4353,11/28/2024,Regular,Accepted,RESTORED [ 51 ] MMR 10/2024 CIR 11/30/2024 [JOEL]
4354,03/13/2017,Regular,Accepted,SNPD (51) PER MMR 12/10/16 - CIR. 03/20/17 [JEN];
4354,07/06/2017,Regular,Accepted,REST (51) PER MMR 04/01/17 - CIR. 06/30/17 [JEN];
4354,11/29/2019,Regular,Accepted,SNPD [51] MMR 10/19/19- CIR. 11/30/19 [JOEL]
4354,02/27/2020,Regular,Accepted,SNPD [51] A/R 2019 [MON]
4391,\N,Regular,Accepted,SNPD (69) PER 2010 AR [ann]; 
4391,03/01/2016,Regular,Accepted,DECEASED (69) 11/14/15 PER 2015 AR [JEN];
4391,03/16/2016,Regular,Accepted,DECEASED (69) PER MMR NOV 2015 - CIR. 02/20/16 [JEN];
4397,10/26/2016,Regular,Accepted,"MM CERT (69) ISSUED PER SI# 188577 DTD 10/10/16, PROF. EXM DTD 08/05/95 [ROSE];"
4397,02/23/2018,Regular,Accepted,LML CERT & PIN ISSUED 02/23/18(JOEL)
4397,06/29/2018,Regular,Accepted,LML CERT. & PIN(69) PER SI#196569 DTD 02/01/18 [MENG]
4397,06/27/2019,Charter,Accepted,CM (448) 09/03/2018 (ANN)
4397,03/02/2023,Dual,Accepted,DEMITTED PER 2022 A/R [JOEL] MMR 02/2022 CIR. 03/10/2023
4397,10/18/2023,Honorary,Accepted,HONORARY CERT ISSUED 07/04/2023 [JOEL]
4397,05/19/2025,Regular,Accepted,Gli [448] MY 2025-2026 [April]
4823,09/20/2011,Regular,Accepted,dgl (ncr-g) 2011 [jen];
4823,05/11/2016,Regular,Accepted,DDGM (NCR G) 2015 [JEN];
4823,05/06/2021,Regular,Accepted,GLI [323] MY 2019-2021 [JOEL]
4885,\N,Regular,Accepted,MEMBER (BOARD OF GEN. PURPOSES) 2010 [ann]; 
4885,09/15/2011,Charter,Accepted,Member (Board for Gen. Purposes) 2011 [jen];  CHAIRMAN (COMM. ON FOREIGN RELATIONS & CORRESPONDENCE) 2011 [ROSE];
4885,05/14/2012,Regular,Accepted,"Member, Board of General Purposes - 2012 (jho);  MEMBER (COMM. ON CAVITE AFFAIRS) 2012 [ROSE];"
4885,07/04/2013,Regular,Accepted,CHAIRMAN (COMM. ON FOREIGN RELATIONS & CORRESPONDENCE) 2012; MEMBER (BOARD FOR GEN. PURPOSES) 2013 [JEN];
4885,12/03/2013,Regular,Accepted,CHAIRMAN (COMMITTEE ON FOREIGN RELATIONS & CORRESPONDENCE) 2013 [JEN];
4885,12/03/2013,Regular,Accepted,MEMBER (COMMITTEE ON CAVITE AFFAIRS) 2013 [JEN];
4885,05/10/2016,Regular,Accepted,VICE-CHAIRMAN (BOARD FOR GEN. PURPOSES) 2015 [JEN];
4885,06/01/2016,Regular,Accepted,Member (Board for Gen. Purposes) 2016 [ann];
4885,06/11/2018,Regular,Accepted,BOARD OF GENERAL 2018
4885,05/07/2021,Regular,Accepted,"HIRAM ISSUED 05/06/2021 PER LODGE RESOLUTION APPROVED BY MW DANILO D. ANGELES, PGM, GRAND SECRETARY 04/07/2021 [JOEL]"
4885,05/11/2021,Regular,Accepted,"50 YEAR CERT AND PIN ISSUED 05/10/21 APPROVED BY MW DANILO D. ANGELES, PGM 04/07/2021 [JOEL]["
4885,11/11/2021,Regular,Accepted,DECEASED [15] MMR 11/2021- CIR. 11/20/2021 [JOEL]
5523,01/13/2017,Regular,Accepted,SNPD (15) PER MMR 06/04/16 - CIR. 12/30/16 [JEN];
5544,02/08/2014,Regular,Accepted,REST (15) PER MMR 02/01/14 - CIR. 02/10/14 [JEN]; 
5544,05/21/2025,Regular,Accepted,SNPD [ 15 ] MMR  03/2025 CIR 05/30/2025 [JOEL]
5564,\N,Regular,Accepted,SNPD PER 2010 AR [ann]; 
5573,06/23/2020,Regular,Accepted,RESTORED [15] MMR 01/25/2020- CIR. 06/30/2020 [JOEL]
6588,03/31/2014,Regular,Accepted,DECEASED (31) PER MMR 02/22/14 - CIR. 02/28/14 [JEN]; 
6787,07/07/2016,Regular,Accepted,Decesed (15) 05/12/14 per 2015 AR [ann];
7698,01/13/2017,Regular,Accepted,SNPD (15) PER MMR 06/04/16 - CIR. 12/30/16 [JEN];
7703,02/10/2022,Regular,Accepted,LML CERT APRON AND PIN ISSUED 01/27/2022 S.I NO. 215001 [JOEL]
7723,01/13/2017,Regular,Accepted,SNPD (15) PER MMR 06/04/16 - CIR. 12/30/16 [JEN];
7733,01/13/2017,Regular,Accepted,SNPD (15) PER MMR 06/04/16 - CIR. 12/30/16 [JEN];
7735,07/20/2015,Regular,Accepted,DECEASED (15) PER MMR 05/08/15 - CIR. 07/10/15 [JEN];
7736,\N,Regular,Accepted,DECEASED (15) RECD. PER 2010 AR [ann]; 
7753,12/10/2021,Regular,Accepted,RESTORED [15] MMR 11/06/2021 CIR. 12/10/2021 [JOEL]
7771,10/06/2022,Regular,Accepted,DECEASED [15] MMR 08/2022 CIR. 10/10/2022 [JOEL]
7779,01/13/2017,Regular,Accepted,SNPD (15) PER MMR 06/04/16 - CIR. 12/30/16 [JEN];
7804,01/13/2017,Regular,Accepted,SNPD (15) PER MMR 06/04/16 - CIR. 12/30/16 [JEN];
7818,10/30/2013,Regular,Accepted,UPDATE RECORDS (CHANGE OF ADD) PER BUSINESS CARD C/O VW JOBY [JEN];
7850,07/06/2015,Regular,Accepted,RESTORED (15) PER EDICT NO. 233-P OF MW RENTOY DTD 06/23/15 [JEN];
7850,02/16/2016,Regular,Accepted,REST (15) PER MMR 08/01/15 - CIR. 01/30/16 [JEN];
7915,06/29/2011,Regular,Accepted,REST (15) 01/08/11 PER MMR 01/08/11 - CIR. 06/30/11 [ann]; 
7927,01/13/2017,Regular,Accepted,SNPD (15) PER MMR 06/04/16 - CIR. 12/30/16 [JEN];
7927,02/27/2020,Regular,Accepted,RESTORED [15] MMR 12/07/19- CIR. 06/20/2020 [MON]
7955,08/31/2016,Regular,Accepted,UPDATE RECORD (CHANGE OF CONTACT NOS. EMPLOYMENT INFO) PER GLP UPDATE FORM [ROSE;]
7962,01/13/2017,Regular,Accepted,DECEASED (15) PER MMR 05/07/16 - CIR. 12/30/16 [JEN];
7977,01/13/2017,Regular,Accepted,SNPD (15) PER MMR 06/04/16 - CIR. 12/30/16 [JEN];
8009,01/13/2017,Regular,Accepted,SNPD (15) PER MMR 06/04/16 - CIR. 12/30/16 [JEN];
8033,10/18/2010,Regular,Accepted,SNPD (15) 01/09/10 PER 2009 AR (ann); 
8035,09/13/2010,Regular,Accepted,"SNPD NULL AND VOID PER LTR OF MW ANGELES, GS DTD 09/16/10 (ann); "
8035,12/01/2020,Dimitted,Accepted,LML CERT AND PIN ISSUED 11/12/2020 S.I NO. 209838 [JOEL]
8050,03/30/2015,Regular,Accepted,REST (15) PER MMR 12/06/14 - CIR. 03/20/15 [JEN];
8066,\N,Regular,Accepted,SNPD PER 2010 AR [ann]; 
8069,01/13/2017,Regular,Accepted,SNPD (15) PER MMR 06/04/16 - CIR. 12/30/16 [JEN];
8071,05/21/2025,Petitioner,Accepted,SNPD [ 15 ] MMR  03/2025 CIR 05/30/2025 [JOEL]
8075,09/14/2018,Regular,Accepted,REST(15) MMR 08/04/18- CIR. 09/20/18(JOEL)
8092,01/13/2017,Regular,Accepted,SNPD (15) PER MMR 06/04/16 - CIR. 12/30/16 [JEN];
8093,12/18/2023,Regular,Accepted,DECEASED [15] MMR 09/2023 CIR 12/20/2023 [JOEL]
8101,12/14/2011,Regular,Accepted,REST. (15) 09/03/11 PER MMR 09/03/11 - CIRC. 11/20/11 [ANN] 
8108,01/13/2017,Regular,Accepted,SNPD (15) PER MMR 06/04/16 - CIR. 12/30/16 [JEN];
8108,08/30/2018,Petitioner,No Action,"SUSPENSION NULL & VOID & RESTORING HIM TO ACTIVE STATUS AS PER\
RECOMMENDATION OF GS ANGELES DTD 08/05/18 APPROVED BY GM RSM\
08/29/2018 (MENG)"
8108,01/19/2019,Regular,Accepted,RESTORED(15) MMR 12/01/18- CIR. 01/20/19 [JOEL]
8111,06/20/2011,Regular,Accepted,REST (15) 03/05/11 PER CIR. 06/20/11 {ann}; 
8161,05/21/2025,Regular,Accepted,SNPD [ 15 ] MMR  03/2025 CIR 05/30/2025 [JOEL]
8162,05/21/2025,Regular,Accepted,SNPD [ 15 ] MMR  03/2025 CIR 05/30/2025 [JOEL]
8165,12/14/2017,Regular,Accepted,RESTORED(15) PER MMR 08/12/17- CIR. 12/10/17(FOX)
8178,01/13/2017,Regular,Accepted,SNPD (15) PER MMR 06/04/16 - CIR. 12/30/16 [JEN];
8179,01/13/2017,Regular,Accepted,SNPD (15) PER MMR 06/04/16 - CIR. 12/30/16 [JEN];
8222,01/05/2017,Regular,Accepted,SNPD (31) PER MMR 12/17/16 - CIR. 12/30/16 [JEN];
8233,01/13/2017,Regular,Accepted,SNPD (15) PER MMR 06/04/16 - CIR. 12/30/16 [JEN];
8238,05/21/2025,Regular,Accepted,SNPD [ 15 ] MMR  03/2025 CIR 05/30/2025 [JOEL]
8245,10/18/2010,Regular,Accepted,SNPD (15) 01/09/10 PER 2009 AR (ann); 
8286,03/11/2020,Regular,Accepted,"RECORD OF SUSPENSION FROM DECEMBER 01 2007 WITH RESTORATION APRIL 4, 2009 IS NULL AND VOID DUE TO ERRONEOUSLY REPORTED BY THE LODGE SECRETARY PER MEMORANDUM DTD. OCTOBER 10, 2019 SUBMITTED BY VW OLIVER V. YABUT, ASST GRAND SECRETARY approved by mw agapito s. suan, grand master, attested by mw danilo d. angeles, pgm, grand secretary [joel]"
8311,01/13/2017,Regular,Accepted,SNPD (15) PER MMR 06/04/16 - CIR. 12/30/16 [JEN];
8352,11/18/2013,Regular,Accepted,REST (15) PER MMR 07/06/13 - CIR. 11/10/13 [JEN];
8352,01/13/2015,Regular,Accepted,UPDATE RECORD (CHANGE OF ADD) PER GLP MEMBER DATA UPDATE FROM [JEN];
8352,11/08/2016,Regular,Accepted,"UPDATE RECORD (CHANGE KIN, KIN ADDRESS, CHANGE YR. OF BDAY, ADD CHILDREN) PER MASONIC RECORD [MEL];"
8352,12/21/2016,Regular,Accepted,MM CERT (15) ISSUED PER SI# 189511 DTD 12/02/16 [NAZ];
8365,01/13/2017,Regular,Accepted,SNPD (15) PER MMR 06/04/16 - CIR. 12/30/16 [JEN];
9717,11/06/2015,Dual,No Action,FROM EMILIO AGUINALDO MEM. NO. 31
9717,11/06/2015,Dual,No Action,PER. FOR PLM W/ (352) RCVD. 09/21/15 - CIR. 10/10/15 [JEN];
9717,06/22/2018,Dual,No Action,PLM REJECTED(352) CIR. 06/30/18(JOEL)
10136,01/24/2013,Regular,Accepted,SNPD (69) PER 2012 AR [JEN];
12332,07/25/2024,Regular,Accepted,RESTORED [ 31 ] MMR 06/2024 CIR 07/30/2024 [JOEL]
12343,08/10/2010,Regular,Accepted,SNPD (31) 12/31/09 PER MMR 07/24/10 - CIR. 08/10/10 (ann); 
12343,06/14/2012,Regular,Accepted,DECEASED (31) PER MMR 05/26/12 - CIR. 06/10/12 [JEN];
12389,01/24/2013,Regular,Accepted,SNPD (69) PER 2012 AR [JEN];
12431,08/10/2010,Regular,Accepted,REST (31) 07/24/09 PER MMR 07/24/10 - CIR. 08/10/10 (ann); 
12431,04/03/2012,Regular,Accepted,SNPD (31) PER 2011 AR [JEN];
12431,12/27/2013,Regular,Accepted,DECEASED (31) PER MMR 12/14/13 - CIR. 12/30/13 [JEN];
12439,03/06/2014,Regular,Accepted,DECEASED (31) PER MMR 02/22/14 - CIR. 02/28/14 [JEN]; 
12455,02/27/2015,Regular,Accepted,REST (31) PER MMR 01/24/15 - CIR. 02/20/15 [JEN];
12455,08/09/2016,Regular,Accepted,DECEASED (31) PER MMR 06/25/16 - CIR. 07/10/16 [JEN];
12512,08/10/2010,Regular,Accepted,SNPD (31) 12/31/09 PER MMR 07/24/10 - CIR. 08/10/10 (ann); 
12512,06/10/2011,Regular,Accepted,REST (31) 04/25/11 PER MMR 05/28/11 - CIR. 06/10/11 [ann]; 
12512,03/26/2013,Regular,Accepted,SNPD (31) 12/31/12 PER 2012 AR; PER MMR 02/23/13 [JEN];
12527,\N,Regular,Accepted,SNPD (31) PER 2011 AR [JEN];
12551,08/10/2010,Regular,Accepted,SNPD (31) 12/31/09 PER MMR 07/24/10 - CIR. 08/10/10 (ann); 
12563,01/24/2024,Regular,Accepted,DECEASED [31] MMR 12/2023 CIR 01/30/2024 [JOEL]
12565,09/23/2011,Regular,Accepted,SNPD (31) NULL AND VOID NOTED BY AGS PASCUA 09/23/11 PER RETRIEVED REPORTS OF 05/14/88 [ann]; 
12565,02/02/2015,Regular,Accepted,SNPD (31) 12/20/14 PER 2014 AR; PER MMR 12/20/14 - CIR. 02/20/15 [JEN];
12976,08/11/2017,Regular,Accepted,REST (31) PER MMR 07/15/17 - CIR. 07/30/17 [JEN];
12996,06/10/2011,Regular,Accepted,REST (31) 04/25/11 PER MMR 05/28/11 - CIR. 06/10/11 [ann]; 
12996,03/26/2013,Regular,Accepted,SNPD (31) 12/31/12 PER 2012 AR [JEN];
13010,04/01/2014,Regular,Accepted,REST (31) PER MMR 03/22/14 - CIR. 03/30/14 [JEN]; 
13010,03/14/2017,Regular,Accepted,UPDATE RECORD (CHANGE OF ADD) FOR GLP MEMBERS UPDATE FORM [JEN];
13010,03/14/2017,Regular,Accepted,UPDATE RECORD (ADD CHILD) FOR GLP MEMBERS UPDATE FORM [JEN];
13010,08/15/2019,Regular,Accepted,PM CERT (31) ISSUED PER SI NO.202448 DTD (03/02/19) (ANN)
13010,05/21/2021,Regular,Accepted,GLI [69] MY 2019-2021 ALEX
13010,05/26/2021,Regular,Accepted,DGL [MD- RIV ] MY 2021-2022 [JOEL]
13010,11/10/2022,Honorary,Accepted,HONORARY CERT ISSUED 10/20/2022 S.I NO. 220490 [JOEL] 
13010,06/07/2023,Regular,Accepted,GLI (448) MY 2022-2023 (SALVADOR)
13010,07/28/2023,Honorary,Accepted,HONORARY CERT ISSUED 07/04/2023 [JOEL]
13010,05/20/2024,Regular,Accepted,MM CERT ISSUED 04/01/2022; PROF EXAM 05/08/1989 [JOEL]
13010,02/06/2025,Regular,Accepted,"AS PER COMMITTEE ON GRIEVANCE REPORT, 93rd ANNUAL COMMUNICATION 2009 CAGAYAN DE ORO CITY, THE SUSPENSION OF THE RESPONDENT ARE HEREBY AFFIRMED. HOWEVER, THE ACCESSORY PENALTIES IMPOSED UPON HIM ARE NULLIFIED & SET ASIDE. [JOEL]"
13010,05/16/2025,Regular,Accepted,Gli [51 ] My 2023-2024 [April]
13010,05/17/2025,Regular,No Action,"DDGM, RIV CAVITE (EAST) MY 2025 - 2026"
13034,06/10/2011,Regular,Accepted,REST (31) 04/25/11 PER MMR 05/28/11 - CIR. 06/10/11 [ann]; 
13034,03/26/2013,Regular,Accepted,SNPD (31) 12/31/12 PER 2012 AR; PER MMR 02/23/13 [JEN];
13034,04/01/2014,Regular,Accepted,REST (31) PER MMR 03/22/14 - CIR. 03/30/14 [JEN]; 
13063,03/02/2010,Regular,Accepted,WM ELECT (31) 2009 PER UPDATED ER RCVD. 03/23/09 (ann03/02/10); 
13063,03/02/2010,Regular,Accepted,PM CERT (31) ISSUED PER OF # 90445 DTD 01/29/10 (ann03/02/10); 
13063,01/17/2023,Regular,Accepted,DECEASED [31] MMR 11/2022 CIR. 01/20/2023 [JOEL]
13064,08/10/2010,Regular,Accepted,REST (31) 12/31/09 PER MMR 07/24/10 - CIR. 08/10/10 (ann); 
13064,04/03/2012,Regular,Accepted,SNPD (31) PER 2011 AR [JEN];
13064,03/15/2014,Regular,Accepted,DECEASED (31) 08/30/13 PER 2013 AR [JEN]; 
13066,01/11/2018,Regular,Accepted,REST(31) MMR 02/25/17-CIR. 12/30/17(FOX)
13084,\N,Regular,Accepted,DECEASED RECD. NULL AND VOID PER LTR DTD 09/27/10 BY WB NESTOR PASTORAL (ann); 
13177,10/18/2013,Regular,Accepted,REST (31) PER MMR 09/28/13 - CIR. 10/10/13 [EN];
13177,01/05/2017,Regular,Accepted,SNPD (31) PER MMR 12/17/16 - CIR. 12/30/16 [JEN];
13227,03/26/2013,Regular,Accepted,SNPD (31) 12/31/12 PER 2012 AR; PER MMR 02/23/13 [JEN];
13263,05/17/2012,Regular,Accepted,DECEASED (31) PER MMR 03/24/12 - CIR. 05/10/12 [JEN];
13285,09/11/2010,Regular,Accepted,REST (31) 08/28/10 PER MMR 08/28/10 - CIR. 09/10/10 (ann); 
13285,03/06/2014,Regular,Accepted,SNPD (31) PER MMR 02/22/14 - CIR. 02/28/14 [JEN]; 
13343,07/02/2010,Regular,Accepted,REST (31) 04/10/10 PER MMR 04/10/10 - CIR. 05/20/10 (ann); 
13344,02/04/2013,Regular,Accepted,REST (31) PER MMR 11/24/12 - CIR. 01/30/13 [JEN];
13437,05/22/2017,Regular,Accepted,REST (31) PER MMR 04/22/17 - CIR. 04/30/17 [JEN];
13437,08/04/2017,Regular,Accepted,"MM CERT (31) ISSUED PER SI# 193225 DTD 06/09/17, PROF. EXM DTD 05/27/17 [JEN];"
13437,06/18/2018,Petitioner,No Action,RESTORED (31) PER A/R 2018
13503,08/04/2025,Regular,Accepted,RESTORED [ 31 ] MMR 06/2025 CIR 08/10/2025 [JOEL]
13526,07/14/2010,Regular,Accepted,REST (31) 05/08/10 PER MMR 05/08/10 - CIR. 05/30/10 (ann); 
13526,07/19/2013,Regular,Accepted,GLI (15) 2013 [hazel].;
13526,12/03/2013,Regular,Accepted,MEMBER (MASONIC COORDINATING COUNCIL) 2013 [JEN];
13526,\N,Regular,Accepted,PM Cert (31) Issued per SI#185953 dtd 05/13/16 [ann];
13526,05/31/2017,Regular,Accepted,DGL (MD RIV CAVITE-EAST) 2017 [JEN];
13530,\N,Regular,Accepted,SNPD (31) 12/16/10 PER MMR 12/16/10 - CIR. 03/20/11 (ann); 
13530,09/20/2011,Regular,Accepted,REST (31) 09/10/11 PER MMR 09/10/11 - CIR. 10/20/11 [ann]; 
13530,06/14/2012,Regular,Accepted,DEMITTED (31) PER MMR 05/26/12 - CIR. 06/10/12 [JEN];
13541,01/05/2017,Regular,Accepted,DECEASED (31) MAR 2015 PER MMR 12/17/16 - CIR. 12/30/16 [JEN];
13549,04/03/2012,Regular,Accepted,SNPD (31) PER 2011 AR [JEN];
13592,07/25/2024,Regular,Accepted,RESTORED [ 31 ] MMR 06/2024 CIR 07/30/2024 [JOEL]
13640,08/11/2010,Regular,Accepted,DECEASED 08/12/1963 PER UPDATE OF AAGM DIESTA (ann); 
13684,02/27/2015,Regular,Accepted,REST (31) PER MMR 01/24/15 - CIR. 02/20/15 [JEN];
18445,03/25/2010,Regular,Accepted,REST (51) 03/13/10 PER MMR 03/13/10 - CIR. 03/30/10 (ann03/25/10); 
18445,03/29/2023,Regular,Accepted,UPDATED ADDRESS PER RECEIVED GLP MEMBERS UPDATE FORM 03/29/2023 [JOEL]
21378,04/04/2012,Regular,Accepted,DECEASED (69) 2011 PER 2011 AR [JEN];
21391,02/12/2014,Regular,Accepted,SNPD (69) PER 2013 AR [JEN]; 
21400,09/25/2019,Regular,Accepted,"50 YEARS CERTIFICATE & PIN, APRON  APPROVED BY MW DANILO D. ANGELES, PGM, GRAND SECRETARY 09/23/19 [JOEL]"
21420,10/19/2020,Regular,Accepted,RESTORED [69] MMR 03/2020 CIR. 10/20/2020 [JOEL]
21420,07/25/2025,Regular,Accepted,DECEASED [ 69 ] PER MMR 06/2025 CIR 07/30/2025 [JOEL]
21450,03/14/2017,Regular,Accepted,LML CERT & PIN (69) ISSUED PER SI# 191498 DTD 03/08/17 [JEN];
21458,03/07/2022,Regular,Accepted,DECEASED [69] PER SUBMITTED LETTER DATED 03/02/2022 [JOEL]
21462,02/12/2014,Regular,Accepted,SNPD (69) PER 2013 AR [JEN]; 
21463,11/20/2020,Regular,Accepted,50 YEARS CERTIFICATE AND PIN ISUED 10/29/2020 S.I NO. 209745 [JOEL]
21486,\N,Regular,Accepted,LML CERT & PIN (69) ISSUED PER SI# 140915 DTD 03/08/11 [JEN];
21491,\N,Regular,Accepted,LML CERT & PIN (69) ISSUED PER SI# 140915 DTD 03/08/11 [JEN];
21495,02/12/2014,Regular,Accepted,DECEASED (69) PER 2013 AR [JEN]; 
21496,10/15/2010,Regular,Accepted,DECEASED (69) 08/23/10 PER MMR 09/04/10 - CIR. 10/10/10 (ann); -RE-PUBLISHED 01/30/11.
21497,\N,Regular,Accepted,LML CERT & PIN (69) ISSUED PER SI# 140915 DTD 03/08/11 [JEN];
21507,03/23/2012,Regular,Accepted,LML CERT & PIN (69) ISSUED PER SI # 1147138 DTD 01/12/12 [JEN];
21507,01/24/2013,Regular,Accepted,SNPD (69) PER 2012 AR [JEN];
21515,06/07/2023,Regular,Accepted,GLI (185) MY 2022-2023 (SALVADOR)
21526,\N,Regular,Accepted,SNPD (69) PER 2010 AR [ann]; 
21533,10/26/2016,Regular,Accepted,"MM CERT (69) ISSUED PER SI# 188577 DTD 10/10/16, PROF. EXM DTD 05/05/90 [ROSE];"
21735,04/16/2014,Regular,Accepted,DECEASED (69) PER MMR 03/01/14 - CIR. 04/20/14 [JEN]; 
21762,04/16/2015,Regular,Accepted,DECEASED (69) PER JAN 2015 - CIR. 03/30/15 [JEN];
21772,02/09/2023,Regular,Accepted,RESTORED [69] MMR 12/2022 CIR. 02/10/2023 [JOEL]
21776,02/09/2023,Regular,Accepted,DECEASED MMR 12/2022 [JOEL]
21777,02/12/2014,Regular,Accepted,SNPD (69) PER 2013 AR [JEN]; 
21777,03/21/2023,Regular,Accepted,DECEASED PER MMR 12/2022 [JOEL]
21783,02/12/2014,Regular,Accepted,SNPD (69) PER 2013 AR [JEN]; 
21791,01/24/2013,Regular,Accepted,SNPD (69) PER 2012 AR [JEN];
21792,03/07/2022,Regular,Accepted,DECEASED [69] PER SUBMITTED LETTER DATED 03/02/2022 [JOEL]
21808,03/14/2017,Regular,Accepted,LML CERT & PIN (69) ISSUED PER SI# 191498 DTD 03/08/17 [JEN];
21808,10/19/2020,Regular,Accepted,DECEASED [69] MMR 06/01/2020 CIR. 10/20/2020 [JOEL]
21815,02/12/2014,Regular,Accepted,DECEASED (69) PER 2013 AR [JEN]; 
21821,02/12/2014,Regular,Accepted,SNPD (69) PER 2013 AR [JEN]; 
21823,03/07/2022,Regular,Accepted,DECEASED [69] PER SUBMITTED LETTER DATED 03/02/2022 [JOEL]
21826,01/24/2013,Regular,Accepted,SNPD (69) PER 2012 AR [JEN];
21849,02/28/2020,Regular,Accepted,DECEASED [69] A/R 2019 [MON]
21857,06/07/2010,Regular,Accepted,SNPD (69) 12/31/09 PER MMR 03/06/10 - CIR. 05/10/10 (ann); 
21858,02/09/2019,Regular,Accepted,DECASED(69) MMR 10/20/18- CIR. 02/10/19 [JOEL]
21860,03/07/2022,Regular,Accepted,DECEASED [69] PER SUBMITTED LETTER DATED 03/02/2022 [JOEL]
21868,03/14/2017,Regular,Accepted,LML CERT & PIN (69) ISSUED PER SI# 191498 DTD 03/08/17 [JEN];
21868,11/11/2021,Regular,Accepted,DECEASED [69] MMR 08/2021 CIR. 11/20/2021 [JOEL]
21875,05/30/2015,Regular,Accepted,DECEASED (69) 11/13/14 PER 2014 AR [JEN];
23127,06/27/2019,Charter,Accepted,CM (448) 09/03/2018 (ANN)
23127,12/04/2020,Regular,Accepted,LML CERT AND PIN ISSUED 11/27/2020 S.I NO. 209637 [JOEL]
23127,05/26/2021,Regular,Accepted,DGL [MD- RIV ] MY 2021-2022 [JOEL]
23559,06/07/2010,Regular,Accepted,SNPD (69) 12/31/09 PER MMR 03/06/10 - CIR. 05/10/10 (ann); 
23561,\N,Regular,Accepted,LML CERT & PIN (69) ISSUED PER SI# 140915 DTD 03/08/11 [JEN];
23561,02/28/2020,Regular,No Action,DECEASED [69] MMR 11/19- CIR. 06/20/2020 [MON]
23576,02/12/2014,Regular,Accepted,SNPD (69) PER 2013 AR [JEN]; 
23576,09/23/2022,Regular,Accepted,"HIS SUSPENSION FOR NON PAYMENT OF DUES IS AN INJUSTICE, AN WAS DULY RECTIFIED PER LETTER OF MW DANILO D. ANGELES, PGM, GRAND SECRETARY DATED 03/25/2022 [JOEL]"
23582,02/12/2014,Regular,Accepted,DECEASED (69) PER 2013 AR [JEN]; 
23585,\N,Regular,Accepted,LML CERT & PIN (69) ISSUED PER SI# 140915 DTD 03/08/11 [JEN];
23585,03/01/2016,Regular,Accepted,DECEASED (69) 11/05/15 PER 2015 AR [JEN];
23585,03/16/2016,Regular,Accepted,DECEASED (69) PER MMR NOV 2015 - CIR. 02/20/16 [JEN];
23585,03/31/2016,Dual,Accepted,DECEASED (346) PER MMR 12/05/15 - CIR. 04/10/16 [JEN];
23585,08/22/2016,Regular,Accepted,DECEASED (346) 11/11/15 PER 2015 AR [MEL];
23588,01/24/2013,Regular,Accepted,DECEASED (69) PER 2012 AR; PER MMR 06/02/12 [JEN];
23591,03/07/2022,Regular,Accepted,DECEASED [69] PER SUBMITTED LETTER DATED 03/02/2022 [JOEL]
23617,01/24/2013,Regular,Accepted,SNPD (69) PER 2012 AR [JEN];
23622,05/12/2023,Regular,Accepted,DECEASED  [69] MMR 03/2023 CIR. 05/20/2023 [JOEL]
23624,02/12/2014,Regular,Accepted,DECEASED (69) PER 2013 AR [JEN]; 
23625,07/17/2013,Regular,Accepted,DECEASED (69) PER MMR 05/04/13 - CIR. 07/10/13 [JEN];
23634,02/12/2014,Regular,Accepted,DECEASED (69) PER 2013 AR [JEN]; 
23636,03/07/2022,Regular,Accepted,DECEASED [69] PER SUBMITTED LETTER DATED 03/02/2022 [JOEL]
23638,03/07/2022,Regular,Accepted,DECEASED [69] PER SUBMITTED LETTER DATED 03/02/2022 [JOEL]
23652,11/05/2013,Regular,Accepted,REST (69) PER MMR 09/07/13 - CIR. 10/30/13 [JEN];
23652,11/20/2020,Regular,Accepted,50 YEARS CERTIFICATE AND PIN ISUED 10/29/2020 S.I NO. 209745 [JOEL]
23658,03/14/2017,Regular,Accepted,LML CERT & PIN (69) ISSUED PER SI# 191498 DTD 03/08/17 [JEN];
23675,05/16/2025,Regular,Accepted,"50 YEARS VCERT, APRON & PIN ISSUED 01/31/2025 [JOEL]"
23676,11/20/2020,Regular,Accepted,50 YEARS CERTIFICATE AND PIN ISUED 10/29/2020 S.I NO. 209745 [JOEL]
23679,02/12/2014,Regular,Accepted,SNPD (69) PER 2013 AR [JEN]; 
23679,02/12/2014,Regular,Accepted,SNPD (69) PER 2013 AR [JEN]; 
23684,02/09/2019,Regular,Accepted,DECASED(69) MMR05/05/18- CIR. 02/10/19 [JOEL]
23688,02/12/2014,Regular,Accepted,DECEASED (69) PER 2013 AR [JEN]; 
23696,09/09/2019,Regular,Accepted,LML CERT & PIN (69) ISSUED PER SI NO. 205182 DTD (08/30/19) (ANN)
23696,11/20/2020,Regular,Accepted,50 YEARS CERTIFICATE AND PIN ISUED 10/29/2020 S.I NO. 209745 [JOEL]
23716,03/14/2017,Regular,Accepted,LML CERT & PIN (69) ISSUED PER SI# 191498 DTD 03/08/17 [JEN];
23716,05/30/2023,Regular,Accepted,DECEASED [69] MMR 04/2023 CIR. 05/30/2023  [JOEL]
23717,09/15/2011,Regular,Accepted,Grand Pursuivant 2011 [jen];  MEMBER (COMM. ON CAVITE AFFAIRS) 2011 [ROSE];
23717,03/23/2012,Regular,Accepted,LML CERT & PIN (69) ISSUED PER SI # 147138 DTD 01/12/12 [JEN];
23717,06/11/2018,Regular,Accepted,MEMBER-COM. ON NECROLOGY 2018
23717,08/19/2019,Regular,Accepted,CHAIRMAN- COMMITTEE ON NECROLOGY 2019 (ANN)
23717,06/13/2023,Regular,Accepted,CHAIRMAN COMMITTEE ON NECROLOGY MY 2023-2024 (SALVADOR)
23717,05/16/2025,Regular,No Action,"CHAIRMAN, COMMITTEE ON NECROLOGY, MY - 2024 - 2025"
23720,02/12/2014,Regular,Accepted,SNPD (69) PER 2013 AR [JEN]; 
23741,04/16/2015,Regular,Accepted,DECEASED (69) PER FEB 2015 - CIR. 03/30/15 [JEN];
23742,02/09/2019,Regular,Accepted,DECASED(69) MMR 12/01/18- CIR. 02/10/19 [JOEL]
23748,06/07/2010,Regular,Accepted,SNPD (69) 12/31/09 PER MMR 03/06/10 - CIR. 05/10/10 (ann); 
23748,06/19/2013,Regular,Accepted,REST (69) PER MMR 06/02/12 - CIR. 06/20/13 [JEN];
24478,05/15/2012,Regular,Accepted,LML cert. & pin (51) issued per S.I.#148609  dtd 03.01.12(jho);
24489,10/11/2011,Regular,Accepted,DECEASED (51) PER MMR 06/11/11 - CIRC. 07/10/11 [JEN];
24491,03/01/2012,Regular,Accepted,SNPD (51) PER MMR 12/10/11 - CIR. 02/10/12 [ann]; 
24495,03/13/2017,Regular,Accepted,DECEASED (51) PER MMR 12/10/16 - CIR. 03/20/17 [JEN];
24496,03/13/2017,Regular,Accepted,DECEASED (51) PER MMR 12/10/16 - CIR. 03/20/17 [JEN];
24522,03/01/2012,Regular,Accepted,SNPD (51) PER MMR 12/10/11 - CIR. 02/10/12 [ann]; 
24536,03/13/2017,Regular,Accepted,DECEASED (51) PER MMR 12/10/16 - CIR. 03/20/17 [JEN];
24550,12/27/2013,Regular,Accepted,DECEASED (51) PER MMR 12/14/13 - CIR. 12/30/13 [JEN];
24559,03/13/2017,Regular,Accepted,DECEASED (51) PER MMR 12/10/16 - CIR. 03/20/17 [JEN];
24565,03/13/2017,Regular,Accepted,DECEASED (51) PER MMR 12/10/16 - CIR. 03/20/17 [JEN];
24572,05/23/2012,Regular,Accepted,DECEASED (51) PER MMR 02/11/12 - CIR. 05/20/12 [JEN];
24575,05/15/2012,Regular,Accepted,LML cert. & pin (51) issued per S.I.#148609  dtd 03.01.12(jho);
24578,01/13/2015,Regular,Accepted,"LML CERT & PIN (51) ISSUED PER SI# 175199 DTD 08/20/14; APPROVED OPINION NO. 5 SERIES OF 1987, COMMITTEE ON JURISPRUDENCE CHAIRED & WRITTEN BY THE CHAIRMAN MW PUNO APPEARING ON THE 72ND ANCOM IN 1988 [JEN];"
24578,03/13/2017,Regular,Accepted,DECEASED (51) PER MMR 12/10/16 - CIR. 03/20/17 [JEN];
24593,04/04/2019,Regular,Accepted,"SUSPENSION NULL AND VOID PER APROVAL OF GRAND MASTER MW ROMEO S. MOMO ATTESTED BY MW DANILO D. ANGELES, PGM GRAND SECRETARY PER LETTER DTD. MARCH 27, 2019 [JOEL]"
24593,02/27/2020,Regular,Accepted,RESTORED [51] A/R 2019 [MON]
24593,01/29/2021,Regular,Accepted,50 YEAR CERT AND PIN ISSUED 01/28/2021 [JOEL]
24600,03/13/2013,Regular,Accepted,DECEASED (51) DEC 2012 per 2012 ar [jho];
24634,01/21/2015,Regular,Accepted,DECEASED (51) 08/01/14 PER 2014 AR [JEN];
24640,07/17/2014,Regular,Accepted,LML CERT & PIN (51) ISSUED PER SI# 174097 DTD 06/05/14 [JEN];
24640,01/08/2019,Regular,Accepted,DECEASED(51) MMR 09/08/18- CIR. 01/10/19 [JOEL]
24643,08/05/2019,Regular,Accepted,RESTORED [51] MMR 05/18/19- CIR. 08/10/19 [JOEL]
24649,06/19/2013,Regular,Accepted,LML CERT. & PIN (51) ISSUED PER SI#158741 DTD 05/08/13 [DARIO]:
24649,07/04/2014,Regular,Accepted,MM CERT (51) ISSUED PER SI# 174092 DTD 06/05/14 [JEN];
24649,08/30/2024,Regular,Accepted,"LML CERT, PIN & APRON ISSUED 07/26/2024 [JOEL]"
24657,09/01/2014,Regular,Accepted,REST (51) PER MMR 07/12/14 - CIR. 08/20/14 [JEN];
24657,01/21/2016,Regular,Accepted,SNPD (51) PER MMR 11/14/15 - CIR. 12/10/15 [JEN];
24657,09/10/2020,Regular,Accepted,EXPELLED [51] PER MMR DTD. 12/14/2019- CIR. 09/10/2020 [JOEL]
24665,07/04/2014,Regular,Accepted,MM CERT (51) ISSUED PER SI# 174092 DTD 06/05/14 [JEN];
24665,08/26/2016,Regular,Accepted,50 YRS. CERT & PIN (51) PER LODGE RES. NO. 01-2016 DTD 01/09/16 [MEL];
24671,04/03/2017,Regular,Accepted,"DECEASED (51) PER MMR 12/10/16 - CIR, 03/20/17 [JEN];"
24677,05/15/2012,Regular,Accepted,LML cert. & pin (51) issued per S.I.#148609  dtd 03.01.12(jho);
24677,07/04/2014,Regular,Accepted,MM CERT (51) ISSUED PER SI# 174092 DTD 06/05/14 [JEN];
24677,06/30/2015,Regular,Accepted,DECEASED (51) PER MMR 05/09/15 - CIR. 06/20/15 [JEN];
24693,03/13/2017,Regular,Accepted,DECEASED (51) PER MMR 12/10/16 - CIR. 03/20/17 [JEN];
24698,01/13/2015,Regular,Accepted,"LML CERT & PIN (51) ISSUED PER SI# 175199 DTD 08/20/14; APPROVED OPINION NO. 5 SERIES OF 1987, COMMITTEE ON JURISPRUDENCE CHAIRED & WRITTEN BY THE CHAIRMAN MW PUNO APPEARING ON THE 72ND ANCOM IN 1988 [JEN];"
24701,\N,Regular,Accepted,REST PER MMR 01/08/11 - CIR. 02/20/11 (ann); 
24728,03/13/2017,Regular,Accepted,DECEASED (51) PER MMR 12/10/16 - CIR. 03/20/17 [JEN];
24732,\N,Regular,Accepted,REST PER MMR 01/08/11 - CIR. 02/20/11 (ann); 
24732,01/13/2015,Regular,Accepted,"LML CERT & PIN (51) ISSUED PER SI# 175199 DTD 08/20/14; APPROVED OPINION NO. 5 SERIES OF 1987, COMMITTEE ON JURISPRUDENCE CHAIRED & WRITTEN BY THE CHAIRMAN MW PUNO APPEARING ON THE 72ND ANCOM IN 1988 [JEN];"
24749,08/25/2011,Regular,Accepted,DECEASED (51) 07/18/11 PER MMR 08/13/11 - CIR. 09/20/11 [ann];
24761,03/13/2017,Regular,Accepted,SNA (51) PER MMR 12/10/16 - CIR. 03/20/17 [JEN];
24770,01/21/2016,Regular,Accepted,SNPD (51) PER MMR 11/14/15 - CIR. 12/10/15 [JEN];
24771,12/20/2022,Regular,Accepted,SNPD [51] MMR 11/2022 CIR. 12/20/2022 [JOEL]
24771,05/10/2023,Regular,Accepted,RESTORED [ 51 ] MMR 01/2023 CIR. 05/10/2023 [JOEL]
24773,06/04/2024,Regular,Accepted,"LML CERT, PIN & APRON  ISSUED 06/01/2024 [JOEL]"
24774,02/27/2020,Regular,Accepted,DECEASED [51] MMR 12/14/19- CIR. 02/29/2020 [JOEL]
24785,10/02/2012,Regular,Accepted,"REST (51) PER LODGE RES. NO. 07-2012 DTD 07/20/12, GLP RCVD 08/22/12 APRVD BY GS ANGELES 09/20/12 [JEN];"
24785,11/05/2012,Regular,Accepted,RESTORED PER MMR 07/14/12 - CIR. 10/20/12 [JEN];
24785,01/13/2015,Regular,Accepted,"LML CERT & PIN (51) ISSUED PER SI# 175199 DTD 08/20/14; APPROVED OPINION NO. 5 SERIES OF 1987, COMMITTEE ON JURISPRUDENCE CHAIRED & WRITTEN BY THE CHAIRMAN MW PUNO APPEARING ON THE 72ND ANCOM IN 1988 [JEN];"
24785,01/21/2016,Regular,Accepted,DECEASED (51) PER MMR 10/10/15 - CIR. 12/10/15 [JEN];
24790,07/04/2014,Regular,Accepted,MM CERT (51) ISSUED PER SI# 174092 DTD 06/05/14 [JEN];
24790,02/10/2022,Regular,Accepted,DECEASED [51] MMR 07/2021 CIR. 02/10/2022  [JOEL]
24791,\N,Regular,Accepted,REST. (51) DEC 2009 PER MMR 07/09/11 - CIRC 07/30/11 [JEN];
24791,02/01/2014,Regular,Accepted,SNPD (51) PER MMR 01/11/14 - CIR. 01/30/14 [JEN]; 
24815,06/25/2014,Regular,Accepted,DECEASED (51) PER MMR 06/13/14 - CIR. 06/20/14 [JEN];
24819,05/15/2012,Regular,Accepted,LML cert. & pin (51) issued per S.I.#148609  dtd 03.01.12(jho);
24819,02/27/2020,Regular,Accepted,DECEASED [51] MMR 12/14/19- CIR. 02/29/2020 [JOEL]
24829,02/15/2010,Regular,Accepted,REST (51) 01/09/10 PER MMR 01/09/10 - CIR. 02/20/10 (ann02/15/10); 
24829,03/11/2013,Regular,Accepted,SNPD (51) PER MMR 01/12/13 - CIR. 02/28/13 [JEN];
24830,\N,Regular,Accepted,REST PER MMR 01/08/11 - CIR. 02/20/11 (ann); 
24830,03/13/2017,Regular,Accepted,SNPD (51) PER MMR 12/10/16 - CIR. 03/20/17 [JEN];
24830,08/30/2018,Regular,Accepted,REST(51) MMR 01/13/18- CIR. 08/30/18(JOEL)
24830,10/27/2023,Regular,Accepted,DECEASED [51] MMR 09/2023  CIR 10/30/2023 [JOEL]
24841,\N,Regular,Accepted,LML CERT & PIN (51) ISSUED PER SI# 140930 DTD 03/08/11 [JEN];
24845,03/01/2012,Regular,Accepted,SNPD (51) PER MMR 12/10/11 - CIR. 02/10/12 [ann]; 
24846,07/04/2014,Regular,Accepted,MM CERT (51) ISSUED PER SI# 174092 DTD 06/05/14 [JEN];
24846,10/13/2020,Regular,Accepted,DECEASED [51] PER SUBMITTED LIST OF ACTIVE MEMBER/ MMR 10/10/2020 -CIR 02/10/2021[JOEL]
24854,12/16/2019,Regular,Accepted,SNPD [51] MMR 09/14/19- CIR. 12/20/19 [JOEL]
24854,02/27/2020,Regular,Accepted,SNPD [51] A/R 2019 [MON]
24861,02/01/2014,Regular,Accepted,SNPD (51) PER MMR 01/11/14 - CIR. 01/30/14 [JEN]; 
24862,10/02/2012,Regular,Accepted,"REST (51) PER LODGE RES. NO. 07-2012 DTD 07/20/12, GLP RCVD 08/22/12 APRVD BY GS ANGELES 09/20/12 [JEN];"
24862,11/05/2012,Regular,Accepted,RESTORED PER MMR 07/14/12 - CIR. 10/20/12 [JEN];
24862,01/13/2015,Regular,Accepted,"LML CERT & PIN (51) ISSUED PER SI# 175199 DTD 08/20/14; APPROVED OPINION NO. 5 SERIES OF 1987, COMMITTEE ON JURISPRUDENCE CHAIRED & WRITTEN BY THE CHAIRMAN MW PUNO APPEARING ON THE 72ND ANCOM IN 1988 [JEN];"
24871,05/23/2012,Regular,Accepted,DECEASED (51) PER MMR 02/11/12 - CIR. 05/20/12 [JEN];
24873,\N,Regular,Accepted,REST PER MMR 01/08/11 - CIR. 02/20/11 (ann); 
24880,11/14/2012,Regular,Accepted,DECEASED (51) PER MMR 08/11/12 - CIR. 10/30/12 [JEN];
24888,03/11/2013,Regular,Accepted,SNPD (51) PER MMR 01/12/13 - CIR. 02/28/13 [JEN];
24889,03/11/2013,Regular,Accepted,SNPD (51) PER MMR 01/12/13 - CIR. 02/28/13 [JEN];
24900,12/06/2013,Regular,Accepted,DECEASED (51) PER LODGE SOA 2013 REPORTED BY LODGE SEC MACION [JEN];
24900,12/27/2013,Regular,Accepted,DECEASED (51) PER MMR 12/14/13 - CIR. 12/30/13 [JEN];
24917,02/01/2014,Regular,Accepted,DECEASED (51) PER MMR 01/11/14 - CIR. 01/30/14 [JEN]; 
24954,03/13/2017,Regular,Accepted,SNA (51) PER MMR 12/10/16 - CIR. 03/20/17 [JEN];
24954,01/20/2025,Regular,Accepted,DECEASED [ 51 ] MMR 12/2024 CIR 01/20/2025 [JOEL]
24956,06/19/2013,Regular,Accepted,LML CERT. & PIN (51) ISSUED PER SI#158741 DTD 05/08/13 [DARIO]:
24956,03/13/2017,Regular,Accepted,DECEASED (51) PER MMR 12/10/16 - CIR. 03/20/17 [JEN];
24961,06/25/2014,Regular,Accepted,DECEASED (51) PER MMR 06/13/14 - CIR. 06/20/14 [JEN];
24962,01/21/2015,Regular,Accepted,SNPD (51) 12/16/14 PER 2014 AR; PER MMR 12/13/14 - CIR. 02/10/14 [JEN];
24976,07/04/2014,Regular,Accepted,MM CERT (51) ISSUED PER SI# 174092 DTD 06/05/14 [JEN];
24989,02/15/2010,Regular,Accepted,REST (51) 01/09/10 PER MMR 01/09/10 - CIR. 02/20/10 (ann02/15/10); 
24989,12/20/2022,Regular,Accepted,SNPD [51] MMR 11/2022 CIR. 12/20/2022 [JOEL]
24993,04/03/2014,Regular,Accepted,REST (51) PER MMR 03/08/14 - CIR. 04/10/14 [JEN]; 
24993,12/16/2019,Regular,Accepted,SNPD [51] MMR 09/14/19- CIR. 12/20/19 [JOEL]
24998,08/30/2024,Regular,Accepted,"LML CERT, PIN & APRON ISSUED 07/23/2024 [JOEL]"
25006,10/11/2011,Regular,Accepted,DECEASED (51) PER MMR 06/11/11 - CIRC. 07/10/11 [JEN];
25008,02/01/2014,Regular,Accepted,REST (51) PER MMR 01/11/14 - CIR. 01/30/14 [JEN]; 
25012,10/11/2011,Regular,Accepted,DECEASED (51) PER MMR 06/11/11 - CIRC. 07/10/11 [JEN];
25017,10/11/2011,Regular,Accepted,DECEASED (51) PER MMR 06/11/11 - CIRC. 07/10/11 [JEN];
25034,03/13/2017,Regular,Accepted,DECEASED (51) PER MMR 12/10/16 - CIR. 03/20/17 [JEN];
25047,07/23/2010,Regular,Accepted,DECEASED (51) 07/04/10 - CIR. 07/20/10 (ann); 
25048,12/06/2013,Regular,Accepted,DECEASED (51) PER LODGE SOA 2013 REPORTED BY LODGE SEC MACION [JEN];
25048,12/27/2013,Regular,Accepted,DECEASED (51) PER MMR 12/14/13 - CIR. 12/30/13 [JEN];
25050,12/06/2013,Regular,Accepted,DECEASED (51) PER LODGE SOA 2013 REPORTED BY LODGE SEC MACION [JEN];
25050,12/27/2013,Regular,Accepted,DECEASED (51) PER MMR 12/14/13 - CIR. 12/30/13 [JEN];
25051,10/11/2011,Regular,Accepted,DECEASED (51) PER MMR 06/11/11 - CIRC. 07/10/11 [JEN];
25055,12/27/2013,Regular,Accepted,DECEASED (51) PER MMR 12/14/13 - CIR. 12/30/13 [JEN];
25058,07/04/2014,Regular,Accepted,MM CERT (51) ISSUED PER SI# 174092 DTD 06/05/14 [JEN];
25058,06/01/2019,Regular,Accepted,"HIRAM MEDAL AWARD APPROVED BY MW DANILO D. ANGELES, PGM, GRAND SECRETARY DTD. 05/31/19 [JOEL]"
25073,03/11/2013,Regular,Accepted,SNPD (51) PER MMR 01/12/13 - CIR. 02/28/13 [JEN];
25074,\N,Regular,Accepted,REST PER MMR 01/08/11 - CIR. 02/20/11 (ann); 
25074,01/13/2015,Regular,Accepted,"LML CERT & PIN (51) ISSUED PER SI# 175199 DTD 08/20/14; APPROVED OPINION NO. 5 SERIES OF 1987, COMMITTEE ON JURISPRUDENCE CHAIRED & WRITTEN BY THE CHAIRMAN MW PUNO APPEARING ON THE 72ND ANCOM IN 1988 [JEN];"
25076,08/14/2010,Regular,Accepted,REST (51) 06/12/10 PER MMR 06/12/10 - CIR. 06/30/10 (ann); 
25076,12/27/2013,Regular,Accepted,DECEASED (51) PER MMR 11/09/13 - CIR. 12/30/13 [JEN];
25081,03/10/2025,Regular,Accepted,DECEASED PER 2024 A/R [JOEL]
25087,08/25/2011,Regular,Accepted,DECEASED (51) 07/18/11 PER MMR 08/13/11 - CIR. 09/20/11 [ann];
29032,08/27/2016,Regular,Accepted,PM CERT (346) ISSUED PER SI# 186016 DTD 05/16/16 [MEL];
32235,07/10/2024,Regular,Accepted,DECEASED [ 51 ] MMR 06/2024 CIR 07/10/2024 [JOEL]
32452,05/25/2010,Regular,Accepted,REST (51) PER EDICT # 233-I OF MW RAZON (ann05/25/10); 
32452,02/22/2014,Regular,Accepted,DECEASED (51) 12/07/13 PER 2013 AR [JEN]; 
32455,\N,Regular,Accepted,REST. (51) DEC 2009 PER MMR 07/09/11 - CIRC 07/30/11 [JEN];
32455,02/01/2014,Regular,Accepted,SNPD (51) PER MMR 01/11/14 - CIR. 01/30/14 [JEN]; 
32456,09/20/2011,Regular,Accepted,dgl (riv-a1) 2011 [jen];
32456,06/19/2013,Regular,Accepted,LML CERT. & PIN (51) ISSUED PER SI#158741 DTD 05/08/13 [DARIO]:
32456,07/04/2014,Regular,Accepted,MM CERT (51) ISSUED PER SI# 174092 DTD 06/05/14 [JEN];
32457,\N,Regular,Accepted,DECEASED 02/12/11 PER MMR 02/12/11 - CIR. 05/30/11 [ann]; 
32459,02/12/2014,Regular,Accepted,LML CERT. & PIN (51) ISSUED PER SI# 152583 DTD 09/25/12 [JEN]; 
32459,10/15/2018,Regular,Accepted,DECEASED(51) MMR  08/04/18- CIR. 10/20/18{JOEL}
49899,12/03/2013,Regular,Accepted,MEMBER (COMMITTEE ON RITUAL AND WORKS) 2013 [JEN];
49899,03/14/2017,Regular,Accepted,LML CERT & PIN (69) ISSUED PER SI# 191498 DTD 03/08/17 [JEN];
49899,10/21/2020,Regular,Accepted,RE-ISSUANCE LML CERT AND PIN ISSUED 09/14/2020 S.I NO. 209239 [JOEL]
49901,03/07/2022,Regular,Accepted,DECEASED [69] PER SUBMITTED LETTER DATED 03/02/2022 [JOEL]
56846,10/21/2020,Regular,Accepted, LML CERT AND PIN ISSUED 09/14/2020 S.I NO. 209239 [JOEL]
56847,10/21/2020,Regular,Accepted, LML CERT AND PIN ISSUED 09/14/2020 S.I NO. 209239 [JOEL]
57409,03/01/2010,Regular,Accepted,LML CERT (51) ISSUED PER OF # 90369 DTD 01/06/10 (ann03/01/10); 
57414,\N,Regular,Accepted,SNPD 12/11/10 PER MMR 12/11/10 - CIR. 02/20/11 (ann); 
57416,10/11/2011,Petitioner,Petitioner,DECEASED (51) PER MMR 06/11/11 - CIRC. 07/10/11 [JEN];
57426,04/05/2010,Regular,Accepted,UPDATE MARITAL STATUS PER MARRIAGE CERT. REG. #9806290 (ann04/05/10); 
57426,07/04/2014,Regular,Accepted,MM CERT (51) ISSUED PER SI# 174092 DTD 06/05/14 [JEN];
57426,03/13/2017,Regular,Accepted,SNA (51) PER MMR 12/10/16 - CIR. 03/20/17 [JEN];
57426,07/06/2017,Regular,Accepted,REST (51) PER MMR 04/01/17 - CIR. 06/30/17 [JEN];
57432,03/11/2013,Regular,Accepted,SNPD (51) PER MMR 01/12/13 - CIR. 02/28/13 [JEN];
57437,10/17/2013,Regular,Accepted,REST (51) PER LODGE RES.NO. 09-2013 APPRVD BY AGS LIBERATO 10/10/13 [JEN];
57437,03/08/2016,Regular,Accepted,DECEASED (51) PER MMR 01/19/16 - CIR. 02/10/16 [JEN];
58007,10/21/2020,Regular,Accepted, LML CERT AND PIN ISSUED 09/14/2020 S.I NO. 209239 [JOEL]
58398,04/26/2016,Regular,Accepted,REST (31) PER MMR 03/19/16 - CIR. 04/20/16 [JEN];
58398,03/14/2017,Regular,Accepted,UPDATE RECORD (CHANGE OF ADD) FOR GLP MEMBERS UPDATE FORM [JEN];
58398,03/14/2017,Regular,Accepted,UPDATE RECORD (ADD CHILD) FOR GLP MEMBERS UPDATE FORM [JEN];
58725,05/22/2014,Regular,Accepted,DGL (RIV-A1) 2014 [JEN];
58725,05/15/2017,Regular,Accepted,DDGM (MD RIV CAVITE - EAST) 2017 [JEN];
58725,06/13/2018,Regular,Accepted,GLI(352)2018 JOEL 
58725,06/13/2018,Regular,Accepted,GLI(352)2018 JOEL 
58725,07/19/2018,Regular,Accepted,HIRAM(51) APPROVED BY MW DANILO D. ANGELES GRAND SEC. DTD 07/17/18 [MENG]
58725,06/01/2019,Regular,Accepted,"HIRAM MEDAL AWARD APPROVED BY MW DANILO D. ANGELES, PGM, GRAND SECRETARY DTD. 05/31/19 [JOEL]"
58725,06/27/2019,Charter,Accepted,CM (448) 09/03/2018 (ANN)
58725,01/05/2021,Regular,Accepted,LML CERT ISSUED 12/29/2020 S.I NO. 210491 [JOEL]
58725,03/02/2023,Dual,Accepted,DEMITTED PER 2022 A/R [JOEL] MMR 02/2022 CIR. 03/10/2023
58725,10/18/2023,Honorary,Accepted,HONORARY CERT ISSUED 07/04/2023 [JOEL]
58957,06/07/2010,Regular,Accepted,SNPD (69) 12/31/09 PER MMR 03/06/10 - CIR. 05/10/10 (ann); 
58957,08/07/2019,Regular,Accepted,RESTORED [69 ] MMR 05/04/19- CIR. 08/10/19 [JOEL]
58983,01/04/2023,Regular,Accepted,LML CERT PIN AND APRON ISSUED 11/21/2022 S.I NO. 221086 [JOEL]
58985,12/20/2022,Regular,Accepted,RESTORED [51] MMR 11/2022 CIR. 12/20/2022 [JOEL]
59064,02/02/2015,Regular,Accepted,SNPD (31) 12/20/14 PER 2014 AR; PER MMR 12/20/14 - CIR. 02/20/15 [JEN];
59092,06/07/2010,Regular,Accepted,SNPD (69) 12/31/09 PER MMR 03/06/10 - CIR. 05/10/10 (ann); 
59093,\N,Regular,Accepted,SNPD 12/11/10 PER MMR 12/11/10 - CIR. 02/20/11 (ann); 
59253,12/21/2016,Regular,Accepted,MM CERT (15) ISSUED PER SI# 189511 DTD 12/02/16 [NAZ];
59253,03/16/2022,Regular,Accepted,LML CERT AND PIN & APRON ISSUED 03/09/2022 S.I NO. 216044 [JOEL]
59281,12/09/2014,Regular,Accepted,REST (31) PER MMR 11/15/14 - CIR. 11/30/14 [JEN];
59281,11/27/2024,Regular,Accepted,UPDATED ADDRESS & CHILDREN PER GLP DATA MAMBER DATA UPDATE FORM RECEIVED 11/27/2024 [JOEL]
59413,11/26/2010,Regular,Accepted,DECEASED (51) 11/04/10 PER MMR 11/13/10 - CIR. 11/30/10 (ann); [SNPD]
59639,07/20/2015,Regular,Accepted,REST (15) PER MMR 04/11/15 - CIR. 07/10/15 [JEN];
59921,11/04/2015,Regular,Accepted,UPDATE RECROD (CHANGE OF ADD) PER GLP UPDATE FORM [JEN];
59921,03/13/2017,Regular,Accepted,DECEASED (51) PER MMR 12/10/16 - CIR. 03/20/17 [JEN];
59927,09/01/2023,Regular,Accepted,LML CERT PIN & APRON ISSUED 05/05/2023 [JOEL]
60076,05/31/2017,Regular,Accepted,"MM CERT (31) ISSUED PER SI# 192778 DTD 05/10/17, PROF. EXM DTD 07/14/17 [JHEZ];"
60081,03/02/2010,Regular,Accepted,JW (31) 2009 PER UPDATED ER RCVD. 03/23/09 (ann03/02/10); 
60081,10/23/2015,Regular,Accepted,MM CERT (31) ISSUED PER SI# 180589 DTD 05/26/15 [JEN];
60081,07/08/2025,Regular,Accepted,UPDATED ADDRESS PER GLP MEMBER DATA UPDATE FORM RECEIVED 07/07/2025 [JOEL]
60182,03/26/2013,Regular,Accepted,SNPD (31) 12/31/12 PER 2012 AR; PER MMR 02/23/13 [JEN];
60182,10/18/2013,Regular,Accepted,REST (31) PER MMR 09/28/13 - CIR. 10/10/13 [EN];
60281,05/12/2022,Regular,Accepted,RESTORED [31] PER 2021 A/R [JOEL]
60282,03/02/2010,Regular,Accepted,SW (31) 2009 PER UPDATED ER RCVD. 03/23/09 (ann03/02/10); 
60282,\N,Regular,Accepted,SNPD (31) 12/16/10 PER MMR 12/16/10 - CIR. 03/20/11 (ann); 
60282,09/22/2015,Regular,Accepted,REST (31) PER MMR 08/22/15 - CIR. 08/30/15 [JEN];
60807,02/19/2014,Regular,Accepted,DEMIT (31) PER MMR 01/25/14 - CIR. 02/20/14 [JEN]; 
60808,09/24/2024,Regular,Accepted,"SUSPENSION NULLIFIED PER RECOMMENDATION OF MW DANILO D. ANGELES, PGM, GRAND SECRETARY DATED 12/27/2023 APPROVED BY MW DRU DATED 01/16/2024 [JOEL]"
60808,11/28/2024,Regular,Accepted,"LML CERT, ARON & PIN ISSUED 11/19/2024 [JOEL]"
60808,05/16/2025,Regular,Accepted,Gli [260] My 2023-2024 [April]
60809,09/28/2017,Regular,Accepted,UPDATE RECRD. PER GLP UPDATE FORM RECVD. 09/28/17 [JHEZ];
60809,06/28/2018,Regular,Accepted,PM CERT(31) ISSUED# 196558DTD 02/01/18(MENG)
60809,09/14/2023,Regular,Accepted,"LML CERT, PIN & APRON ISSUED 09/01/2023 [JOEL]"
60809,11/13/2023,Regular,Accepted,UPDATED RECORD [WIFE] PER RECEIVED GLP MEMBER DATA UPDATE FORM 11/13/2023 WITH ATTACHED COURT DECISION OF NULL OR VOID OF MARRIAGE [JOEL]
61229,02/18/2022,Regular,Accepted,RESTORED [15] MMR 12/04/2021 CIR. 02/20/2022 [JOEL]
61453,03/02/2010,Regular,Accepted,PM CERT (31) 2006 ISSUED PER OF # 90445 DTD 01/29/10 (ann03/02/10); 
61453,05/15/2012,Regular,Accepted,District Grand Lecturer (RIV-A1) 2012 [jho];
61453,06/01/2016,Regular,Accepted,DDGM (RIV-A1) 2016 [ann];
61453,08/17/2019,Regular,Accepted,PM CERT (31) ISSUED PER SI NO. 201791 (11/28/   ) (ANN)
61453,06/14/2021,Regular,Accepted,MEMBER COMMITTEE ON JURISPRUDENCE MY 2021-2022 [ALEX]
61453,06/14/2021,Regular,Accepted,"TECHNICAL WORKING GROUP COMMITTEE ON ADMINISTRATION OF LODGES, RETURNS AND CHARTERS MY 2021-2022 [ALEX]"
61453,06/14/2021,Regular,Accepted,ALTERNANTE MEMBER COMMITTEE ON GRIEVANCES MY 2021-2022 [ALEX]
61453,06/13/2023,Regular,Accepted,MEMBERS COMMITTEE ON PRELIMINARY INVESTIGATION MY 2023-2024 (SALVADOR)
61453,12/06/2024,Regular,Accepted,MEMBER- COMMITTEE ON GRIEVANCE - MY 2024-2025 [JOEL]
61561,02/02/2015,Regular,Accepted,SNPD (31) 12/20/14 PER 2014 AR; PER MMR 12/20/14 - CIR. 02/20/15 [JEN];
61953,03/26/2013,Regular,Accepted,SNPD (31) 12/31/12 PER 2012 AR; PER MMR 02/23/13 [JEN];
61966,03/11/2013,Regular,Accepted,REST (51) PER MMR 12/08/12 - CIR. 02/28/13 [JEN];
61966,01/21/2016,Regular,Accepted,SNPD (51) PER MMR 11/14/15 - CIR. 12/10/15 [JEN];
61966,06/27/2019,Regular,Accepted,RESTORED [51] MMR 04/13/19 - CIR. 06/30/19 [JOEL]
61968,08/30/2024,Regular,Accepted,"LML CERT, PIN & APRON ISSUED 07/23/2024 [JOEL]"
61988,07/03/2024,Regular,Accepted,MM CERT ISSUED 06/13/2024; PROF EXAM 03/02/2024 [JOEL]
61988,05/16/2025,Regular,Accepted,"LML CERT, APRON & PIN ISSUED 01/25/2025 [JOEL]"
62020,11/21/2014,Petitioner,No Action,ML (31) OR# 155269 - CIR. 11/20/14 [JEN];
62020,02/27/2015,Petitioner,No Action,INITIATED & PASSED (31) PER MMR 01/24/15 [JEN];
62020,03/23/2015,Regular,Accepted,RAISED (31) PER MMR 02/28/15 - CIR. 03/10/15 [JEN];
62020,10/23/2015,Regular,Accepted,MM CERT (31) ISSUED PER SI# 180589 DTD 05/26/15 [JEN];
62020,05/26/2021,Regular,Accepted,DGL [MD- RIV ] MY 2021-2022 [JOEL]
62020,05/30/2023,Regular,Accepted,GLI [31] MY 2022-2023 [JOEL]
62020,06/07/2023,Regular,Accepted,GLI (31) MY 2022-2023 (SALVADOR)
62021,03/06/2014,Regular,Accepted,SNPD (31) PER MMR 02/22/14 - CIR. 02/28/14 [JEN]; 
62189,03/24/2010,Regular,Accepted,REST (51) 02/13/10 PER MMR 02/13/10 - CIR. 03/20/10 (ann03/24/10); 
62189,01/21/2015,Regular,Accepted,SNPD (51) 12/06/14 PER 2014 AR; PER MMR 12/13/14 - CIR. 02/10/15 [JEN];
62190,01/21/2016,Regular,Accepted,SNPD (51) PER MMR 11/14/15 - CIR. 12/10/15 [JEN];
62610,08/27/2016,Dual,Accepted,PM CERT (346) ISSUED PER SI# 186016 DTD 05/16/16 [MEL];
62610,01/07/2020,Petitioner,No Action,PET AFF [346] FROM TAMARAW MASONIC LODGE NO. 65- PULLOUT
62610,01/07/2020,Petitioner,No Action,PET AFF [346] FROM TAMARAW MASONIC LODGE NO. 65- CIR. 01/10/20 [JOEL]
62610,02/20/2024,Petitioner,No Action,DECEASED [346] MMR 11/2024 CIR 02/20/2024 [JOEL]
62665,03/25/2010,Regular,Accepted,REST (51) 03/13/10 PER MMR 03/13/10 - CIR. 03/30/10 (ann03/25/10); 
62665,06/19/2024,Regular,Accepted,MM CERT ISSUED 06/05/2024; PROF EXAM 02/17/2024 [JOEL]
62795,05/27/2010,Regular,Accepted,REST (31) 02/13/10 PER MMR 02/13/10 - CIR. 04/10/10 (ann); 
62795,02/02/2015,Regular,Accepted,SNPD (31) 12/20/14 PER 2014 AR; PER MMR 12/20/14 - CIR. 02/20/15 [JEN];
62795,07/21/2015,Regular,Accepted,REST (31) PER MMR 06/27/15 - CIR. 07/10/15 [JEN];
62795,01/05/2017,Regular,Accepted,SNPD (31) PER MMR 12/17/16 - CIR. 12/30/16 [JEN];
62795,05/22/2017,Regular,Accepted,REST (31) PER MMR 04/22/17 - CIR. 04/30/17 [JEN];
62795,05/03/2024,Regular,Accepted,MM CERT ISSUED 05/31/2024; PROF EXAM 03/09/2024 [JOEL]
62797,02/28/2012,Regular,Accepted,REST (13) 08/27/11 PER MMR 08/27/11 - CIR. 02/10/12 [ann]; 
62797,02/02/2015,Regular,Accepted,SNPD (31) 12/20/14 PER 2014 AR; PER MMR 12/20/14 - CIR. 02/20/15 [JEN];
62872,06/07/2010,Regular,Accepted,SNPD (69) 12/31/09 PER MMR 03/06/10 - CIR. 05/10/10 (ann); 
62872,06/19/2013,Regular,Accepted,REST (69) PER MMR 06/02/12 - CIR. 06/20/13 [JEN];
63181,03/26/2013,Regular,Accepted,SNPD (31) 12/31/12 PER 2012 AR; PER MMR 02/23/13 [JEN];
63181,03/23/2018,Regular,Accepted,REST(31) MMR 12/09/17- CIR. 03/20/18(JOEL)
63181,12/29/2023,Regular,Accepted,"PM CERT, APRON & JEWEL ISSUED 12/27/2023 [JOEL]"
63225,10/18/2010,Regular,Accepted,SNPD (15) 01/09/10 PER 2009 AR (ann); 
63265,\N,Regular,Accepted,REST (31) PER MMR 10/08/11 - CIRC. 10/30/11 [JEN];
63265,02/02/2015,Regular,Accepted,SNPD (31) 12/20/14 PER 2014 AR; PER MMR 12/20/14 - CIR. 02/20/15 [JEN];
63265,04/15/2024,Regular,Accepted,DECEASED [ 51 ] MMR 03/2024 CIR 04/20/2024 [JOEL]
63266,07/20/2015,Regular,Accepted,REST (31) PER MMR 06/27/15 - CIR. 07/10/15 [JEN];
63266,01/19/2024,Regular,Accepted,SNPD [ 31 ] MMR 01/2024 CIR 01/20/2024 [JOEL]
63266,01/30/2024,Regular,Accepted,SNA [31] MMR 12/2023 CIR 01/30/2024 [JOEL]
63489,\N,Petitioner,Petitioner,PET. RCVD. 06/23/11 RE-PUBLISHED CIR. 06/30/11 [ann]; 
63550,01/12/2012,Regular,Accepted,"MM CERT (51) ISSUED PER SI # 145771 DTD 11/04/11, PROF EXAM 2003 [ann]; "
63550,07/04/2014,Regular,Accepted,MM CERT (51) ISSUED PER SI# 174092 DTD 06/05/14 [JEN];
63550,08/13/2015,Regular,Accepted,GIVEN REPRIMAND FOR VIOLATING EDICT NO.277-RENTOY PER GM RENTOY'S ORDER DTD 08/06/15 [JEN];
63550,06/13/2018,Regular,Accepted,GLI(15)2018 JOEL 
63550,06/27/2019,Charter,Accepted,CM (448) 09/03/2018 (ANN)
63550,08/04/2021,Honorary,Accepted,HONORARY CERT ISSUED 03/24/2021 S.I NO. 212028 [JOEL]
63550,06/10/2022,Regular,Accepted,DECEASED [51] MMR 04/2022 CIR. 06/10/2022  [JOEL]
63550,03/10/2023,Dual,No Action,DECEASED [448] MMR 02/2022 CIR. 03/10/2023 [JOEL]
63554,08/14/2010,Regular,Accepted,REST (31) 06/21/10 PER MMR 06/12/10 - CIR. 06/30/10 (ann); 
63556,01/05/2017,Regular,Accepted,SNPD (31) PER MMR 12/17/16 - CIR. 12/30/16 [JEN];
63560,10/28/2011,Regular,Accepted,REST. (31) PER MMR 08/13/11 - CIR. 09/10/11 [JEN];
63560,02/02/2015,Regular,Accepted,SNPD (31) 12/20/14 PER 2014 AR; PER MMR 12/20/14 - CIR. 02/20/15 [JEN];
63781,03/01/2016,Regular,Accepted,REST (69) 10/03/15 PER 2015 AR [JEN];
63781,03/16/2016,Regular,Accepted,REST (69) PER MMR SEPT 2015 - CIR. 02/20/16 [JEN];
64024,11/09/2012,Regular,Accepted,"SNPD (69) PER 2010 AR [JEN];- SUSPENSION ERRONEOUSLY REPORTED BY THE LODGE SECRETARY PER LETTER DTD. 08/15/17 APPROVED BY ABRAHAM N. TOLENTION, GRAND MASTER DTD. 02/05/18(JOEL)"
64026,06/07/2010,Regular,Accepted,SNPD (69) 12/31/09 PER MMR 03/06/10 - CIR. 05/10/10 (ann); 
64040,02/02/2015,Regular,Accepted,SNPD (31) 12/20/14 PER 2014 AR; PER MMR 12/20/14 - CIR. 02/20/15 [JEN];
64307,10/21/2010,Regular,Accepted,REST (51) 09/11/10 PER MMR 10/09/10 - CIR. 10/20/10 (ann); 
64307,03/11/2013,Regular,Accepted,SNPD (51) PER MMR 01/12/13 - CIR. 02/28/13 [JEN];
64336,03/19/2016,Regular,Accepted,PM CERT (69) ISSUED PER SI# 183921 DTD 01/28/16 [JEN];
64336,06/09/2018,Regular,Accepted,DGL 2018 ( MD R IV) [NES]
64336,06/27/2019,Charter,Accepted,CM (448) 09/03/2018 (ANN)
64336,08/16/2019,Regular,Accepted,PM CERT (69) ISSUED PER SI NO. 204226 (06/18/19) (ANN)
64336,05/19/2021,Regular,Accepted,GLI [352] MY 2021-2022 ALEX
64336,10/18/2023,Honorary,Accepted,HONORARY CERT ISSUED 07/04/2023 [JOEL]
64336,09/03/2024,Honorary,Accepted,HONORARY CERT  ISSUED 08/19/2024 [JOEL]
64336,05/19/2025,Regular,Accepted,Gli [31] MY 2025-2026 [April]
64360,\N,Regular,Accepted,DEMIT (69) 12/04/10 PER MMR 12/04/10 - CIR. 01/30/11 (ann); 
64616,01/17/2023,Regular,Accepted,RESTORED [31] MMR 01/2022 CIR. 01/20/2023 [JOEL]
64616,03/08/2023,Regular,Accepted,SNPD [31] MMR 12/2022 CIR. 03/10/2023  [JOEL]
65005,05/14/2012,Regular,Accepted,District Deputy Grand Master (NCR-E) 2012 [jho];
65005,12/03/2013,Regular,Accepted,MEMBER (COMMITTEE ON AWARDS) 2013 [JEN];
65005,12/03/2013,Regular,Accepted,MEMBER (COMMITTEE ON ANCOM EVALUATION) 2013 [JEN];
65005,05/06/2014,Regular,Accepted,JUNIOR GRAND LECTURER (NCR) 2014 [JEN];
65200,02/27/2015,Regular,Accepted,REST (31) PER MMR 01/24/15 - CIR. 02/20/15 [JEN];
65200,01/05/2017,Regular,Accepted,SNPD (31) PER MMR 12/17/16 - CIR. 12/30/16 [JEN];
65394,08/18/2015,Regular,Accepted,REST (31) PER MMR 07/25/15 - CIR. 08/10/15 [JEN];
65429,08/21/2024,Regular,Accepted,MM CERT ISSUED 06/06/2024; PROF EXAM 02/03/2024 [JOEL]
65446,03/09/2022,Regular,Accepted,RESTORED [69] MMR 02/05/2022  CIR. 03/10/2022 [JOEL]
65574,06/10/2011,Regular,Accepted,REST (31) 04/25/11 PER MMR 05/28/11 - CIR. 06/10/11 [ann]; 
65574,03/14/2017,Regular,Accepted,UPDATE RECORD (CHANGE OF ADD) FOR GLP MEMBERS UPDATE FORM [JEN];
65574,11/05/2024,Regular,Accepted,MM CERT ISSUED 10/28/2024; PROF EXAM 10/12/2024 [JOEL]
65659,08/27/2016,Regular,Accepted,PM CERT (346) ISSUED PER OF# 100414 DTD 01/28/11 [JEN];
65659,03/09/2012,Regular,Accepted,NEW ADDRESS (346) PER 2011 AR (fav 03/09/12);
65659,07/05/2013,Regular,Accepted,DGL (RIV-A1) 2013 [JEN];
65659,08/27/2016,Regular,Accepted,PM CERT (346) RE-ISSUED PER SI# 186016 DTD 05/16/16 [MEL];
65695,\N,Regular,Accepted,SNPD (31) 12/16/10 PER MMR 12/16/10 - CIR. 03/20/11 (ann); 
65695,08/04/2017,Regular,Accepted,"MM CERT (31) ISSUED PER SI# 193225 DTD 06/09/17, PROF. EXM DTD 05/27/17 [JEN];"
65735,11/05/2024,Regular,Accepted,RESTORED [ 31 ] MMR 10/2024 CIR 11/10/2024 [JOEL]
65771,05/14/2015,Regular,Accepted,SNPD (346) PER MMR DEC 2014 - CIR. 04/20/15 [JEN];
65771,02/27/2019,Regular,Accepted,REST(346) MMR 02/15/19- CIR. 02/28/19 [JOEL]
65771,12/05/2024,Regular,Accepted,MM CERT ISSUED 11/30/2024; PROF EXAM 04/20/2024 [JOEL]
65772,03/09/2012,Regular,Accepted,NEW ADDRESS (346) PER 2011 AR (fav 03/09/12);
65772,06/11/2021,Dual,Accepted,DUAL FROM CHARTER [ALEX]
65772,11/29/2021,Dual,Accepted,DEMITTED [451] MMR 07/23/2021- CIR. 11/30/2021 [JOEL]
65868,05/14/2015,Regular,Accepted,SNPD (346) PER MMR DEC 2014 - CIR. 04/20/15 [JEN];
65868,01/14/2023,Regular,Accepted,RESTORED [346] MMR 10/2022 CIR. 01/20/2023 [JOEL]
65868,12/09/2024,Regular,Accepted,MM CERT ISSUED 11/30/2024; PROF EXAM 02/24/2024 [JOEL]
65875,06/07/2010,Regular,Accepted,SNPD (69) 12/31/09 PER MMR 03/06/10 - CIR. 05/10/10 (ann); 
65875,06/03/2017,Regular,Accepted,REST (69) 09/03/16 PER 2016 AR [JEN];
65884,01/12/2012,Regular,Accepted,"MM CERT (352) ISSUED PER SI # 146898 DTD 01/03/12, PROF EXAM 04/05/08 [ann]; "
65884,07/04/2014,Regular,Accepted,MM CERT (352) ISSUED PER SI# 174093 DTD 06/05/14 [JEN];
66259,04/01/2014,Regular,Accepted,REST (31) PER MMR 03/22/14 - CIR. 03/30/14 [JEN]; 
66259,02/06/2025,Regular,Accepted,"AS PER COMMITTEE ON GRIEVANCE REPORT, 93rd ANNUAL COMMUNICATION 2009 CAGAYAN DE ORO CITY, THE SUSPENSION OF THE RESPONDENT ARE HEREBY AFFIRMED. HOWEVER, THE ACCESSORY PENALTIES IMPOSED UPON HIM ARE NULLIFIED & SET ASIDE. [JOEL]"
66263,\N,Regular,Accepted,SNPD (69) 0 PER 2010 AR [ann]; 
66341,06/14/2012,Regular,Accepted,SNPD (346) PER MMR 02/25/12 - CIR. 06/10/12 [JEN];
66343,06/14/2012,Regular,Accepted,SNPD (346) PER MMR 02/25/12 - CIR. 06/10/12 [JEN];
66372,05/31/2017,Regular,Accepted,RESTORED (31) PER EDICT NO. 233-S BY MW GAZMIN ATTEST BY GS ANGELES DTD 04/03/17 [JEN];
66372,06/18/2018,Petitioner,No Action,RESTORED (31) PER A/R 2018
66372,11/27/2024,Regular,Accepted,UPDATED RECORD PER GLP MEMBER DATA UPDATE FORM RECEIVED 11/27/2024-WIFE & CHILDREN PER ATTACHED CERTIFICATE OF MARRIAGE 11/27/2024 [JOEL]
66594,09/06/2016,Regular,Accepted,SNPD (346) PER MMR 07/23/16 - CIR. 08/30/16 [MEL];
66594,09/26/2019,Regular,Accepted,DECEASED [346] MMR 07/27/19- CIR. 09/30/19 [JOEL]
66659,01/12/2017,Regular,Accepted,SNPD (346) PER MMR 12/10/16 - CIR. 01/20/17 [JEN];
66660,01/12/2017,Regular,Accepted,SNPD (346) PER MMR 12/10/16 - CIR. 01/20/17 [JEN];
66661,01/12/2017,Regular,Accepted,SNPD (346) PER MMR 12/10/16 - CIR. 01/20/17 [JEN];
66662,12/09/2024,Regular,Accepted,MM CERT ISSUED 11/30/2024; PROF EXAM 02/24/2024 [JOEL]
66663,02/28/2020,Regular,Accepted,SNPD [346] MMR 11/22/19- CIR. 02/29/2020 [JOEL]
66664,03/09/2012,Regular,Accepted,NEW ADDRESS (346) PER 2011 AR (fav 03/09/12);
66664,12/09/2024,Regular,Accepted,MM CERT ISSUED 11/30/2024; PROF EXAM 02/24/2024 [JOEL]
66673,03/14/2017,Regular,Accepted,SNPD (69) PER LODGE RES. NO. 01-03-2017 DTD 03/04/17 - CIR. 03/20/17 [JEN]; SNPD (69) PER 2016 AR [JEN];
66791,06/14/2012,Regular,Accepted,SNPD (346) PER MMR 02/25/12 - CIR. 06/10/12 [JEN];
66796,04/10/2018,Regular,Accepted,REST(15) MMR 11/04/17- CIR. 03/30/18(JOEL)
66799,07/09/2020,Regular,Accepted,RESTORED [15] PER EDICT NO 233-T- SUAN [JOEL]
66800,01/13/2017,Regular,Accepted,SNPD (15) PER MMR 06/04/16 - CIR. 12/30/16 [JEN];
66805,06/19/2024,Regular,Accepted,MM CERT ISSUED 06/05/2024; PROF EXAM 02/17/2024 [JOEL]
66933,07/19/2013,Regular,Accepted,GLI (165) 2013 [hazel].;
66933,08/27/2016,Regular,Accepted,PM CERT (346) ISSUED PER SI# 186016 DTD 05/16/16 [MEL];
66934,12/09/2024,Regular,Accepted,MM CERT ISSUED 11/30/2024; PROF EXAM 02/24/2024 [JOEL]
66956,03/06/2014,Regular,Accepted,SNPD (31) PER MMR 02/22/14 - CIR. 02/28/14 [JEN]; 
66956,02/27/2015,Regular,Accepted,REST (31) PER MMR 01/24/15 - CIR. 02/20/15 [JEN];
66957,11/13/2010,Petitioner,Petitioner,DOUBLE ENTRY OF RECD. PLEASE DO NOT ENCODE ANYTHING HERE -ann
66958,08/10/2010,Regular,Accepted,SNPD (31) 12/31/09 PER MMR 07/24/10 - CIR. 08/10/10 (ann); 
66958,06/20/2013,Regular,Accepted,REST (31) PER MMR 02/23/13 - CIR. 06/20/13 [JEN];
66958,02/02/2015,Regular,Accepted,SNPD (31) 12/20/14 PER 2014 AR; PER MMR 12/20/14 - CIR. 02/20/15 [JEN];
66958,12/16/2019,Regular,Accepted,RESTORED [31]MMR 03/09/19- CIR. 12/20/19 [JOEL]
66958,02/29/2024,Regular,Accepted,MM CERT ISSUED 08/03/2024; PROF EXAM 01/12/2008 PER WHITE CARD [JOEL]
67044,06/10/2011,Regular,Accepted,SNPD RECD; REST (31) 04/25/11 PER MMR 05/28/11 - CIR. 06/10/11 [ann]; 
67044,03/26/2013,Regular,Accepted,SNPD (31) 12/31/12 PER 2012 AR; PER MMR 02/23/13 [JEN];
67044,10/18/2013,Regular,Accepted,REST (31) PER MMR 09/28/13 - CIR. 10/10/13 [EN];
67044,02/02/2015,Regular,Accepted,SNPD (31) 12/20/14 PER 2014 AR; PER MMR 12/20/14 - CIR. 02/20/15 [JEN];
67044,09/29/2016,Regular,Accepted,REST (31) PER MMR 09/24/16 - CIR. 09/30/16 [MEL];
67083,11/05/2024,Regular,Accepted,MM CERT ISSUED 10/28/2024; PROF EXAM 11/03/2007 [JOEL]
67319,06/07/2010,Regular,Accepted,SNPD (69) 12/31/09 PER MMR 03/06/10 - CIR. 05/10/10 (ann); 
67319,\N,Regular,Accepted,REST (69) 12/04/10 PER 2010 AR [ann]; 
67320,03/06/2013,Regular,Accepted,"UPDATE RECORDS (69) CHANGE OF ADD, TEL NO. KIN 03/06/13 [JEN];"
67320,06/19/2013,Regular,Accepted,MM CERT. (69) ISSUED PER SI#157427 DTD 03/19/13 [DARIO]:
67320,07/05/2013,Regular,Accepted,DGL (RIV-A1) 2013 [JEN]; MOST OUTSTANDING DGL (RIV-A1) 2013 [MEL];
67320,12/03/2013,Regular,Accepted,MEMBER (COMMITTEE ON MASONIC TEMPLES AND BUILDINGS) 2013 [JEN];
67320,12/03/2013,Regular,Accepted,MEMBER (COMMITTEE ON CREDENTIALS) 2013 [JEN];
67320,12/03/2013,Regular,Accepted,MEMBER (COMMITTEE ON CAVITE AFFAIRS) 2013 [JEN];
67320,12/03/2013,Regular,Accepted,MEMBER (COMMITTEE ON PUBLIC RELATIONS) 2013 [JEN];
67320,12/04/2013,Regular,Accepted,MEMBER (COMMITTEE ON ENVIRONMENT AND DISASTER PREPAREDNESS) 2013 [JEN];
67320,05/06/2014,Regular,Accepted,JUNIOR GRAND LECTURER (LUZON SOUTH) 2014 [JEN];
67320,05/10/2016,Regular,Accepted,GRAND AUDITOR 2015 [JEN];
67320,09/01/2016,Regular,Accepted,"UPDATE RECORD (CHANGE EMPLOYMENT, CHANGE EMPLOYMENT ADD.) PER GLP MEMBER UPDATE FORM [MEL];"
67320,07/28/2020,Charter,Accepted,CHARTER MASTER [448] PER DISPENSATION TO FORM A NEW LODGE [JOEL]
67320,06/09/2018,Regular,Accepted,DDGM 2018 ( MD R IV ) [NES]
67320,06/11/2018,Regular,Accepted,MEMBER-COM. ON CAVITE AFFAIRS 2018
67320,06/27/2019,Charter,Accepted,CM (448) 09/03/2018 (ANN)
67320,08/19/2019,Regular,Accepted,MEMBER- COMMITTEE ON RESOLUTIONS 2019 (ANN)
67320,08/19/2019,Regular,Accepted,MEMBER- COMMITTEE ON CAVITE AFFAIRS 2019 (ANN)
67320,08/19/2019,Regular,Accepted,VICE CHAIRMAN- COMMITTEE ON ELECTORAL REFORMS 2019 (ANN)
67320,09/02/2019,Regular,Accepted,"HIRAM MEDAL AWARD APPROVE BY MW DANILO D. ANGELES, PGM, GRAND SECRETARY DTD. 08/10/19 [JOEL]"
67320,06/07/2022,Regular,Accepted,JUNIOR GRAND WARDEN MY 2022-2023 [JOEL]
67320,02/15/2023,Honorary,Accepted,HONORARY CERT ISSUED 07/20/2022 [JOEL]
67320,06/07/2023,Regular,Accepted,MEMBERS COMMITTEE ON FINANCE MY 2022-2023 (SALVADOR)
67320,06/07/2023,Regular,Accepted,VICE CHAIRMAN COMMITTEE ON CAVITE AFFAIRS MY 2022-2023 (SALVADOR)
67320,06/08/2023,Regular,Accepted,SENIOR GRAND WARDEN MY 2023-2024 (SALVADOR)
67320,06/13/2023,Regular,Accepted,MEMBERS COMMITTEE ON FINANCE MY 2023-2024 (SALVADOR)
67320,06/13/2023,Regular,Accepted,CHAIRMAN COMMITTEE ON THE REVISION OF THE CONSTITUTION MY 2023-2024 (SALVADOR)
67320,06/13/2023,Regular,Accepted,CHAIRMAN COMMITTEE ON RESOLUTIONS MY 2023-2024 (SALVADOR)
67320,06/13/2023,Regular,Accepted,VICE CHAIRMAN COMMITTEE ON CAVITE AFFAIRS MY 2023-2024 (SALVADOR)
67320,06/13/2023,Regular,Accepted,VICE CHAIRMAN COMMITTEE ON ANCOM EVALUATION MY 2023-2024 (SALVADOR)
67320,06/19/2024,Regular,Accepted,DEPUTY GRAND MASTER MY 2024-2025 [JOEL]
67320,10/15/2024,Regular,Accepted,SECRETARY- BOARD FOR GENERAL PURPOSES MY 2024-2025 [JOEL]
67320,12/06/2024,Regular,Accepted,CHAIRMAN- COMMITTEE ON FINANCE MY 2024-2025 [JOEL]
67320,12/06/2024,Regular,Accepted,"CHAIRMAN- COMMITTEE ON ADMINISTRATION OF LODGES, RETURNS AND CHARTER- MY 2024-2025 [JOEL]"
67320,05/16/2025,Regular,No Action,"CHAIRMAN, COMMITTEE ON MASONIC ASSOCIATION AND CLUBS, MY 2024- 2025"
67320,05/16/2025,Regular,No Action,"TECHNICAL ADVISERS, COMMITTEE ON SUBORDINATE LODGE MAPPING AND MEMBERSHIP ASSESSMENT, MY - 2024 - 2025"
67320,05/16/2025,Regular,No Action,"VICE CHAIRMAN, COMMITTEE ON CAVITE AFFAIRS, MY - 2024 - 2025"
67320,05/16/2025,Regular,No Action,"GRAND MASTER, MY - 2025 - 2026"
67320,05/21/2025,Regular,No Action,"GRAND MASTER, MY 2025 - 2026"
67320,05/27/2025,Honorary,Accepted,HONORARY CERT ISSUED 05/19/2025 [JOEL]
67321,06/07/2010,Regular,Accepted,SNPD (69) 12/31/09 PER MMR 03/06/10 - CIR. 05/10/10 (ann); 
67321,\N,Regular,Accepted,REST (69) 12/04/10 PER 2010 AR [ann]; 
67321,01/24/2013,Regular,Accepted,SNPD (69) PER 2012 AR [JEN];
67321,07/16/2021,Regular,Accepted,RESTORED [69] MMR 03/04/2017- CIR. 07/20/2021 [JOEL]
67350,11/29/2021,Regular,Accepted,RESTORED [31] MMR 02/27/2021 - CIR. 11/30/2021 [JOEL]
67350,05/03/2024,Regular,Accepted,MM CERT ISSUED 06/06/2024; PROF EXAM 03/09/2024 [JOEL]
67381,12/05/2024,Regular,Accepted,RESTORED [ 346 ] MMR 06/2024 CIR 12/10/2024 [JOEL]
67382,12/09/2024,Regular,Accepted,MM CERT ISSUED 11/30/2024; PROF EXAM 02/24/2024 [JOEL]
67422,03/20/2014,Regular,Accepted,SNPD (352) 11/09/13 PER AR 2013 [JEN]; 
67423,01/14/2016,Regular,Accepted,SNPD (352) PER MMR 01/02/16 - CIR. 01/10/16 [JEN]; 
67424,08/07/2019,Regular,Accepted,RESTORED [352] MMR 06/02/19- CIR. 08/10/19 [JOEL]
67424,03/02/2020,Dual,Accepted,RESTORED [352] A/R 2019 [MON]
67457,03/06/2014,Regular,Accepted,SNPD (31) PER MMR 02/22/14 - CIR. 02/28/14 [JEN]; 
67457,09/16/2014,Regular,Accepted,REST (31) PER MMR 08/23/14 - CIR. 09/10/14 [JEN];
67457,10/23/2015,Regular,Accepted,MM CERT (31) ISSUED PER SI# 180589 DTD 05/26/15 [JEN];
67457,03/14/2017,Regular,Accepted,UPDATE RECORD (ADD CHILD) FOR GLP MEMBERS UPDATE FORM [JEN];
67458,11/24/2017,Regular,Accepted,"RESTORED(31) PER JUDICIAL PRONOUNCEMENT NO. 5- TOLENTINO ATTEST BY MW DANILO D. ANGELES, PGM, GRAND SECRETARY DTD. 11/20/17 (FOX)"
67458,11/05/2024,Regular,Accepted,MM CERT ISSUED 10/28/2024; PROF EXAM 10/12/2024 [JOEL]
67561,08/14/2010,Regular,Accepted,REST (31) 06/21/10 PER MMR 06/12/10 - CIR. 06/30/10 (ann); 
67561,03/26/2013,Regular,Accepted,SNPD (31) 12/31/12 PER 2012 AR; PER MMR 02/23/13 [JEN];
67561,06/23/2018,Regular,Accepted,REST(31) MMR 11/18/17-CIR 06/30/18(MENG)
67674,07/07/2016,Regular,Accepted,Rest (15) Sept 2013 per 2015 AR [ann];
67675,08/15/2018,Regular,No Action,(15) PER MMR 07/07/18-  [MENG];
67675,02/20/2019,Regular,Accepted,REST(15) MMMR 07/07/18- EDICT 233-N PURISIMA CIR. 02/20/19 [JOEL]
67677,07/20/2015,Regular,Accepted,REST (15) PER MMR 04/11/15 - CIR. 07/10/15 [JEN];
67688,12/05/2024,Regular,Accepted,SNPD [ 346 ] MMR 10/2024 CIR 12/10/2024 [JOEL]
67799,08/10/2010,Regular,Accepted,REST (31) 07/24/10 PER MMR 07/24/10 - CIR. 08/10/10 (ann); 
67799,03/26/2013,Regular,Accepted,SNPD (31) 12/31/12 PER 2012 AR; PER MMR 02/23/13 [JEN];
67799,06/20/2013,Regular,Accepted,REST (31) PER MMR 04/20/13 - CIR. 06/20/13 [JEN];
67886,12/05/2024,Regular,Accepted,DECEASED [ 346 ] MMR 05/2024 CIR 12/10/2024 [JOEL]
67887,12/09/2024,Regular,Accepted,MM CERT ISSUED 11/30/2024; PROF EXAM 04/20/2024 [JOEL]
67888,05/14/2015,Regular,Accepted,SNPD (346) PER MMR DEC 2014 - CIR. 04/20/15 [JEN];
67888,01/12/2017,Regular,Accepted,REST (346) PER MMR 12/10/16 - CIR. 01/20/17 [JEN];
67954,03/20/2014,Regular,Accepted,SNPD (352) 11/09/13 PER AR 2013 [JEN]; 
67955,03/20/2014,Regular,Accepted,SNPD (352) 11/09/13 PER AR 2013 [JEN]; 
67959,03/14/2017,Regular,Accepted,SNPD (69) PER LODGE RES. NO. 01-03-2017 DTD 03/04/17 - CIR. 03/20/17 [JEN]; SNPD (69) PER 2016 AR [JEN];
67960,12/03/2013,Regular,Accepted,VICE CHAIRMAN (COMMITTEE ON GRIEVANCES) 2013 [JEN];
67960,02/05/2014,Regular,Accepted,PM CERT. (69) ISSUED PER SI# 170083 DTD 01/13/14 [JEN]; 
67960,03/18/2015,Regular,Accepted,UPDATE RECORD (CHANGE OF ADD) PER GLP UPDATE FORM [JEN];
67960,06/09/2018,Regular,Accepted,JGL 2018 SOUTHERN LUZON ( CAVITE & LAGUNA ) (NES)
67960,06/11/2018,Regular,Accepted,VICE CHAIRMAN-COM. OF CASE EVALUATION 2018
67960,06/27/2019,Charter,Accepted,CM (448) 09/03/2018 (ANN)
67960,06/07/2023,Regular,Accepted,MEMBERS COMMITTEE ON PRELIMINARY INVESTIGATION MY 2022-2023 (SALVADOR) 
67960,06/13/2023,Regular,Accepted,MEMBERS COMMITTEE ON PRELIMINARY INVESTIGATION MY 2023-2024 (SALVADOR)
67960,06/13/2023,Regular,Accepted,MEMBERS COMMITTEE ON RESOLUTIONS MY 2023-2024 (SALVADOR)
67982,01/14/2016,Regular,Accepted,SNPD (352) PER MMR 01/02/16 - CIR. 01/10/16 [JEN]; 
67983,01/14/2016,Regular,Accepted,SNPD (352) PER MMR 01/02/16 - CIR. 01/10/16 [JEN]; 
68030,08/19/2010,Regular,Accepted,DGL (RIVA-1) 2010 [ann];
68202,09/20/2011,Regular,Accepted,dgl (riv-a1) 2011 [jen];
68202,06/04/2016,Regular,Accepted,DDGM (RIV-A1) 2015 [JEN];
68202,11/15/2018,Regular,Accepted,PM CERT (15) ISSUED PER SI# 199861 DTD 08/23/18  [nes];
68202,12/01/2021,Regular,Accepted,HIRAM MEDAL ISSUED 12/01/2021 S.I NO. 214173 [JOEL]
68202,02/02/2022,Regular,Accepted,"HIRAM MEDAL AWARD APPROVED BY MW DANILO D. ANGELES, PGM, GRAND SECRETARY ISSUED 01/27/2022 [JOEL]"
68203,\N,Regular,Accepted,MM CERT (15) ISSUED PER SI # 140918 DTD 03/03/11 [JEN];
68206,03/09/2022,Regular,Accepted,WM [15] 2021 A/R [JOEL]
68206,04/01/2022,Regular,Accepted,PM CRT APRON AND JEWEL ISSUED 03/24/2022 S.I NO. 216439 [JOEL]
68206,06/07/2023,Regular,Accepted,GLI (15) MY 2022-2023 (SALVADOR)
68206,09/18/2024,Regular,Accepted,DGL [ MD R IV CAVITE EAST ] MY 2024-2025 [JOEL]
68207,07/04/2013,Regular,Accepted,DDGM (NCR-D) 2013 [JEN]; MOST OUTSTANDING DDGM 2013 [MEL];
68207,12/03/2013,Regular,Accepted,MEMBER (COMMITTEE ON WAYS AND MEANS) 2013 [JEN];
68207,12/03/2013,Regular,Accepted,MEMBER (COMMITTEE ON GRAND LODGE SCHOLARSHIP) 2013 [JEN];
68207,12/03/2013,Regular,Accepted,MEMBER (COMMITTEE ON YOUTH) 2013 [JEN];
68207,12/04/2013,Regular,Accepted,MEMBER (COMMITTEE ON ENVIRONMENT AND DISASTER PREPAREDNESS) 2013 [JEN];
68207,05/06/2014,Regular,Accepted,JUNIOR GRAND LECTURER (NCR) 2014 [JEN];  CHAIRMAN (COMM. ON YOUTH) 2014 [ROSE];
68207,06/11/2018,Regular,Accepted,MEMBER-COM. ON YOUTH 2018
68207,06/11/2018,Regular,Accepted,CHAIRMAN-COM. ON SPORTS DEVELOPMENT 2018
68207,11/15/2018,Regular,Accepted,PM CERT (15) ISSUED PER SI# 199861 DTD 08/23/18  [nes];
68207,06/27/2019,Charter,Accepted,CM (448) 09/03/2018 (ANN)
68207,06/07/2023,Regular,Accepted,TECHNICAL WORKING GROUP COMMITTEE ON FINANCE MY 2022-2023 (SALVADOR)
68207,06/07/2023,Regular,Accepted,VICE CHAIRMAN COMMITTEE ON ACCOUNTS (SALVADOR)
68207,06/07/2023,Regular,Accepted,CHAIRMAN COMMITTEE ON WAYS AND MEANS MY 2022-2023 (SALVADOR) 
68208,05/22/2014,Regular,Accepted,DGL (RIV-A1) 2014 [JEN];
68208,11/15/2018,Regular,Accepted,PM CERT (15) ISSUED PER SI# 199861 DTD 08/23/18  [nes];
68318,01/14/2016,Regular,Accepted,SNPD (352) PER MMR 01/02/16 - CIR. 01/10/16 [JEN]; 
68363,01/18/2012,Regular,Accepted,MM CERT (15) ISSUED PER SI # 140918 DTD 03/03/11 [JEN];
68363,11/15/2018,Regular,Accepted,PM CERT (15) ISSUED PER SI# 199861 DTD 08/23/18  [nes];
68363,12/18/2023,Regular,Accepted,DECEASED [15] MMR 09/2023 CIR 12/20/2023 [JOEL]
68423,03/09/2012,Regular,Accepted,NEW ADDRESS (346) PER 2011 AR (fav 03/09/12);
68530,08/14/2010,Regular,Accepted,REST (31) 06/21/10 PER MMR 06/12/10 - CIR. 06/30/10 (ann); 
68537,03/26/2013,Regular,Accepted,SNPD (31) 12/31/12 PER 2012 AR; PER MMR 02/23/13 [JEN];
68545,01/19/2021,Regular,Accepted,DECEASED [346] MMR 10/24/2020- CIR. 01/20/2021 [JOEL]
68631,06/07/2010,Regular,Accepted,SNPD (69) 12/31/09 PER MMR 03/06/10 - CIR. 05/10/10 (ann); 
68631,\N,Regular,Accepted,REST (69) 12/04/10 PER 2010 AR [ann]; 
68631,03/14/2017,Regular,Accepted,SNPD (69) PER LODGE RES. NO. 01-03-2017 DTD 03/04/17 - CIR. 03/20/17 [JEN]; SNPD (69) PER 2016 AR [JEN];
68631,03/03/2018,Regular,Accepted,SNPD MMR 03/17(JOEL)
68631,03/03/2018,Regular,Accepted,REST(69) MMR 05/17-CIR. 02/28/18(JOEL)
68631,02/09/2023,Regular,Accepted,DECEASED [69] MMR 12/2022 CIR. 02/10/2023 [JOEL]
68632,07/19/2013,Regular,Accepted,GLI (97) 2013 [hazel].;
68632,06/27/2019,Charter,Accepted,CM (448) 09/03/2018 (ANN)
68688,02/12/2014,Regular,Accepted,SNPD (69) PER 2013 AR [JEN]; 
68831,07/19/2018,Regular,Accepted,"IPM ISSUED JULY 13, 2018 [NES]"
68831,05/19/2025,Regular,Accepted,Gli [410] MY 2025-2026 [April]
68834,12/05/2024,Regular,Accepted,SNPD [ 346 ] MMR 10/2024 CIR 12/10/2024 [JOEL]
68834,06/25/2025,Regular,Accepted,RESTORED [346 ] PER MMR 03/2025 CIR 06/30/2025 [JOEL]
68850,02/12/2014,Regular,Accepted,SNPD (69) PER 2013 AR [JEN]; 
68875,07/04/2014,Regular,Accepted,"MM CERT (352) ISSUED PER SI# 174093 DTD 06/05/14, PROF. EXM DTD 07/02/11 [JEN];"
68924,04/12/2016,Regular,Accepted,REST (31) PER MMR 02/27/16 - CIR. 03/20/16 [JEN];
68946,06/07/2010,Regular,Accepted,SNPD (69) 12/31/09 PER MMR 03/06/10 - CIR. 05/10/10 (ann); 
69040,06/27/2019,Charter,Accepted,CM (448) 09/03/2018 (ANN)
69040,06/09/2023,Regular,Accepted,DGL (MD RIV - CAVITE  (EAST) MY 2023-2024 (SALVADOR)
69040,06/13/2023,Regular,Accepted,"MEMBER COMMITTEE ON ENVIRONMENT & DISASTER PREPAREDNESS\
MY 2023-2024 (SALVADOR)"
69040,05/17/2025,Regular,No Action,"DDGM, CAMP ZAMA, JAPAN, MY 2025 - 2026"
69086,03/13/2017,Regular,Accepted,SNPD (51) PER MMR 12/10/16 - CIR. 03/20/17 [JEN];
69086,03/13/2017,Regular,Accepted,SNA (51) PER MMR 12/10/16 - CIR. 03/20/17 [JEN];
69086,02/22/2020,Regular,Accepted,RESTORED [51] MMR 02/08/2020- CIR. 02/29/2020 [JOEL]
69086,02/27/2020,Regular,Accepted,SNPD [51] A/R 2019 [MON]
69086,06/17/2020,Regular,Accepted,RESTORED [51] MMR 02/08/2020- CIR. 06/20/2020 [JOEL]
69119,08/28/2019,Regular,Accepted,PM CERT (416) ISSUED PER SI NO. 201993 DTD (02/04/19) (ANN)
69119,05/21/2021,Regular,Accepted,GLI [238] MY 2019-2021 ALEX
69119,06/11/2021,Dual,Accepted,DUAL FROM CHARTER [ALEX]
69119,11/29/2021,Dual,Accepted,DEMITTED [451] MMR 07/23/2021- CIR. 11/30/2021 [JOEL]
69119,03/24/2023,Honorary,Accepted,HONORARY CERT ISSUED 03/21/2023 [JOEL]
69121,12/05/2024,Regular,Accepted,MM CERT ISSUED 11/30/2024; PROF EXAM 04/20/2024 [JOEL]
69172,08/14/2010,Regular,Accepted,REST (31) 06/21/10 PER MMR 06/12/10 - CIR. 06/30/10 (ann); 
69172,02/05/2013,Regular,Accepted,DECEASED (31) PER MMR 12/22/12 - CIR. 01/30/13 [JEN];
69173,08/14/2010,Regular,Accepted,REST (31) 06/21/10 PER MMR 06/12/10 - CIR. 06/30/10 (ann); 
69173,01/05/2017,Regular,Accepted,SNPD (31) PER MMR 12/17/16 - CIR. 12/30/16 [JEN];
69173,07/25/2024,Regular,Accepted,RESTORED [ 31 ] MMR 06/2024 CIR 07/30/2024 [JOEL]
69174,08/14/2010,Regular,Accepted,REST (31) 06/21/10 PER MMR 06/12/10 - CIR. 06/30/10 (ann); 
69174,03/26/2013,Regular,Accepted,SNPD (31) 12/31/12 PER 2012 AR; PER MMR 02/23/13 [JEN];
69174,02/19/2014,Regular,Accepted,REST (31) PER MMR 01/25/14 - CIR. 02/20/14 [JEN]; 
69174,01/05/2017,Regular,Accepted,SNPD (31) PER MMR 12/17/16 - CIR. 12/30/16 [JEN];
69174,05/12/2022,Regular,Accepted,RESTORED [31] PER 2021 A/R [JOEL]
69174,05/03/2024,Regular,Accepted,MM CERT ISSUED 05/31/2024; PROF EXAM 03/09/2024 [JOEL]
69178,09/20/2011,Regular,Accepted,dgl (riv-a2) 2011 [jen];
69178,01/12/2012,Regular,Accepted,"MM CERT (51) ISSUED PER SI # 145771 DTD 11/04/11, PROF EXAM 2009 [ann]; "
69178,06/04/2016,Regular,Accepted,DDGM (RIV-A2) 2015 [JEN];
69178,05/12/2021,Regular,Accepted,JGL SOUTH  LUZON A MY 2021- 2022 [JOEL]
69179,02/10/2017,Regular,Accepted,PM CERT (69) ISSUED PER SI# 190502 DTD 01/26/17 [JEN];
69179,06/09/2018,Regular,Accepted,DGL 2018 ( MD R IV) [NES]
69179,06/27/2019,Charter,Accepted,CM (448) 09/03/2018 (ANN)
69179,07/28/2020,Charter,Accepted,CHARTER SW [448] PER DISPENSATION TO FORM A NEW LODGE [JOEL]
69179,03/01/2022,Dual,Accepted,PM CERT APRON AND JEWEL ISSUED 03/01/2022 S.I NO. 215789 [JOEL]
69179,06/08/2023,Regular,Accepted,DDGM (MD RIV - CAVITE (EAST) MY 2023-2024 (SALVADOR)
69179,06/13/2023,Regular,Accepted,MEMBERS COMMITTEE ON PRELIMINARY INVESTIGATION MY 2023-2024 (SALVADOR)
69179,06/13/2023,Regular,Accepted,MEMBERS COMMITTEE ON RESOLUTIONS MY 2023-2024 (SALVADOR)
69179,06/13/2023,Regular,Accepted,MEMBERS COMMITTEE ON CAVITE AFFAIRS MY 2023-2024 (SALVADOR)
69179,07/17/2023,Honorary,Accepted,HONORARY CERT ISSUED 06/14/2023 [JOEL]
69179,11/09/2023,Honorary,Accepted,HONORARY CERT ISSUED 05/25/2023 [JOEL]
69179,10/09/2024,Honorary,Accepted,HONORARY CERT ISSUED 09/26/2024 [JOEL]
69179,05/16/2025,Regular,No Action,"GRAND AUDITOR, MY - 2024 - 2025"
69179,05/21/2025,Regular,No Action,"GRAND AUDITOR, MY 2025 - 2026"
69247,12/21/2016,Regular,Accepted,"MM CERT (15) ISSUED PER SI# 189511 DTD 12/02/16, PROF. EXM DTD 06/03/06 [NAZ];"
69248,11/05/2024,Regular,Accepted,MM CERT ISSUED 10/28/2024; PROF EXAM 05/02/2009 [JOEL]
69249,12/21/2016,Regular,Accepted,"MM CERT (15) ISSUED PER SI# 189511 DTD 12/02/16, PROF. EXM DTD 06/03/06 [NAZ];"
69249,06/14/2024,Regular,Accepted,GLI [ 31 ] MY 2023-2024 [JOEL]
69249,05/16/2025,Regular,Accepted,Gli [31 ] My 2023-2024 [April]
69250,11/08/2016,Regular,Accepted,"UPDATE RECORD (CHANGE OCCUPATION & EMPLOYMENT ADDRESS., AND ADD CONTACT #, EMAIL ADD.) PER REQUEST OF MR.QUINTANA [ROSE];"
69250,11/26/2016,Regular,Accepted,"MM CERT (15) RE-ISSUED PER SI# 189308 DTD 11/21/16, PROF. EXM DTD 06/03/06 [ROSE[;"
69250,12/21/2016,Regular,Accepted,"MM CERT (15) RE-ISSUED PER SI# 189511 DTD 12/02/16, PROF. EXM DTD 06/03/06 [NAZ];"
69257,11/05/2024,Regular,Accepted,MM CERT ISSUED 10/28/2024; PROF EXAM 12/02/2006 [JOEL]
69366,03/09/2012,Regular,Accepted,NEW ADDRESS (346) PER 2011 AR (fav 03/09/12);
69366,01/04/2020,Regular,Accepted,SNPD [346] MMR 12/20/19- CIR. 01/10/20 [JOEL]
69415,12/21/2016,Regular,Accepted,"MM CERT (15) ISSUED PER SI# 189511 DTD 12/02/16, PROF. EXM DTD 11/05/16 [NAZ];"
69415,05/21/2025,Regular,Accepted,SNPD [ 15 ] MMR  03/2025 CIR 05/30/2025 [JOEL]
69471,01/12/2012,Regular,Accepted,PM CERT (352) 2011 ISSUED PER SI# 146898 DTD 01/03/12 [ann]; 
69471,07/04/2014,Regular,Accepted,"MM CERT (352) ISSUED PER SI# 174093 DTD 06/05/14, PROF. EXM DTD 01/06/07 [JEN];"
69471,06/21/2019,Regular,Accepted,DGL (MD RIV CAVITE (EAST) (2019) ANN
69471,08/28/2019,Regular,Accepted,PM CERT (352) ISSUED PER SI NO. 201639 DTD (01/22/19) (ANN)
69471,06/01/2023,Regular,Accepted,GLI [ 352 ] MY 2022-2023 [JOEL]
69471,07/18/2023,Regular,Accepted,UPDATED ADDRESS PER RECEIVED GLP UPDATE FORM 07/18/2023 [JOEL]
69471,08/09/2024,Regular,Accepted,JGL  [ SOUTHERN LUZON - MINDORO ] MY 2024-2025 [JOEL]
69472,02/19/2013,Regular,Accepted,PM Cert (352) per SI# 155405 dtd 1/10/13_ [jho];
69472,07/19/2013,Regular,Accepted,GLI (31) 2013 [hazel].;
69472,05/22/2014,Regular,Accepted,DGL (RIV-A1) 2014 [JEN];
69472,07/04/2014,Regular,Accepted,"MM CERT (352) ISSUED PER SI# 174093 DTD 06/05/14, PROF. EXM DTD 01/06/07 [JEN];"
69487,05/27/2010,Regular,Accepted,REST (31) 02/13/10 PER MMR 02/13/10 - CIR. 04/10/10 (ann); 
69487,\N,Regular,Accepted,PM Cert (31) 2015 Issued per SI#185953 dtd 05/13/16 [ann];
69487,06/09/2018,Regular,Accepted,DGL 2018 ( MD R IV) [NES]
69488,03/06/2014,Regular,Accepted,SNPD (31) PER MMR 02/22/14 - CIR. 02/28/14 [JEN]; 
69490,06/19/2024,Regular,Accepted,MM CERT ISSUED 06/05/2024; PROF EXAM 02/17/2024 [JOEL]
69491,02/01/2014,Regular,Accepted,SNPD (51) PER MMR 01/11/14 - CIR. 01/30/14 [JEN]; 
69491,12/20/2022,Regular,Accepted,RESORED [51] MMR 07/20222 CIR. 12/20/2022 [JOEL]
69491,06/10/2024,Regular,Accepted,DECEASED [51] MMR 02/2024 CIR 06/10/2024 [JOEL]
69588,11/30/2024,Regular,Accepted,MM CERT ISSUED 01/10/2025; PROF EXAM 09/07/2024 [JOEL]
69589,06/27/2019,Charter,Accepted,CM (448) 09/03/2018 (ANN)
69589,08/14/2019,Regular,Accepted,MM CERT (69) ISSUED PER SI NO. 201817 DTD 01/29/19 PROF EXAM (06/02/18) (ANN)
69589,04/19/2024,Dual,Accepted,SNPD [448] MMR 03/2023 CIR 04/20/2024 [JOEL]
69656,11/05/2024,Regular,Accepted,MM CERT ISSUED 10/28/2024; PROF EXAM 11/04/2006 [JOEL]
69663,03/16/2010,Regular,Accepted,CORR. OF NAME FRM ROLESTON F. FAPEUTILA- RALESTON F. FALCUTILA PER PERSONAL REQ. (ann03/16/10); 
69663,01/21/2016,Regular,Accepted,SNPD (51) PER MMR 11/14/15 - CIR. 12/10/15 [JEN];
69664,01/21/2016,Regular,Accepted,SNPD (51) PER MMR 11/14/15 - CIR. 12/10/15 [JEN];
69664,06/27/2019,Regular,Accepted,RESTORED [51] MMR 04/13/19 - CIR. 06/30/19 [JOEL]
69690,09/06/2016,Regular,Accepted,SNPD (346) PER MMR 07/23/16 - CIR. 08/30/16 [MEL];
69692,05/19/2025,Regular,Accepted,Gli [238] MY 2025-2026 [April]
69700,05/15/2012,Regular,Accepted,District Grand Lecturer (RVI-A1) 2012 (jho);
69700,05/06/2014,Regular,Accepted,DDGM (RIV-A1) 2014 [JEN];  MEMBER (COMMITTEE ON CAVITE AFFAIRS) 2014 [ROSE];
69700,07/04/2014,Regular,Accepted,"MM CERT (352) ISSUED PER SI# 174093 DTD 06/05/14, PROF. EXM DTD 01/06/07 [JEN];"
69700,08/30/2016,Regular,Accepted,HIRAM AWARD (352) GIVEN PER LODGE RES. NO. 01-0205-2015 DTD 05/02/15 APPROVED BY GS 05/07/15 [MEL];
69700,09/03/2016,Regular,Accepted,"UPDATE RECORD (CHANGE ADD., ADD CHILDREN, CHANGE OCCUPATION, CHANGE EMPLOYMENT, CHANGE EMPLOYMENT ADD. CHANGE CONTACT#) PER GLP MEMBER UPDATE FORM [MEL];"
69768,07/04/2014,Regular,Accepted,"MM CERT (352) ISSUED PER SI# 174093 DTD 06/05/14, PROF. EXM DTD 07/02/11 [JEN];"
69773,07/30/2010,Regular,Accepted,MM CERT (15) ISSUED PER OF # 100230 DTD 07/30/10 (ann); 
69773,07/05/2013,Regular,Accepted,DGL (RIV-A1) 2013 [JEN];
69773,11/15/2018,Regular,Accepted,PM CERT (15) ISSUED PER SI# 199861 DTD 08/23/18  [nes];
69833,06/16/2015,Regular,Accepted,PM CERT (69) ISSUED PER SI# 177468 DTD 01/26/15 [JEN];
69833,10/03/2016,Regular,Accepted,DGL (R IV-A1) 2016 [ROSE];
69833,06/27/2019,Charter,Accepted,CM (448) 09/03/2018 (ANN)
69833,07/28/2020,Charter,Accepted,CHARTER JW [448] PER DISPENSATION TO FORM A NEW LODGE [JOEL]
69833,06/13/2023,Regular,Accepted,MEMBERS COMMITTEE ON THE REVISION OF THE CONSTITUTION MY 2023-2024 (SALVADOR)
69833,05/16/2025,Regular,No Action,"ASSISTANT GRAND SECRETARY, MY - 2025 - 2026"
69948,01/19/2010,Regular,Accepted,UPDATED RECD. PER GLP UPDATE FORM (ann01/19/10); 
69948,07/04/2014,Regular,Accepted,"MM CERT (352) ISSUED PER SI# 174093 DTD 06/05/14, PROF. EXM DTD 08/05/06 [JEN];"
69948,01/14/2016,Regular,Accepted,SNPD (352) PER MMR 01/02/16 - CIR. 01/10/16 [JEN]; 
69949,07/04/2014,Regular,Accepted,"MM CERT (352) ISSUED PER SI# 174093 DTD 06/05/14, PROF. EXM DTD 05/07/11 [JEN];"
69949,01/14/2016,Regular,Accepted,SNPD (352) PER MMR 01/02/16 - CIR. 01/10/16 [JEN]; 
69949,07/22/2016,Regular,Accepted,Rest (352) per MMR 06/04/16 - Cir. 06/10/16 [ann];
70014,11/05/2024,Regular,Accepted,MM CERT ISSUED 10/28/2024; PROF EXAM 09/22/2007 [JOEL]
70233,01/12/2012,Regular,Accepted,"MM CERT (51) ISSUED PER SI # 145771 DTD 11/04/11, PROF EXAM 2009 [ann]; "
70233,07/04/2014,Regular,Accepted,MM CERT (51) ISSUED PER SI# 174092 DTD 06/05/14 [JEN];
70233,06/09/2018,Regular,Accepted,DGL 2018 ( MD R IV) [NES]
70233,06/27/2019,Charter,Accepted,CM (448) 09/03/2018 (ANN)
70234,10/26/2016,Regular,Accepted,"MM CERT (69) ISSUED PER SI# 188577 DTD 10/10/16, PROF. EXM DTD 10/03/15 [ROSE];"
70234,05/19/2021,Regular,Accepted,GLI [31] MY 2021-2022 ALEX
70234,01/30/2023,Regular,Accepted,DGL [MD RIV- CAVITE-EAST] MY 2022-2023 [JOEL]
70234,05/19/2025,Regular,No Action,"PUBLIC RELATIONS & LIASON OFFICER, CORPORATE APPOINTMENTS, MY 2025 - 2026"
70235,05/30/2015,Regular,Accepted,SNPD (69) PER 2014 AR [JEN];
70236,03/14/2017,Regular,Accepted,SNPD (69) PER LODGE RES. NO. 01-03-2017 DTD 03/04/17 - CIR. 03/20/17 [JEN]; SNPD (69) PER 2016 AR [JEN];
70236,03/03/2018,Regular,Accepted,REST(69) MMR 05/17-CIR. 02/28/18(JOEL)
70237,\N,Regular,Accepted,SNPD (69) PER 2010 AR [ann]; 
70237,11/08/2021,Regular,Accepted,DECEASED [69] MMR 09/2021- CIR. 11/10/2021 [JOEL]
70302,03/23/2012,Regular,Accepted,SNPD (352) PER 2011 AR (fav 03/23/2012);
70302,07/04/2014,Regular,Accepted,SNPD (352) 11/09/13 PER AR 2013 [JEN]; 
70303,03/20/2014,Regular,Accepted,SNPD (352) 11/09/13 PER AR 2013 [JEN]; 
70314,07/19/2013,Regular,Accepted,GLI (346) 2013 [hazel].;
70314,04/22/2016,Regular,Accepted,"UPDATE RECORD (CHANGE OF ADD, TEL NO, ADD KIN) PER GLP MEMBER UPDATE FORM [JEN];"
70314,10/03/2016,Regular,Accepted,DGL (R IV-A1) 2016 [ROSE];
70314,11/15/2018,Regular,Accepted,PM CERT (15) ISSUED PER SI# 199861 DTD 08/23/18  [nes];
70385,07/04/2013,Regular,Accepted,DDGM (RIV-A1) 2013 [JEN];
70385,12/03/2013,Regular,Accepted,MEMBER (COMMITTEE ON CAVITE AFFAIRS) 2013 [JEN];
70385,05/05/2017,Regular,Accepted,HIRAM AWARD (346) WAS BESTOWED UPON DURING STD MEETING DTD 03/28/15 [JEN];
70385,05/15/2017,Regular,Accepted,ASSISTANT GRAND SECRETARY 2017 [JEN];
70385,09/13/2017,Regular,Accepted,UPDATE RECORD (ADD CHILD/ CEL NO.) PER GLP UPDATE FORM [JEN];
70385,05/17/2025,Regular,No Action,"JUNIOR GRAND LECTURER, SOUTHERN LUZON A (CAVITE) MY 2025- 2026"
70386,08/27/2016,Regular,Accepted,"UPDATE RECORD (CHANGE ADD., ADD CHILDREN, CHANGE CONTACT#) PER GLP MEMBER UPDATE FORM [MEL];"
70386,01/12/2017,Regular,Accepted,SNPD (346) PER MMR 12/10/16 - CIR. 01/20/17 [JEN];
70386,12/14/2017,Regular,Accepted,RESTORED(346) PER MMR 10/28/17- CIR. 12/10/17(FOX)
70386,08/05/2025,Regular,Accepted,UPDATED NAME OF CHILDREN PER RECEIVED GLP UPDATE FORM 08/05/2025 [JOEL]
70388,03/09/2012,Regular,Accepted,NEW ADDRESS (346) PER 2011 AR (fav 03/09/12);
70388,08/27/2016,Regular,Accepted,PM CERT (346) ISSUED PER SI# 186016 DTD 05/16/16 [MEL];
70389,03/09/2012,Regular,Accepted,NEW ADDRESS (346) PER 2011 AR (fav 03/09/12);
70389,08/27/2016,Regular,Accepted,PM CERT. (346) ISSUED PER SI#186016 DTD 05/16/16 [MEL];
70389,05/31/2021,Regular,Accepted,DGL [ MD-RIV ] MY 2021-2022 [JOEL]
70545,01/13/2017,Regular,Accepted,SNPD (15) PER MMR 06/04/16 - CIR. 12/30/16 [JEN];
70545,04/10/2018,Regular,Accepted,REST(15) MMR 11/04/17- CIR. 03/30/18(JOEL)
70545,02/27/2019,Regular,Accepted,DECEASED(15) MMR 01/05/19- CIR. 02/28/19 [JOEL]
70548,\N,Regular,Accepted,PM Cert (31) 2013 Issued per SI#185953 dtd 05/13/16 [ann];
70558,09/15/2011,Regular,Accepted,Grand Historian 2011 [jen];
70558,02/12/2014,Regular,Accepted,SNPD (69) PER 2013 AR [JEN]; 
70558,01/20/2017,Regular,Accepted,"REST (69) PER LODGE LTR DTD 12/22/16 ""RESTORED PER THEIR PAYMENTS"" APPRVD BY AGS YABUT 01/19/17 - CIR. 01/10/17 [JEN];"
70558,02/24/2025,Regular,Accepted,DECEASED PER 2024 A/R [JOEL]
70560,10/19/2020,Regular,Accepted,DECEASED [69] MMR 02/2020 CIR. 10/20/2020 [JOEL]
70561,06/28/2018,Regular,Accepted,PM CERT(69) ISSUED# 196286DTD 01/19/18(MENG)
70561,06/21/2019,Regular,Accepted,"DGL (MD RIV CAVITE (EAST) (2019) ANN\
"
70561,06/27/2019,Charter,Accepted,CM (448) 09/03/2018 (ANN)
70561,08/15/2019,Regular,Accepted,PM CERT (69) ISSUED PER SI NO.202603 DTD (03/12/19) (ANN)
70561,08/19/2019,Regular,Accepted,VICE CHAIRMAN- COMMITTEE ON PRELIMINARY INVESTIGATION 2019 (ANN)
70561,06/13/2023,Regular,Accepted,MEMBERS COMMITTEE ON PRELIMINARY INVESTIGATION MY 2023-2024 (SALVADOR)
70561,05/17/2025,Regular,No Action,"DDGM, SOUTH KOREA, MY 2025 - 2026"
70562,07/03/2024,Regular,Accepted,MM CERT ISSUED 06/13/2024; PROF EXAM 03/02/2024 [JOEL]
70564,03/14/2017,Regular,Accepted,SNPD (69) PER LODGE RES. NO. 01-03-2017 DTD 03/04/17 - CIR. 03/20/17 [JEN]; SNPD (69) PER 2016 AR [JEN];
70564,07/16/2021,Regular,Accepted,RESTORED [69] MMR 04/2017- CIR. 07/20/2021 [JOEL]
70626,12/04/2019,Regular,Accepted,DECEASED [15] MMR 09/07/19- CIR. 12/10/19 [JOEL]
70751,03/26/2013,Regular,Accepted,SNPD (31) 12/31/12 PER 2012 AR; PER MMR 02/23/13 [JEN];
70764,08/21/2024,Regular,Accepted,MM CERT ISSUED 06/06/2024; PROF EXAM 02/03/2024 [JOEL]
70766,06/20/2017,Regular,Accepted,MM CERT (69) REISSUED PER SI# 192987 DTD 05/23/17 [JEN];
70832,07/04/2014,Regular,Accepted,"MM CERT (352) ISSUED PER SI# 174093 DTD 06/05/14, PROF. EXM DTD 05/07/11 [JEN];"
70832,02/20/2024,Regular,Accepted,"EXPELLED [ 352 ] PER GRAND MASTER'S DECISION NO. 12 ORDERED FEBRUARY 16, 2024, MW MDON T. RAMAS-UYPITCHING, GRAND MASTER, MW DANILO D. ANGELES, PGM, GRAND SECREYTARY [JOEL]"
70838,03/20/2014,Regular,Accepted,SNPD (352) 11/09/13 PER AR 2013 [JEN]; 
70847,03/17/2022,Regular,Accepted,MM CERT ISSUED 03/09/2022 S.I NO. 216016; PROF EXAM 10/05/2019 [JOEL]
70848,02/12/2014,Regular,Accepted,SNPD (69) PER 2013 AR [JEN]; 
70848,11/18/2022,Regular,Accepted,RESTORED [69] MMR 07/2022 CIR. 11/20/2022 [JOEL]
70848,08/03/2023,Regular,Accepted,MM CERT ISSUED 03/24/2023; PROF EXAM 07/07/2007 [JOEL\\]
70883,03/09/2012,Regular,Accepted,NEW ADDRESS (346) PER 2011 AR (fav 03/09/12);
70884,07/05/2013,Regular,Accepted,DGL (RIV-A1) 2013 [JEN];
70884,08/27/2016,Regular,Accepted,PM CERT (346) ISSUED PER SI# 186016 DTD 05/16/16 [MEL];
70884,11/13/2019,Regular,Accepted,GLI- CARMONA UD 2019 [JOEL]
70884,05/19/2021,Regular,Accepted,GLI [69] MY 2021-2022 ALEX
70884,09/25/2023,Honorary,Accepted,HONORARY CERT ISSUED 08/18/2023 [JOEL]
70890,03/26/2013,Regular,Accepted,SNPD (31) 12/31/12 PER 2012 AR; PER MMR 02/23/13 [JEN];
70890,07/17/2013,Regular,Accepted,REST (31) PER MMR 05/25/13 - CIR. 07/10/13 [JEN];
70890,04/16/2024,Regular,Accepted,PROF EXAM 07/12/2008 PER WHITE CARD [JOEL]
71022,11/15/2014,Petitioner,No Action,INITIATED (51) PER MMR 08/09/14 [JEN];
71022,11/26/2014,Petitioner,No Action,PASSED (51) PER MMR 10/18/14 [JEN];
71022,08/06/2015,Regular,Accepted,RAISED (51) PER MMR 07/11/15 - CIR. 07/30/15 [JEN];
71022,11/05/2015,Regular,Accepted,DECEASED (51) PER MMR 08/08/15 - CIR. 09/30/15 [JEN];
71058,07/04/2014,Regular,Accepted,"MM CERT (352) ISSUED PER SI# 174093 DTD 06/05/14, PROF. EXM DTD 05/07/11 [JEN];"
71058,09/27/2021,Regular,Accepted,EXEMPTION PER EDICT NO. 325 [JOEL]
71059,07/04/2014,Regular,Accepted,"MM CERT (352) ISSUED PER SI# 174093 DTD 06/05/14, PROF. EXM DTD 06/04/11 [JEN];"
71059,01/14/2016,Regular,Accepted,SNPD (352) PER MMR 01/02/16 - CIR. 01/10/16 [JEN]; 
71083,07/03/2024,Regular,Accepted,MM CERT ISSUED 06/13/2024; PROF EXAM 03/02/2024 [JOEL]
71084,02/12/2014,Regular,Accepted,SNPD (69) PER 2013 AR [JEN]; 
71084,01/20/2017,Regular,Accepted,"REST (69) PER LODGE LTR DTD 12/22/16 ""RESTORED PER THEIR PAYMENTS"" APPRVD BY AGS YABUT 01/19/17 - CIR. 01/10/17 [JEN];"
71153,08/26/2016,Regular,Accepted,MM CERT (346) ISSUED PER SI# 187400 DTD 7/28/16 PROF.EXM DTD 08/24/14 [ROSE];
71154,03/09/2012,Regular,Accepted,NEW ADDRESS (346) PER 2011 AR (fav 03/09/12);
71154,11/27/2024,Regular,Accepted,MM CERT ISSUED; PROF EXAM 10/22/2022 [JOEL]
71158,02/12/2014,Regular,Accepted,SNPD (69) PER 2013 AR [JEN]; 
71235,12/21/2016,Regular,Accepted,"MM CERT (15) ISSUED PER SI# 189511 DTD 12/02/16, PROF. EXM DTD 11/05/16 [NAZ];"
71235,10/09/2024,Regular,Accepted,MM CERT ISSUED 10/01/2024; PROF EXAM 11/05/2016 [JOEL]
71236,11/05/2024,Regular,Accepted,MM CERT ISSUED 10/28/2024; PROF EXAM 06/05/2008 [JOEL]
71380,02/27/2010,Regular,Accepted,RAISED PER 2009 AR (ann02/27/10); 
71380,03/20/2014,Regular,Accepted,SNPD (352) 11/09/13 PER AR 2013 [JEN]; 
71381,07/04/2014,Regular,Accepted,"MM CERT (352) ISSUED PER SI# 174093 DTD 06/05/14, PROF. EXM DTD 04/05/08 [JEN];"
71381,01/14/2016,Regular,Accepted,SNPD (352) PER MMR 01/02/16 - CIR. 01/10/16 [JEN]; 
71478,03/20/2014,Regular,Accepted,SNPD (352) 11/09/13 PER AR 2013 [JEN]; 
71492,01/13/2017,Petitioner,No Action,SNPD (15) PER MMR 06/04/16 - CIR. 12/30/16 [JEN];
71493,06/09/2018,Regular,Accepted,DGL 2018 ( MD R IV) [NES]
71493,11/15/2018,Regular,Accepted,PM CERT (15) ISSUED PER SI# 199861 DTD 08/23/18  [nes];
71493,06/30/2023,Regular,Accepted,DECEASED [15] MMR 05/2023 CIR. 06/30/2023 [JOEL]
71494,11/05/2024,Regular,Accepted,MM CERT ISSUED 10/28/2024; PROF EXAM 10/04/2008 [JOEL]
71495,11/05/2024,Regular,Accepted,MM CERT ISSUED 10/28/2024; PROF EXAM 11/09/2013 [JOEL]
71658,01/14/2013,Dual,No Action,PET. FOR PLM W/ (352) RCVD. 01/07/13 - CIR. 01/10/13 [JEN];
71658,07/22/2014,Dual,Accepted,PLURAL (352) 10/05/13 PER 2013 AR [JEN];
71658,06/28/2018,Regular,Accepted,PM CERT(352) ISSUED#(MENG)
71658,07/19/2018,Regular,Accepted,"IPM ISSUED JULY 13, 2018 [NES]"
71658,08/28/2019,Regular,Accepted,PM CERT (352) ISSUED PER SI NO. 201639 DTD (01/22/19) (ANN)
71658,06/09/2023,Regular,Accepted,DGL (MD RIV - CAVITE  (EAST) MY 2023-2024 (SALVADOR)
71860,02/27/2020,Regular,Accepted,DEMITED [51] A/R/ [2019] [MON]
71860,02/02/2023,Regular,Accepted,"CLERICAL ERROR IN REPORTING PER LODGE LETTER DATED 01/03/2023 APPROVED BY VW OLIVER V. YABUT, AGS [JOEL]"
71905,\N,Regular,Accepted,SNPD (31) 12/16/10 PER MMR 12/16/10 - CIR. 03/20/11 (ann); 
71959,04/03/2012,Regular,Accepted,SNPD (31) PER 2011 AR [JEN];
72176,\N,Regular,Accepted,DECEASED (31) PER MMR 12/15/11 - CIR. 01/30/12 [JEN];
72245,11/05/2024,Regular,Accepted,PMM CERT ISSUED 10/28/2024; ROF EXAM 11/07/2009 [JOEL]
72246,04/07/2014,Regular,Accepted,PM CERT. (15) ISSUED PER SI# DTD 02/01/14 [JEN]; 
72246,05/15/2017,Regular,Accepted,JUNIOR GRAND LECTURER (SOUTHERN LUZON - CAVITE & LAGUNA) 2017 [JEN];
72246,06/13/2018,Regular,Accepted,GLI(51)2018 JOEL 
72246,11/15/2018,Regular,Accepted,PM CERT (15) ISSUED PER SI# 199861 DTD 08/23/18  [nes];
72246,06/27/2019,Charter,Accepted,CM (448) 09/03/2018 (ANN)
72246,12/16/2019,Regular,Accepted,DDGM- MD RIV CAVITE [EAST] 2019 [JOEL]
72246,06/16/2021,Regular,Accepted,CHAIRMAN COMMITTEE ON GLP LINK MY 2021-2022 [ALEX]
72246,02/02/2022,Regular,Accepted,"HIRAM MEDAL AWARD APPROVED BY MW DANILO D. ANGELES, PGM, GRAND SECRETARY ISSUED 01/27/2022 [JOEL]"
72246,06/08/2022,Regular,Accepted,GRAND PURSUIVANT MY 2022-2023 [JOEL]
72246,02/16/2023,Regular,Accepted,PUBLIC RELATIONS OFFICER  MY 2022-2023 [JOEL]
72246,06/07/2023,Regular,Accepted,"TECHNICAL WORKING GROUP COMMITTEE ON ADMIN OF LODGES, RETURNS & CHARTERS MY 2022-2023 (SALVADOR)"
72246,06/07/2023,Regular,Accepted,VICE CHAIRMAN COMMITTEE ON LODGE SCHOLARSHIP MY 2022-2023 (SALVADOR) 
72246,06/07/2023,Regular,Accepted,MEMBERS COMMITTEE ON WAYS AND MEANS MY 2022-2023 (SALVADOR) 
72246,06/07/2023,Regular,Accepted,MEMBERS COMMITTEE ON FINANCIAL RELIEF & ASSISTANCE MY 2022-2023 (SALVADOR)
72246,06/07/2023,Regular,Accepted,MEMBERS COMMITTEE ON CAVITE AFFAIRS MY 2022-2023 (SALVADOR)
72246,06/07/2023,Regular,Accepted,MEMBERS COMMITTEE ON SPORTS MY 2022-2023 (SALVADOR)
72246,06/07/2023,Regular,Accepted,CHAIRMAN COMMITTEE ON PUBLIC RELATIONS MY 2022-2023 (SALVADOR)
72246,06/08/2023,Regular,Accepted,JUNIOR GRAND WARDEN MY 2023-2024 (SALVADOR)
72246,06/13/2023,Regular,Accepted,MEMBERS COMMITTEE ON FINANCE MY 2023-2024 (SALVADOR)
72246,06/13/2023,Regular,Accepted,CHAIRMAN COMMITTEE ON GRAND LODGE SCHOLARSHIP MY 2023-2024 (SALVADOR)
72246,06/13/2023,Regular,Accepted,MEMBERS COMMITTEE ON CAVITE AFFAIRS MY 2023-2024 (SALVADOR)
72246,06/13/2023,Regular,Accepted,VICE CHAIRMAN COMMITTEE ON CHARITY MY 2023-2024 (SALVADOR)
72246,06/19/2024,Regular,Accepted,SENIOR GRAND WARDEN MY 2024-2025 [JOEL]
72246,12/06/2024,Regular,Accepted,MEMBERS- COMMITTEE ON FINANCE MY 2024-2025 [JOEL]
72246,05/16/2025,Regular,No Action,"CO-CHAIRMEN, COMMITTEE ON MASONIC ASSOCIATIONS AND CLUBS, MY-2024-2025"
72246,05/16/2025,Regular,No Action,"TECHNICAL ADVISERS, COMMITTEE ON SUBORDINATE LODGE MAPPING AND MEMBERSHIP ASSESSMENT, MY- 2024 - 2025"
72246,05/16/2025,Regular,No Action,"MEMBER, COMMITTEE ON CAVITE AFFAIRS, MY - 2024 - 2025"
72246,05/16/2025,Regular,No Action,"DEPUTY GRAND MASTER, MY - 2025 - 2026"
72246,05/19/2025,Regular,No Action,"SECRETARY, BOARD FOR GENERAL PURPOSES, MY 2025 - 2026"
72246,05/21/2025,Regular,No Action,"DEPUTY GRAND MASTER, MY 2025 - 2026"
72247,01/13/2017,Regular,Accepted,SNPD (15) PER MMR 06/04/16 - CIR. 12/30/16 [JEN];
72248,05/31/2017,Regular,Accepted,DGL (MD RIV CAVITE-EAST) 2017 [JEN];
72248,11/15/2018,Regular,Accepted,PM CERT (15) ISSUED PER SI# 199861 DTD 08/23/18  [nes];
72248,06/08/2022,Regular,Accepted,JGL SOUTHERN LUZON  [CAVITE] MY 2022-2023 [JOEL]
72248,05/17/2025,Regular,No Action,"GRAND PURSUIVANT, MY - 2025 - 2026"
72250,05/21/2025,Regular,Accepted,SNPD [ 15 ] MMR  03/2025 CIR 05/30/2025 [JOEL]
72251,11/05/2024,Regular,Accepted,MM CERT ISSUED 10/28/2024; PROF EXAM 05/02/2009 [JOEL]
72252,11/05/2024,Regular,Accepted,MM CERT ISSUED 10/28/2024; PROF EXAM 05/02/2009 [JOEL]
72291,09/01/2023,Regular,Accepted,MM CERT ISSUED 08/02/2023; PROF XAM 06/01/2013 [JOEL]
72292,01/15/2014,Regular,Accepted,MM CERT. (69) ISSUED PER SI# 168638 DTD 11/12/13 [JEN]; 
72292,10/26/2016,Regular,Accepted,"MM CERT (69) ISSUED PER SI# 188577 DTD 10/10/16, PROF. EXM DTD 08/01/09 [ROSE];"
72292,06/21/2019,Regular,Accepted,DGL (MD RIV CAVITE (EAST) (2019) ANN
72292,06/27/2019,Charter,Accepted,CM (448) 09/03/2018 (ANN)
72292,08/09/2019,Honorary,Accepted,HON CERT (346) ISSUED PER SI NO. 201941 DTD (01/31/19) (ANN)
72292,08/15/2019,Regular,Accepted,PM CERT (69) ISSUED PER SI NO.202603 DTD (03/12/19) (ANN)
72292,05/19/2021,Regular,Accepted,GLI [448] MY 2021-2022 ALEX
72292,05/16/2025,Regular,No Action,"GRAND MARSHAL, MY - 2025 - 2026"
72292,05/19/2025,Regular,No Action,"DEPUTY CHIEF OF STAFF, CORPORATE APPOINTMENTS, MY 2025 - 2026"
72292,05/21/2025,Regular,No Action,"GRAND MARSHAL, MY 2025 - 2026"
72293,02/12/2014,Regular,Accepted,SNPD (69) PER 2013 AR [JEN]; 
72294,02/12/2014,Regular,Accepted,SNPD (69) PER 2013 AR [JEN]; 
72294,06/03/2017,Regular,Accepted,REST (69) 12/07/15 PER 2016 AR [JEN];
72294,07/28/2021,Regular,Accepted,DECEASED [69] MMR 04/2021 CIR. 07/30/2021 [JOEL]
72295,01/15/2014,Regular,Accepted,MM CERT. (69) ISSUED PER SI# 168638 DTD 11/12/13 [JEN]; 
72296,02/12/2014,Regular,Accepted,SNPD (69) PER 2013 AR [JEN]; 
72296,03/01/2016,Regular,Accepted,REST (69) 09/05/15 PER 2015 AR [JEN];
72296,03/16/2016,Regular,Accepted,REST (69) PER MMR SEPT 2015 - CIR. 02/20/16 [JEN];
72297,03/25/2010,Petitioner,Petitioner,PASSED PER MMR FEB. 2010 - CIR. 03/30/10 (ann03/25/10); 
72297,06/07/2010,Regular,Accepted,RAISED PER MMR 03/06/10 - CIR. 05/10/10 (ann); 
72297,11/04/2015,Regular,Accepted,UPDATE RECORDS (CHANGE OF ADD) PER GLP UPDATE FORM [JEN];
72297,05/16/2025,Regular,Accepted,MM CERT ISSUED 02/10/2025; PROF EXAM 05/04/2023 [JOEL]
72297,05/17/2025,Regular,No Action,"DGL, NCR-H, MY 2025 - 2026"
72298,01/24/2013,Regular,Accepted,SNPD (69) PER 2012 AR [JEN];
72301,03/09/2012,Regular,Accepted,NEW ADDRESS (346) PER 2011 AR (fav 03/09/12);
72302,12/05/2024,Regular,Accepted,MM CERT ISSUED 11/30/2024; PROF EXAM 04/20/2024 [JOEL]
72430,09/30/2024,Regular,Accepted,MM CERT ISSUED 09/18/2024; PROF EXAM 02/06/2010 [JOEL]
72431,05/21/2025,Regular,Accepted,SNPD [ 15 ] MMR  03/2025 CIR 05/30/2025 [JOEL]
72434,\N,Regular,Accepted,MM CERT (15) ISSUED PER SI # 140918 DTD 03/03/11 [JEN];
72434,07/05/2022,Regular,Accepted,GLI [CARMONA SORTEO UD] MY 2021-2022 [JOEL]
72434,10/09/2024,Regular,Accepted,DGL [ MD RIV- CAVITE- EAST ] MY 2024-2025 [JOEL]
72434,05/16/2025,Regular,No Action,"GRAND SWORD BEARER, MY - 2024 - 2025"
72434,05/16/2025,Regular,Accepted,Gli [346] My 2023-2024 [April]
72434,05/21/2025,Regular,No Action,"GRAND SWORD BEARER, MY 2025 - 2026"
72435,02/16/2016,Regular,Accepted,RAISED (15) PER MMR 10/10/15 - CIR. 01/30/16 [JEN];
72435,11/05/2024,Regular,Accepted,MM CERT ISSUED 10/28/2024; PROF EXAM 02/06/2016 [JOEL]
72436,\N,Regular,Accepted,MM CERT (15) ISSUED PER SI # 140918 DTD 03/03/11 [JEN];
72436,09/30/2024,Regular,Accepted,MM CERT ISSUED 09/18/2024; PROF EXAM 02/06/2010 [JOEL]
72456,03/09/2012,Regular,Accepted,NEW ADDRESS (346) PER 2011 AR (fav 03/09/12);
72458,12/09/2024,Regular,Accepted,MM CERT ISSUED 11/30/2024; PROF EXAM 02/24/2024 [JOEL]
72480,10/18/2010,Regular,Accepted,SNPD (15) 01/09/10 PER 2009 AR (ann); 
72516,07/22/2022,Regular,Accepted,MM CERT ISSUED 04/20/2022 S.I NO. 216916; PROF EXAM 07/10/2021 [JOEL]
72638,\N,Regular,Accepted,MM CERT (15) ISSUED PER SI # 140918 DTD 03/03/11 [JEN];
72638,12/21/2016,Regular,Accepted,"MM CERT (15) ISSUED PER SI# 189511 DTD 12/02/16, PROF. EXM DTD 07/02/11 [NAZ];"
72638,06/07/2023,Regular,Accepted,GLI (447) MY 2022-2023 (SALVADOR)
72638,10/09/2024,Regular,Accepted,DGL [ MD RIV- LAGUNA- WEST ] MY 2024-2025 [JOEL]
72789,\N,Regular,Accepted,MM CERT (15) ISSUED PER SI # 140918 DTD 03/03/11 [JEN];
72789,02/18/2022,Regular,Accepted,DECEASED [15] MMR 12/04/2021 CIR. 02/20/2022 [JOEL]
72806,02/02/2015,Regular,Accepted,SNPD (31) 12/20/14 PER 2014 AR; PER MMR 12/20/14 - CIR. 02/20/15 [JEN];
72806,03/23/2015,Regular,Accepted,REST (31) PER MMR 02/28/15 - CIR. 03/10/15 [JEN];
72998,01/13/2017,Regular,Accepted,SNPD (15) PER MMR 06/04/16 - CIR. 12/30/16 [JEN];
72999,11/05/2024,Regular,Accepted,MM CERT ISSUED 10/28/2024; PROF EXAM 05/02/2009 [JOEL]
73019,02/09/2010,General,General,INITIATED PER MMR 12/05/09 (ann02/09/10); 
73020,05/17/2025,Regular,Accepted,"DGL, NCR-A, MY 2025 - 2026"
73048,08/26/2016,Regular,Accepted,MM CERT (346) ISSUED PER SI# 187400 DTD 7/28/16 PROF.EXM DTD 11/23/13 [ROSE];
73048,02/10/2017,Regular,Accepted,PM CERT (346) ISSUED PER SI# 190172 DTD 01/14/17 [JEN];
73048,06/09/2018,Regular,Accepted,DGL 2018 ( MD R IV) [NES]
73048,08/28/2019,Regular,Accepted,HIRAM MEDAL ISSUED 08/28/19 [JOEL]
73048,06/11/2021,Dual,Accepted,DUAL FROM CHARTER [ALEX]
73048,11/29/2021,Dual,Accepted,DEMITTED [451] MMR 07/23/2021- CIR. 11/30/2021 [JOEL]
73048,09/25/2023,Honorary,Accepted,HONORARY CERT ISSUED 08/18/2023 [JOEL]
73050,12/09/2024,Regular,Accepted,MM CERT ISSUED 11/30/2024; PROF EXAM 02/24/2024 [JOEL]
73051,01/12/2017,Regular,Accepted,SNPD (346) PER MMR 12/10/16 - CIR. 01/20/17 [JEN];
73292,03/09/2012,Regular,Accepted,NEW ADDRESS (346) PER 2011 AR (fav 03/09/12);
73292,12/09/2024,Regular,Accepted,MM CERT ISSUED 11/30/2024; PROF EXAM 02/24/2024 [JOEL]
73347,04/05/2010,Petitioner,No Action,PET. ELCTD PER MMR 11/07/09 (ann04/05/10); 
73347,11/05/2010,Regular,Accepted,"INITIATED, PASSED AND RAISED PER MMR 09/04/10 - CIR. 11/10/10 (ann); "
73347,07/04/2014,Regular,Accepted,"MM CERT (352) ISSUED PER SI# 174093 DTD 06/05/14, PROF. EXM DTD 06/04/11 [JEN];"
73347,10/22/2024,Regular,Accepted,"PM CERT , PIN & APRON ISSUED 01/22/2024 [JOEL]"
73347,05/19/2025,Regular,No Action,"DGL, RIV CAVITE (EAST) MY 2025 - 2026"
73458,01/20/2010,General,General,INITIATED PER MMR 05/02/09 (ann01/20/10); 
73458,01/20/2010,General,General,PASSED PER MMR 07/04/09 (ann01/20/10); 
73458,01/28/2010,General,Accepted,RAISED PER MMR 09/05/09 - CIR. 01/30/10 (ann01/28/10); 
73458,11/15/2018,Regular,Accepted,PM CERT (15) ISSUED PER SI# 199861 DTD 08/23/18  [nes];
73458,05/21/2021,Regular,Accepted,GLI [51] MY 2019-2021 ALEX
73458,01/30/2023,Regular,Accepted,DGL [MD RIV- CAVITE-EAST] MY 2022-2023 [JOEL]
73458,11/05/2024,Regular,Accepted,MM CERT ISSUED 10/28/2024; PROF EXAM 11/05/2011 [JOEL]
73459,01/20/2010,General,General,INITIATED PER MMR 05/02/09 (ann01/20/10); 
73459,01/20/2010,General,General,PASSED PER MMR 07/04/09 (ann01/20/10); 
73459,01/28/2010,General,Accepted,RAISED PER MMR 09/05/09 - CIR. 01/30/10 (ann01/28/10); 
73459,11/05/2024,Regular,Accepted,MM CERT ISSUED 10/28/2024; PROF EXAM 11/07/2009 [JOEL]
74046,04/05/2010,Petitioner,No Action,PET. ELCTD PER MMR 11/07/09 (ann04/05/10); 
74046,10/13/2010,Regular,Accepted,"INITIATED, PASSED AND RAISED PER MMR 06/05/10 - CIR. 10/10/10 (ann); "
74046,02/11/2014,Petitioner,No Action,PM CERT. (352) ISSUED PER SI# 170655 DTD 01/30/14 [JEN]; 
74047,04/05/2010,Petitioner,No Action,PET. ELCTD PER MMR 11/07/09 (ann04/05/10); 
74047,10/01/2010,Petitioner,No Action,INITIATED PER MMR 05/01/10 (ann); 
74047,11/11/2010,Regular,Accepted,RAISED PER MMR 10/02/10 - CIR. 11/20/10 (ann); 
74047,03/20/2014,Regular,Accepted,SNPD (352) 11/09/13 PER AR 2013 [JEN]; 
74048,04/05/2010,Petitioner,No Action,PET. ELCTD PER MMR 11/07/09 (ann04/05/10); 
74048,03/23/2012,Petitioner,No Action,"INITIATED, PASSED (352)  PER 2010 AR (fav 03/23/2012);"
74068,\N,Regular,Accepted,"INITIATED, PASSED AND RAISED PER MMR 12/11/10 - CIR. 02/20/11 (ann); "
74158,04/05/2010,Petitioner,No Action,PET. ELCTD PER MMR 11/07/09 (ann04/05/10); 
74158,03/23/2012,Petitioner,No Action,"INITIATED, PASSED (352)  PER 2010 AR (fav 03/23/2012);"
74158,03/23/2012,Regular,Accepted,RAISED (352)  PER 2011 AR (fav 03/23/2012);
74158,07/04/2014,Regular,Accepted,"MM CERT (352) ISSUED PER SI# 174093 DTD 06/05/14, PROF. EXM DTD 08/06/11 [JEN];"
74158,01/14/2016,Regular,Accepted,SNPD (352) PER MMR 01/02/16 - CIR. 01/10/16 [JEN]; 
74175,03/06/2014,Regular,Accepted,SNPD (31) PER MMR 02/22/14 - CIR. 02/28/14 [JEN]; 
74176,03/06/2014,Regular,Accepted,SNPD (31) PER MMR 02/22/14 - CIR. 02/28/14 [JEN]; 
74176,01/10/2023,Regular,Accepted,RESTORED [31] MMR 11/2022 CIR. 01/10/2023 [JOEL]
74176,05/23/2024,Regular,Accepted,M M CERT ISSUED 05/31/2024; PROF EXAM 04/13/2024 [JOEL]
74177,\N,Regular,Accepted,SNPD (31) 12/16/10 PER MMR 12/16/10 - CIR. 03/20/11 (ann); 
74178,04/14/2011,Regular,Accepted,RAISED PER MMR 03/26/11 - CIR. 04/10/11 (ann); 
74178,01/05/2017,Regular,Accepted,SNPD (31) PER MMR 12/17/16 - CIR. 12/30/16 [JEN];
74178,11/25/2022,Regular,Accepted,RESTORED [31] MMR 03/2022 CIR. 11/30/2022  [JOEL]
74181,\N,Regular,Accepted,"INITIATED, PASSED AND RAISED PER MMR 12/11/10 - CIR. 02/20/11 (ann); "
74181,05/17/2012,Regular,Accepted,MM Cert. (51) Issued per S.I.#146738 dtd 11.19.11 [jho];
74181,07/04/2014,Regular,Accepted,MM CERT (51) ISSUED PER SI# 174092 DTD 06/05/14 [JEN];
74223,03/25/2010,Petitioner,Petitioner,PET. RJCTD PER MMR FEB. 2010 - CIR. 03/30/10 (ann03/25/10); 
74225,02/16/2010,Petitioner,Petitioner,PASSED PER 2009 AR; RAISED PER MMR 01/09/10 - CIR. 02/20/10 (ann02/16/10); 
74226,03/25/2010,Petitioner,Petitioner,PASSED PER MMR FEB. 2010 - CIR. 03/30/10 (ann03/25/10); 
74226,09/22/2010,Regular,Accepted,RAISED PER MMR 05/31/10 - CIR. 09/20/10 (ann); 
74227,\N,Petitioner,Petitioner,PASSED PER 2009 AR (ann); 
74349,\N,Regular,Accepted,"Initiated, Passed And Raised Per Mmr 12/11/10 - Cir. 02/20/11 (ann);"
74349,03/14/2017,Regular,Accepted,"MM CERT (51) ISSUED PER SI# 189172 DTD 11/14/16, PROF EXM DTD JULY 2015 [JEN];"
74402,01/20/2010,General,General,PET. ELCTD AND INITIATED PER MMR 08/04/09 (ann01/20/10); 
74402,01/28/2010,General,Accepted,PASSED PER MMR 09/05/09 (ann01/28/10); 
74402,01/28/2010,General,Accepted,RAISED PER MMR 11/07/09 - CIR. 01/30/10 (ann01/28/10); 
74402,11/05/2024,Regular,Accepted,MM CERT ISSUED 10/28/2024; PROF EXAM 03/06/2010 [JOEL]
74403,01/20/2010,General,General,PET. ELCTD AND INITIATED PER MMR 08/04/09 (ann01/20/10); 
74403,01/28/2010,General,Accepted,PASSED PER MMR 09/05/09 (ann01/28/10); 
74403,01/28/2010,General,Accepted,RAISED PER MMR 11/07/09 - CIR. 01/30/10 (ann01/28/10); 
74403,11/15/2018,Regular,Accepted,PM CERT (15) ISSUED PER SI# 199861 DTD 08/23/18  [nes];
74403,01/30/2023,Regular,Accepted,DGL [MD RIV- CAVITE-EAST] MY 2022-2023 [JOEL]
74404,01/20/2010,General,General,PET. ELCTD AND INITIATED PER MMR 08/04/09 (ann01/20/10); 
74404,01/28/2010,General,Accepted,PASSED PER MMR 09/05/09 (ann01/28/10); 
74404,01/28/2010,General,Accepted,RAISED PER MMR 11/07/09 - CIR. 01/30/10 (ann01/28/10); 
74491,01/29/2010,General,Accepted,RAISED PER MMR 12/12/09 - CIR. 01/30/10 (ann01/29/10); 
74491,01/05/2011,Regular,Accepted,PROF EXAM RECD. PER MINUTES DTD 07/21/10 (ann); 
74491,03/26/2013,Regular,Accepted,SNPD (31) 12/31/12 PER 2012 AR; PER MMR 02/23/13 [JEN];
74492,01/29/2010,General,Accepted,RAISED PER MMR 12/12/09 - CIR. 01/30/10 (ann01/29/10); 
74492,01/05/2011,Regular,Accepted,PROF EXAM RECD. PER MINUTES DTD 07/21/10 (ann); 
74492,03/26/2013,Regular,Accepted,SNPD (31) 12/31/12 PER 2012 AR; PER MMR 02/23/13 [JEN];
74492,12/07/2015,Regular,Accepted,REST (31) PER MMR 10/24/15 - CIR. 11/10/15 [JEN];
74563,01/20/2010,General,General,INITIATED PER MMR 12/05/09 (ann01/20/09); 
74563,01/28/2010,General,Accepted,PET. ELCTD. PER MMR 09/05/09 (ann01/28/10); 
74564,01/28/2010,General,Accepted,PET. ELCTD. PER MMR 09/05/09 (ann01/28/10); 
74564,\N,Petitioner,Petitioner,INITIATED PER 2010 AR [ann]; 
74565,01/20/2010,General,General,INITIATED PER MMR 12/05/09 (ann01/20/09); 
74565,01/28/2010,General,Accepted,PET. ELCTD. PER MMR 09/05/09 (ann01/28/10); 
74565,\N,Regular,Accepted,RAISED PER 2010 AR [ann]; 
74565,03/04/2022,Regular,Accepted, MM CERT ISSUED 12/15/2021 S.I NO. 214457; PROF EXAM 12/21/2019[JOEL]
74565,09/19/2024,Regular,Accepted,MM CERT ISSUED 09/12/2024; PROF EXAM 12/21/2019 [JOEL]
74566,01/20/2010,General,General,INITIATED PER MMR 12/05/09 (ann01/20/09); 
74566,01/28/2010,General,Accepted,PET. ELCTD. PER MMR 09/05/09 (ann01/28/10); 
74566,\N,Regular,Accepted,RAISED PER 2010 AR [ann]; 
74566,09/19/2024,Regular,Accepted,MM CERT ISSUED 09/12/2024; PROF EXAM 12/21/2019 [JOEL]
75185,09/22/2010,Regular,Accepted,"INITIATED, PASSED AND RAISED PER MMR 07/03/10 - CIR. 09/20/10 (ann); "
75186,09/22/2010,Regular,Accepted,"INITIATED, PASSED AND RAISED PER MMR 08/07/10 - CIR. 09/20/10 (ann); "
75446,02/27/2010,General,Accepted,"ML (69) PET. PRSTD. 01/09/10, GLP RCVD. 02/17/10 - CIR. 03/10/10 (ann02/27/10); "
75452,02/27/2010,General,Accepted,"ML (31) PET. PRSTD. 02/13/10, GLP RCVD. 02/25/10 - CIR. 03/10/10 (ann02/27/10); "
75452,07/14/2010,Petitioner,Petitioner,PET. ELCTD AND INITIATED PER MMR 05/08/10 (ann);
75452,08/10/2010,Petitioner,Petitioner,PASSED PER MMR 07/24/10 (ann);
75452,10/13/2010,Regular,Accepted,RAISED PER MMR SEPT. 2010 - CIR. 10/10/10 (ann); 
75452,08/04/2017,Regular,Accepted,"MM CERT (31) ISSUED PER SI# 193225 DTD 06/09/17, PROF. EXM DTD 10/22/16 [JEN];"
75453,02/27/2010,General,Accepted,"ML (31) PET. PRSTD. 02/13/10, GLP RCVD. 02/25/10 - CIR. 03/10/10 (ann02/27/10); "
75453,07/14/2010,Petitioner,Petitioner,PET. ELCTD AND INITIATED PER MMR 05/08/10 (ann); 
75453,08/10/2010,Petitioner,Petitioner,PASSED PER MMR 07/24/10 (ann); 
75453,10/13/2010,Regular,Accepted,RAISED PER MMR SEPT. 2010 - CIR. 10/10/10 (ann); 
75453,10/23/2015,Regular,Accepted,MM CERT (31) ISSUED PER SI# 180589 DTD 05/26/15 [JEN];
75453,07/04/2023,Regular,Accepted,MM CERT ISSUED 06/14/2023; PROF EXAM 03/28/2015[JOEL]
75511,03/10/2010,General,Accepted,"ML (31) PET. PRSTD. 02/13/10, GLP RCVD. 02/25/10 - CIR. 03/10/10 (ann03/10/10); "
75511,07/14/2010,Petitioner,Petitioner,PET. ELCTD AND INITIATED PER MMR 05/08/10 (ann); 
75511,08/14/2010,Petitioner,Petitioner,PASSED PER MMR 06/12/10 (ann); 
75511,03/02/2011,Regular,Accepted,RAISED PER LTR DTD 01/22/11 APPRVD. BY GS ANGELES (ann); 
75511,05/31/2017,Regular,Accepted,"MM CERT (31) ISSUED PER SI# 192778 DTD 05/10/17, PROF. EXM DTD 02/25/17 [JHEZ];"
75512,03/10/2010,General,Accepted,"ML (31) PET. PRSTD. 02/13/10, GLP RCVD. 02/25/10 - CIR. 03/10/10 (ann03/10/10); "
75512,07/14/2010,Petitioner,Petitioner,PET. ELCTD AND INITIATED PER  MMR 05/08/10 (ann); 
75512,08/14/2010,Petitioner,Petitioner,PASSED PER MMR 06/12/10 (ann); 
75512,03/02/2011,Regular,Accepted,RAISED PER LTR DTD 01/22/11 APPRVD. BY GS ANGELES (ann); 
75512,03/06/2014,Regular,Accepted,SNPD (31) PER MMR 02/22/14 - CIR. 02/28/14 [JEN]; 
75683,06/04/2010,Petitioner,Petitioner,"ML (346) PET PRSTD. 02/27/10, GLP RCVD. 04/12/10 - CIR. 04/30/10 (ann); "
75683,\N,Regular,Accepted,"INITIATED, PASSED AND RAISED PER MMR 12/04/10 - CIR. 04/20/11 (ann); "
75683,03/09/2012,Regular,Accepted,NEW ADDRESS (346) PER 2011 AR (fav 03/09/12);
75683,06/27/2013,Regular,Accepted,"MM CERT. (346) ISSUED PER SI#159540 DTD 06/10/13 PROF. EXAMS DTD JANUARY 22, 2011 [DARIO]:"
75683,06/11/2021,Dual,Accepted,DUAL FROM CHARTER [ALEX]
75683,11/29/2021,Dual,Accepted,DEMITTED [451] MMR 07/23/2021- CIR. 11/30/2021 [JOEL]
75683,06/07/2023,Regular,Accepted,GLI (346) MY 2022-2023 (SALVADOR)
75683,06/09/2023,Regular,Accepted,DGL (MD RIV - CAVITE  (EAST) MY 2023-2024 (SALVADOR)
75684,06/04/2010,Petitioner,Petitioner,"ML (346) PET PRSTD. 02/27/10, GLP RCVD. 04/12/10 - CIR. 04/30/10 (ann); "
75684,\N,Regular,Accepted,"INITIATED, PASSED AND RAISED PER MMR 12/04/10 - CIR. 04/20/11 (ann); "
75684,03/09/2012,Regular,Accepted,NEW ADDRESS (346) PER 2011 AR (fav 03/09/12);
75684,06/27/2013,Regular,Accepted,"MM CERT. (346) ISSUED PER SI#159540 DTD 06/10/13  PROF. EXAMS DTD JANUARY 22, 2011 [DARIO]:"
75684,08/23/2016,Regular,Accepted,PM CERT (346) ISSUED PER SI#186015 DTD 05/16/16 [MEL];
75684,05/31/2017,Regular,Accepted,DGL (MD RIV CAVITE-EAST) 2017 [JEN];
75685,06/04/2010,Petitioner,Petitioner,"ML (346) PET PRSTD. 02/27/10, GLP RCVD. 04/12/10 - CIR. 04/30/10 (ann); "
75685,06/10/2011,Regular,Accepted,"INITIATED, PASSED AND RAISED PER MMR 04/09/11 - CIR. 06/30/11 [ann]; "
75685,12/09/2024,Regular,Accepted,MM CERT ISSUED 11/30/2024; PROF EXAM 02/24/2024 [JOEL]
75701,06/08/2010,Petitioner,Petitioner,"ML (51) PET. PRSTD. 04/10/10, GLP RCVD 04/21/10 - CIR. 05/10/10 (ann);"
75701,07/23/2010,Petitioner,Petitioner,INITIATED PER MMR 07/10/10 (ann); 
75701,\N,Petitioner,Petitioner,PASSED PER MMR 09/11/10 (ann);
75701,\N,Regular,Accepted,RAISED PER MMR 09/11/10 - CIR. 05/30/11 [ann]; 
75701,01/12/2012,Regular,Accepted,MM CERT (51) ISSUED PER SI# 146392 DTD 12/07/11 [ann]; 
75701,07/04/2014,Regular,Accepted,MM CERT (51) ISSUED PER SI# 174092 DTD 06/05/14 [JEN];
75870,07/13/2010,Petitioner,Petitioner,"ML (15) PET. PRSTD 03/06/10, GLP RCVD. 07/09/10 - CIR. 07/10/10 (ann); "
75870,06/29/2011,Regular,Accepted,PASSED PER MMR 01/08/11; RAISED PER MMR APRIL 2011 - CIR. 06/30/11 [ann]; 
75870,\N,Petitioner,Petitioner,INITIATED RECD PER 2010 AR [ann]; 
75870,11/05/2024,Regular,Accepted,MM CERT ISSUED 10/28/2024; PROF EXAM 11/09/2013 [JOEL]
75873,07/13/2010,Petitioner,Petitioner,"ML (31) PET. PRSTD 06/12/10, GLP RCVD. 06/23/10 - CIR. 07/10/10 (ann); "
75873,09/11/2010,Petitioner,Petitioner,PET. ELCTD PER MMR 08/28/10 (ann); 
75873,\N,Petitioner,Petitioner,INITIATED PER 2010 AR [ann]; 
75874,07/13/2010,Petitioner,Petitioner,"ML (31) PET. PRSTD 06/12/10, GLP RCVD. 06/23/10 - CIR. 07/10/10 (ann); "
75874,09/11/2010,Petitioner,Petitioner,PET. ELCTD PER MMR 08/28/10; INITIATED 2010 AR (ann); 
75874,04/14/2011,Regular,Accepted,RAISED PER MMR 03/26/11 - CIR. 04/10/11 (ann); 
75874,\N,Regular,Accepted,PM Cert (31) 2014 Issued per SI#185953 dtd 05/13/16 [ann];
75874,10/03/2016,Regular,Accepted,DGL (R IV-A1) 2016 [ROSE];
75874,03/14/2017,Regular,Accepted,UPDATE RECORD (CHANGE OF ADD) FOR GLP MEMBERS UPDATE FORM [JEN];
75874,03/14/2017,Regular,Accepted,UPDATE RECORD (ADD CHILD) FOR GLP MEMBERS UPDATE FORM [JEN];
75874,01/19/2024,Regular,Accepted,SNPD [ 31 ] MMR 01/2024 CIR 01/20/2024 [JOEL]
75874,01/30/2024,Regular,Accepted,SNA [31] MMR 12/2023 CIR 01/30/2024 [JOEL]
75899,07/13/2010,Petitioner,Petitioner,"ML (346) PET. PRSTD. 12/09/09, GLP RCVD. 04/12/10 - CIR. 05/20/10 (ann); "
75899,06/10/2011,Regular,Accepted,"INITIATED, PASSED AND RAISED PER MMR 04/09/11 - CIR. 06/30/11 [ann]; "
75899,08/26/2016,Regular,Accepted,MM CERT (346) ISSUED PER SI# 187400 DTD 7/28/16 PROF.EXM DTD 10/27/12 [ROSE];
76088,08/10/2010,Petitioner,Petitioner,"ML (31) PET. PRSTD. 07/24/10, GLP RCVD. 08/04/10 - CIR. 08/10/10 (ann); "
76122,08/12/2010,Petitioner,Petitioner,"ML (346) PET. PRSTD. 05/22/10, GLP RCVD 08/09/10 - CIR. 08/10/10 (ann); "
76122,07/21/2011,Petitioner,No Action,PET.ELCTD. (346) PER MMR 09/25/10 [JEN]; PASSED PER MMR 05/28/11 [ann]; 
76122,\N,Petitioner,Petitioner,INITATED PER MMR 10/23/10 [JEN];
76122,03/07/2012,Regular,Accepted,RAISED (346) PER 2011 (fav 03/07/2012);
76122,03/09/2012,Regular,Accepted,NEW ADDRESS (346) PER 2011 AR (fav 03/09/12);
76122,09/26/2016,Regular,Accepted,"MM CERT (346) ISSUED PER SI# 188196 DTD 09/15/16, PROF. EXAM DTD 09/22/12 [ROSE];"
76122,12/05/2024,Regular,Accepted,IMES GARDUATE APRIL 5 & 6 2024 [JOEL]
76123,08/13/2010,Petitioner,Petitioner,"ML (346) PET. PRSTD. 04/02/10, GLP RCVD. 08/09/10 - CIR. 08/10/10 (ann); "
76123,03/07/2012,Regular,Accepted,RAISED (346) PER 2011 (fav 03/07/2012);
76123,\N,Petitioner,No Action,PASSED PER MMR 07/23/11 [JEN];
76123,\N,Petitioner,No Action,PET.ELCTD.(346) PER MMR 09/25/10 [JEN]; INITIATED PER MMR 10/23/10 [JEN];
76123,06/13/2018,Regular,Accepted,GLI(31)2018 JOEL 
76123,08/28/2019,Regular,Accepted,HIRAM MEDAL ISSUED 08/28/19 [JOEL]
76123,05/26/2021,Regular,Accepted,DGL [MD- RIV ] MY 2021-2022 [JOEL]
76123,06/11/2021,Dual,Accepted,DUAL FROM CHARTER [ALEX]
76123,03/09/2023,Honorary,Accepted,HONORARY CERT ISSUED 01/18/2023 [JOEL]
76124,08/13/2010,Petitioner,Petitioner,"ML (346) PET. PRSTD. 04/17/10, GLP RCVD. 08/09/10 - CIR. 08/10/10 (ann); "
76124,\N,Petitioner,No Action,PET.ELCTD. (346) PER MMR 09/25/10 [JEN]; INITIATED PER MMR 10/23/10 [JEN];
76124,03/07/2012,Regular,Accepted,RAISED (346) PER 2011 (fav 03/07/2012);
76124,11/24/2016,Regular,Accepted,"MM CERT (346) ISSUED PER SI# 188878 DTD 10/27/16, PROF. EXM DTD 08/23/14"
76124,05/19/2025,Regular,No Action,"DGL, RIV CAVITE (WEST) MY 2025 - 2026"
76125,08/13/2010,Petitioner,Petitioner,"ML (346) PET. PRSTD. 04/02/10, GLP RCVD. 08/09/10 - CIR. 08/10/10 (ann); "
76125,02/28/2013,Petitioner,No Action,PET. ELCTD. (346) PER MMR 09/25/10 [JEN]; INITATED PER MMR 10/23/10 [JEN];
76126,08/13/2010,Petitioner,Petitioner,"ML (346) PET. PRSTD. 04/02/10, GLP RCVD. 08/09/10 - CIR. 08/10/10 (ann); "
76126,\N,Petitioner,No Action,PET.ELCTD. (346) PER MMR 09/25/10 [JEN];
76126,\N,Petitioner,Petitioner,INITATED PER MMR 10/23/10 [JEN];
76126,03/07/2012,Regular,Accepted,PASSED AND RAISED (346) PER 2011 (fav 03/07/2012);
76126,03/09/2012,Regular,Accepted,NEW ADDRESS (346) PER 2011 AR (fav 03/09/12);
76126,08/16/2019,Regular,Accepted,MM CERT (346) ISSUED PER SI NO. 204452 DTD 07/17/19 PROF. EXAM (03/23/19) (ANN)
76127,08/13/2010,Petitioner,Petitioner,"ML (346) PET. PRSTD. 04/02/10, GLP RCVD. 08/09/10 - CIR. 08/10/10 (ann); "
76127,03/07/2012,Regular,Accepted,RAISED (346) PER 2011 (fav 03/07/2012);
76127,\N,Petitioner,No Action,PASSED PER MMR 08/27/11 [JEN];
76127,\N,Petitioner,No Action,INITIATED PER MMR 10/23/10 [JEN];
76127,06/11/2021,Dual,Accepted,DUAL FROM CHARTER [ALEX]
76127,10/13/2022,Regular,Accepted,MM CERT ISSUED 09/29/2022 S.I NO. 220024; PROF EXAM 03/25/2017 [JOEL]
76127,10/09/2024,Regular,Accepted,DGL [ MD RIV- CAVITE- EAST ] MY 2024-2025 [JOEL]
76200,08/25/2010,Petitioner,Petitioner,"ML (346) PET. PRSTD. 06/27/09, GLP RCVD 06/01/10 - CIR. 06/10/10 (ann); "
76200,06/10/2011,Regular,Accepted,"INITIATED, PASSED AND RAISED PER MMR 04/09/11 - CIR. 06/30/11 [ann]; "
76222,08/27/2010,Petitioner,No Action,"ML (352) PET. PRSTD. 05/01/10, GLP RCVD. 06/11/10 - CIR. 06/20/10 (ann); "
76222,10/01/2010,Petitioner,No Action,PET. ELCTD PER MMR 07/03/10 (ann); 
76222,11/05/2010,Petitioner,No Action,INITIATED PER MMR 09/04/10 (ann); 
76222,03/23/2012,Petitioner,No Action,PASSED (352)  PER 2010 AR (fav 03/23/2012);
76222,01/13/2015,Regular,Accepted,RAISED (352) CERTIFIED THRU LODGE TYLER'S BOOK DTD 10/02/10 [JEN];
76223,08/27/2010,Petitioner,No Action,"ML (352) PET. PRSTD. 05/01/10, GLP RCVD. 06/11/10 - CIR. 06/20/10 (ann); "
76223,10/01/2010,Petitioner,No Action,PET. ELCTD PER MMR 07/03/10 (ann); 
76223,11/11/2010,Petitioner,No Action,INITIATED PER MMR 10/02/10 (ann); 
76223,03/23/2012,Petitioner,No Action,PASSED (352)  PER 2010 AR (fav 03/23/2012);
76223,01/13/2015,Regular,Accepted,RAISED (352) CERTIFIED THRU LODGE TYLER'S BOOK DTD 10/02/10 [JEN];
76224,08/27/2010,Petitioner,No Action,"ML (352) PET. PRSTD. 05/01/10, GLP RCVD. 06/11/10 - CIR. 06/20/10 (ann); "
76224,10/01/2010,Petitioner,No Action,PET. ELCTD PER MMR 07/03/10 (ann); 
76224,11/05/2010,Petitioner,No Action,INITIATED PER MMR 09/04/10 (ann); 
76224,03/23/2012,Regular,Accepted,PASSED AND RAISED (352)  PER 2011 AR (fav 03/23/2012);
76224,03/20/2014,Regular,Accepted,SNPD (352) 11/09/13 PER AR 2013 [JEN]; 
76224,07/04/2014,Regular,Accepted,"MM CERT (352) ISSUED PER SI# 174093 DTD 06/05/14, PROF. EXM DTD 08/06/11 [JEN];"
76224,06/30/2019,Regular,Accepted,RESTORED [352] MMR 06/01/19- CIR. 06/30/19 [JOEL]
76224,03/02/2020,Regular,Accepted,RESTORED [352] A/R 2020 [MON]
76256,09/02/2010,Petitioner,Petitioner,"ML (51) PET. PRSTD. 07/10/10, GLP RCVD. 08/27/10 - CIR. 08/30/10 (ann); "
76256,10/20/2010,Petitioner,Petitioner,PET. ELCTD PER MMR 10/09/10 (ann); 
76256,11/26/2010,Petitioner,No Action,INITIATED (51) PER MMR 11/13/10  (ann); 
76256,\N,Regular,Accepted,PASSED & RAISED (51) PER 2012 AR [JEN];
76256,05/17/2012,Regular,Accepted,MM Cert. (51) Issued per S.I.#146738 dtd 11.19.11 [jho];
76256,07/04/2014,Dual,Accepted,"MM CERT (51) ISSUED PER SI# 174092 DTD 06/05/14, PROF. EXM DTD 11/12/11 [JEN];"
76256,03/13/2017,Regular,Accepted,DECEASED (51) PER MMR 12/10/16 - CIR. 03/20/17 [JEN];
76257,09/02/2010,Petitioner,Petitioner,"ML (51) PET. PRSTD. 07/10/10, GLP RCVD. 08/27/10 - CIR. 08/30/10 (ann); "
76257,11/26/2010,Petitioner,No Action,PET. RJCTD PER MMR 11/13/10 - CIR. 11/30/10 (ann); PET. ELCTD PER MMR 11/12/11 [JEN];
76257,05/16/2012,Petitioner,No Action,INITIATED (51) PER MMR 02/11/12 [JEN]; PASSED PER MMR 03/10/12 [JEN];
76257,05/23/2012,Regular,Accepted,RAISED (51) PER MMR 04/14/12 - CIR. 05/10/12 [JEN];
76257,02/24/2023,Regular,Accepted,MM CERT ISSUED 12/20/2022; PROF EXAM 11/12/2022 [JOEL]
76258,09/02/2010,Petitioner,Petitioner,"ML (51) PET. PRSTD. 07/10/10, GLP RCVD. 08/27/10 - CIR. 08/30/10 (ann); "
76258,10/20/2010,Petitioner,Petitioner,PET. ELCTD PER MMR 10/09/10 (ann); 
76258,11/26/2010,Petitioner,No Action,INITIATED PER MMR OCT. 2010 (ann); 
76258,\N,Regular,Accepted,PASSED & RAISED (51) PER 2011 AR [JEN];
76258,11/08/2012,Regular,Accepted,UPDATE RECORD (CHANGE OF ADD) PER GLP MEMBER DATA UPDATE FORM 11/08/12 [JEN];
76258,02/24/2023,Regular,Accepted,MM CERT ISSUED 12/20/2022; PROF EXAM 11/12/2022 [JOEL]
76259,09/02/2010,Petitioner,Petitioner,"ML (51) PET. PRSTD. 07/10/10, GLP RCVD. 08/27/10 - CIR. 08/30/10 (ann); "
76259,10/20/2010,Petitioner,Petitioner,PET. ELCTD PER MMR 10/09/10 (ann); 
76259,11/26/2010,Petitioner,No Action,INITIATED PER MMR OCT. 2010 (ann); 
76259,04/04/2012,Regular,Accepted,PASSED & RAISED (51) PER 2011 AR [JEN];
76259,05/17/2012,Regular,Accepted,MM Cert. (51) Issued per S.I.#146738 dtd 11.19.11 [jho];
76259,07/04/2014,Regular,Accepted,MM CERT (51) ISSUED PER SI# 174092 DTD 06/05/14 [JEN];
76259,08/13/2015,Regular,Accepted,SUSPENDED FOR A PERIOD OF THREE (3) MONTHS FOR VIOLATING EDICT NO.277-RENTOY'S EFFECTIVE IMMEDIATELY PER GM RENTOY ORDER DTD 08/06/15 [JEN];
76259,02/26/2018,Regular,Accepted,"RESTORED(51) PER LODGE RESOLUTION DTD. NOV. 11, 2017, SUSPENSION SERVED(JOEL)"
76270,09/11/2010,Petitioner,Petitioner,"ML (31) PET. PRSTD. 08/28/10, GLP RCVD. 08/31/10 - CIR. 09/10/10 (ann); "
76270,03/26/2013,Petitioner,No Action,INITIATED PER MMR 10/08/11 [JEN]; PASSED (31) PER 2012 AR [JEN];
76270,03/11/2013,Regular,Accepted,RAISED (31) PER MMR 09/22/12 - CIR. 03/20/13 [JEN];
76271,09/11/2010,Petitioner,Petitioner,"ML (31) PET. PRSTD. 08/28/10, GLP RCVD. 08/31/10 - CIR. 09/10/10 (ann); "
76271,\N,Petitioner,No Action,PET.ELCTD. (31) PER MMR 11/27/10 [JEN]; INITIATED PER MMR 12/16/10 (ann); 
76271,06/10/2011,Regular,Accepted,RAISED PER MMR 05/28/11 - CIR. 06/10/11 [ann]; 
76271,10/23/2015,Regular,Accepted,MM CERT (31) ISSUED PER SI# 180589 DTD 05/26/15 [JEN];
76271,03/14/2017,Regular,Accepted,UPDATE RECORD (CHANGE OF ADD) FOR GLP MEMBERS UPDATE FORM [JEN];
76271,05/27/2025,Honorary,Accepted,HONORARY CERT ISSUED 05/19/2025 [JOEL]
76272,09/11/2010,Petitioner,Petitioner,"ML (31) PET. PRSTD. 08/28/10, GLP RCVD. 08/31/10 - CIR. 09/10/10 (ann); "
76273,09/11/2010,Petitioner,Petitioner,"ML (31) PET. PRSTD. 08/28/10, GLP RCVD. 08/31/10 - CIR. 09/10/10 (ann); "
76273,\N,Petitioner,No Action,PET.ELCTD. (31) PER MMR 11/27/10 [JEN]; INITIATED PER MMR 12/16/10 (ann); 
76273,06/10/2011,Regular,Accepted,RAISED PER MMR 05/28/11 - CIR. 06/10/11 [ann]; 
76273,10/10/2016,Regular,Accepted,"MM CERT (31) ISSUED PER SI# 188415 DTD 09/29/16, PROF. EXM DTD 01/09/15 [ROSE];"
76273,06/27/2018,Honorary,Accepted,HONORARY CERT.(31) ISSUED# 196287(MENG)
76273,05/19/2025,Regular,Accepted,Gli [69] MY 2025-2026 [April]
76274,09/11/2010,Petitioner,Petitioner,"ML (31) PET. PRSTD. 08/28/10, GLP RCVD. 08/31/10 - CIR. 09/10/10 (ann); "
76275,09/11/2010,Petitioner,Petitioner,"ML (31) PET. PRSTD. 08/28/10, GLP RCVD. 08/31/10 - CIR. 09/10/10 (ann); "
76275,\N,Petitioner,No Action,PET.ELCTD. (31) PER MMR 11/27/10 [JEN]; INITIATED PER MMR 12/16/10 (ann); 
76275,06/10/2011,Regular,Accepted,RAISED PER MMR 05/28/11 - CIR. 06/10/11 [ann]; 
76275,03/26/2013,Regular,Accepted,SNPD (31) 12/31/12 PER 2012 AR; PER MMR 02/23/13 [JEN];
76275,07/17/2013,Petitioner,No Action,REST (31) PER MMR 06/22/13 - CIR. 07/10/13 [JEN];
76275,05/03/2024,Regular,Accepted,MM CERT ISSUED 08/03/2024; PROF EXAM 03/09/2024 [JOEL]
76276,09/11/2010,Petitioner,Petitioner,"ML (31) PET. PRSTD. 08/28/10, GLP RCVD. 08/31/10 - CIR. 09/10/10 (ann); "
76276,\N,Petitioner,No Action,PET.ELCTD.(31) PER MMR 11/27/10 [JEN]; INITIATED PER MMR 12/16/10 (ann); 
76276,06/10/2011,Regular,Accepted,RAISED PER MMR 05/28/11 - CIR. 06/10/11 [ann]; 
76276,03/14/2017,Regular,Accepted,UPDATE RECORD (CHANGE OF ADD) FOR GLP MEMBERS UPDATE FORM [JEN];
76276,03/14/2017,Regular,Accepted,UPDATE RECORD (CHANGE OF OCC) FOR GLP MEMBERS UPDATE FORM [JEN];
76276,05/03/2024,Regular,Accepted,MM CERT ISSUED 06/05/2024; PROF EXAM 03/09/2024 [JOEL]
76277,09/11/2010,Petitioner,Petitioner,"ML (31) PET. PRSTD. 08/28/10, GLP RCVD. 08/31/10 - CIR. 09/10/10 (ann); "
76277,\N,Petitioner,No Action,PET.ELCTD. (31) PER MMR 11/27/10 [JEN]; INITIATED PER MMR 12/16/10 (ann); 
76277,06/10/2011,Regular,Accepted,RAISED PER MMR 05/28/11 - CIR. 06/10/11 [ann]; 
76277,03/26/2013,Regular,Accepted,SNPD (31) 12/31/12 PER 2012 AR; PER MMR 02/23/13 [JEN];
76277,07/17/2013,Regular,Accepted,REST (31) PER MMR 05/25/13 - CIR. 07/10/13 [JEN];
76277,01/19/2024,Regular,Accepted,SNPD [ 31 ] MMR 01/2024 CIR 01/20/2024 [JOEL]
76277,01/30/2024,Petitioner,Accepted,SNA [31] MMR 12/2023 CIR 01/30/2024 [JOEL]
76350,09/22/2010,Petitioner,Petitioner,ML (69) PET. RCVD. 09/14/10 - CIR. 09/20/10 (ann); 
76350,04/04/2012,Regular,Accepted,"INITIATED, PASSED & RAISED (69) PER 2011 AR [JEN];"
76350,06/27/2019,Charter,Accepted,CM (448) 09/03/2018 (ANN)
76431,10/13/2010,Petitioner,Petitioner,"ML (31) PET. PRSTD. 09/25/10, GLP RCVD. 10/01/10 - CIR. 10/10/10 (ann); "
76431,\N,Petitioner,Petitioner,PET. ELCTD PER MMR 12/16/10 (ann): 
76431,10/17/2011,Regular,Accepted,RAISED (31) PER MMR 07/11/11 - CIRC. 07/30/11 [JEN];
76431,10/23/2015,Regular,Accepted,MM CERT (31) ISSUED PER SI# 180589 DTD 05/26/15 [JEN];
76432,10/13/2010,Petitioner,Petitioner,"ML (31) PET. PRSTD. 09/25/10, GLP RCVD. 10/01/10 - CIR. 10/10/10 (ann); "
76432,\N,Petitioner,Petitioner,PET. ELCTD PER MMR 12/16/10 (ann): 
76432,10/17/2011,Regular,Accepted,RAISED (31) PER MMR 07/11/11 - CIRC. 07/30/11 [JEN];
76432,06/28/2018,Regular,Accepted,PM CERT(31) ISSUED# 192879DTD 05/16/17(MENG)
76432,05/12/2022,Regular,Accepted,DECEASED 08/2021 [31] PER 2021 A/R [JOEL]
76433,10/13/2010,Petitioner,Petitioner,"ML (31) PET. PRSTD. 09/25/10, GLP RCVD. 10/01/10 - CIR. 10/10/10 (ann); "
76433,\N,Petitioner,Petitioner,PET. ELCTD PER MMR 12/16/10 (ann): 
76433,\N,Regular,Accepted,RAISED (31) PER MMR 07/11/11 - CIRC. 07/30/11 [JEN];
76433,03/06/2014,Regular,Accepted,SNPD (31) PER MMR 02/22/14 - CIR. 02/28/14 [JEN]; 
76433,06/03/2014,Regular,Accepted,REST (31) PER MMR 05/24/14 AS CORRECTION TO SNPD REPORT IN MMR DTD 02/22/14 EFF. 12/31/13 BUT PAID 2013 DUES. - CIR. 05/30/14 [JEN];
76433,10/23/2015,Regular,Accepted,MM CERT (31) ISSUED PER SI# 180589 DTD 05/26/15 [JEN];
76433,10/10/2016,Regular,Accepted,"MM CERT (31) ISSUED PER SI# 188415 DTD 09/29/16, PROF. EXM DTD 03/26/15 [ROSE];"
76433,03/14/2017,Regular,Accepted,UPDATE RECORD (CHANGE OF OCC) FOR GLP MEMBERS UPDATE FORM [JEN];
76433,03/14/2017,Regular,Accepted,UPDATE RECORD (ADD CHILD) FOR GLP MEMBERS UPDATE FORM [JEN];
76434,10/13/2010,Petitioner,Petitioner,"ML (31) PET. PRSTD. 09/25/10, GLP RCVD. 10/01/10 - CIR. 10/10/10 (ann); "
76472,10/15/2010,Petitioner,Petitioner,"ML (69) PET. PRSTD. 09/04/10, GLP RCVD. 10/07/10 - CIR. 10/10/10 (ann); "
76472,04/04/2012,Petitioner,No Action,INITIATED (69) PER 2011 AR [JEN];
76472,09/11/2012,Petitioner,No Action,PASSED (69) PER MMR 04/14/12 [JEN];
76472,08/23/2013,Regular,Accepted,RAISED (69) PER MMR 06/04/13 - CIR. 08/10/13 [JEN];
76472,05/16/2025,Regular,Accepted,MM CERT ISSUED 01/24/2025; PROF EXAM 10/05/2024 [JOEL]
76558,11/05/2010,Petitioner,No Action,"ML (352) PET. PRSTD. 10/02/10, GLP RCVD. 11/05/10 - CIR. 11/10/10 (ann); "
76558,03/23/2012,Regular,Accepted,"INITIATED, PASSED AND RAISED (352)  PER 2011 AR (fav 03/23/2012);"
76558,07/07/2014,Regular,Accepted,"MM CERT (352) ISSUED PER SI# 174093 DTD 06/05/14, PROF. EXM DTD 08/06/11 [JEN];"
76558,03/19/2016,Regular,Accepted,PM CERT (352) ISSUED PER SI# 183743 DTD 01/21/16 [JEN];
76558,08/28/2019,Regular,Accepted,PM CERT (352) ISSUED PER SI NO. 201639 DTD (01/22/19) (ANN)
76558,01/30/2023,Regular,Accepted,DGL [MD RIV- CAVITE-EAST] MY 2022-2023 [JOEL]
76560,11/05/2010,Petitioner,No Action,"ML (352) PET. PRSTD. 10/02/10, GLP RCVD. 11/05/10 - CIR. 11/10/10 (ann); "
76560,03/23/2012,Regular,Accepted,"INITIATED, PASSED AND RAISED (352)  PER 2011 AR (fav 03/23/2012);"
76560,07/07/2014,Regular,Accepted,"MM CERT (352) ISSUED PER SI# 174093 DTD 06/05/14, PROF. EXM DTD 08/06/11 [JEN];"
76560,01/14/2016,Regular,Accepted,SNPD (352) PER MMR 01/02/16 - CIR. 01/10/16 [JEN]; 
76560,01/05/2017,Regular,Accepted,REST (352) PER MMR 12/03/16 - CIR. 12/10/16 [JEN];
76561,11/05/2010,Petitioner,No Action,"ML (352) PET. PRSTD. 10/02/10, GLP RCVD. 11/05/10 - CIR. 11/10/10 (ann); "
76561,03/23/2012,Regular,Accepted,"INITIATED, PASSED AND RAISED (352)  PER 2011 AR (fav 03/23/2012);"
76561,07/07/2014,Regular,Accepted,"MM CERT (352) ISSUED PER SI# 174093 DTD 06/05/14, PROF. EXM DTD 06/04/11 [JEN];"
76562,11/05/2010,Petitioner,No Action,"ML (352) PET. PRSTD. 10/02/10, GLP RCVD. 11/05/10 - CIR. 11/10/10 (ann); "
76562,03/22/2012,Regular,Accepted,"INITIATED, PASSED AND RAISED (352) PER 2011 AR (fav 03/22/2012);"
76562,07/07/2014,Regular,Accepted,"MM CERT (352) ISSUED PER SI# 174093 DTD 06/05/14, PROF. EXM DTD 08/06/11 [JEN];"
76587,11/11/2010,Petitioner,No Action,"ML (352) PET. PRSTD. 11/05/10, GLP RCVD. 11/11/10 - CIR. 11/20/10 (ann); "
76587,03/23/2012,Petitioner,No Action,"INITIATED, PASSED (352)  PER 2011 AR (fav 03/23/2012);"
76588,11/11/2010,Petitioner,No Action,"ML (352) PET. PRSTD. 11/06/10, GLP RCVD. 11/11/10 - CIR. 11/20/10 (ann); "
76588,03/23/2012,Regular,Accepted,"INITIATED, PASSED AND RAISED (352)  PER 2011 AR (fav 03/23/2012);"
76588,07/07/2014,Regular,Accepted,"MM CERT (352) ISSUED PER SI# 174093 DTD 06/05/14, PROF. EXM DTD 07/02/11 [JEN];"
76588,10/14/2016,Regular,Accepted,SNPD (352) PER MMR 10/01/16 - CIR. 10/20/16 [MEL];
76589,11/11/2010,Petitioner,No Action,"ML (352) PET. PRSTD. 11/06/10, GLP RCVD. 11/11/10 - CIR. 11/20/10 (ann); "
76589,03/23/2012,Regular,Accepted,"INITIATED, PASSED AND RAISED (352)  PER 2011 AR (fav 03/23/2012);"
76589,01/14/2016,Regular,Accepted,SNPD (352) PER MMR 01/02/16 - CIR. 01/10/16 [JEN]; 
76699,03/08/2011,Petitioner,Petitioner,"ML (51) PET. PRSTD. 10/09/10, GLP RCVD. 01/07/11 - CIR. 01/10/11 (ann); "
76699,06/06/2012,Petitioner,No Action,PET. ELCTD (51) PER MMR 11/12/11 [JEN];
76699,\N,Petitioner,No Action,INITIATED (51) PER MMR 02/11/12 [JEN]; PASSED PER MMR 03/10/12 [JEN];
76699,\N,Regular,Accepted,RAISED (51) PER MMR 04/14/12 - CIR. 05/10/12 [JEN];
76699,11/24/2020,Regular,Accepted,MASTER MASON CERT ISSUED 121/24/2020 .I NO. 210024; PROFICIENCY EXAM 09/17 [JOEL]
76789,04/14/2011,Petitioner,No Action,"ML (352)  PET. PRSTD. 12/04/10, GLP RCVD. 04/01/11 - CIR. 04/10/11 [ann];"
76789,03/23/2012,Regular,Accepted,"INITIATED, PASSED AND RAISED (352)  PER 2011 AR (fav 03/23/2012);"
76789,03/20/2014,Regular,Accepted,SNPD (352) 11/09/13 PER AR 2013 [JEN]; 
76790,04/14/2011,Petitioner,No Action,"ML (352)  PET. PRSTD. 12/04/10, GLP RCVD. 04/01/11 - CIR. 04/10/11 [ann];"
76790,03/23/2012,Regular,Accepted,"INITIATED, PASSED AND RAISED (352)  PER 2011 AR (fav 03/23/2012);"
76790,07/07/2014,Regular,Accepted,"MM CERT (352) ISSUED PER SI# 174093 DTD 06/05/14, PROF. EXM DTD 09/03/11 [JEN];"
76791,04/14/2011,Petitioner,No Action,"ML (352)  PET. PRSTD. 12/04/10, GLP RCVD. 04/01/11 - CIR. 04/10/11 [ann];"
76791,03/23/2012,Regular,Accepted,"INITIATED, PASSED AND RAISED (352)  PER 2011 AR (fav 03/23/2012);"
76791,07/07/2014,Regular,Accepted,"MM CERT (352) ISSUED PER SI# 174093 DTD 06/05/14, PROF. EXM DTD 09/03/11 [JEN];"
76792,04/14/2011,Petitioner,No Action,"ML (352)  PET. PRSTD. 12/04/10, GLP RCVD. 04/01/11 - CIR. 04/10/11 [ann];"
76792,03/23/2012,Regular,No Action,"INITIATED, PASSED AND RAISED (352)  PER 2011 AR (fav 03/23/2012);"
76793,04/14/2011,Petitioner,No Action,"ML (352)  PET. PRSTD. 12/04/10, GLP RCVD. 04/01/11 - CIR. 04/10/11 [ann];"
76793,07/15/2014,Petitioner,No Action,INITIATED 352 ) PER MMR 06/04/11 [JEN]; PASSED (352) PER 2014 AR [JEN];
76793,\N,Regular,Accepted,RAISED (352) PER 2011 AR (fav 03/22/2012);
76793,07/07/2014,Regular,Accepted,"MM CERT (352) ISSUED PER SI# 174093 DTD 06/05/14, PROF. EXM DTD 09/03/11 [JEN];"
76849,\N,Petitioner,Petitioner,PET RCVD. 11/26/10 - CIR. 02/10/11 (ann); 
76849,\N,Petitioner,Petitioner,INITITATED (51) PER MMR 07/09/11 [JEN];
77012,\N,Petitioner,Petitioner,"ML (15) PET. PRSTD. 02/05/11, GLP RCVD. 03/26/11 - CIR. 03/30/11 (ann); "
77012,\N,Petitioner,Petitioner,PET. ELCT (15) PER MMR 06/04/11 [JEN];
77012,04/03/2012,Petitioner,No Action,INITIATED (15) PER 2011 AR [JEN];
77012,05/28/2012,Petitioner,No Action,PASSED (44) PER MMR 03/05/12 [JEN];
77012,03/12/2013,Regular,Accepted,RAISED (15) PER 2012 AR; PER MMR 08/04/12 [ANGIE];
77012,12/21/2016,Regular,Accepted,"MM CERT (15) ISSUED PER SI# 189511 DTD 12/02/16, PROF. EXM DTD 10/03/15 [NAZ];"
77012,10/09/2024,Regular,Accepted,MM CERT ISSUED 09/26/2024; PROF EXAM 10/03/2015 [JOEL]
77012,11/21/2024,Regular,Accepted,"PM CERT, APRON & JEWEL ISSUED 01/10/2024 [JOEL]"
77012,05/19/2025,Regular,No Action,"DGL, RIV CAVITE (EAST) MY 2025 - 2026"
77013,\N,Petitioner,Petitioner,"ML (15) PET. PRSTD. 02/05/11, GLP RCVD. 03/26/11 - CIR. 03/30/11 (ann); "
77013,\N,Petitioner,Petitioner,PET. ELCT (15) PER MMR 06/04/11 [JEN];
77013,04/03/2012,Petitioner,No Action,INITIATED (15) PER 2011 AR [JEN]; PASSED (44) PER MMR 03/05/12 [JEN];
77013,05/16/2012,Regular,Accepted,RAISED (15) PER MMR 01/07/12 - CIR. 05/10/12 [JEN];
77013,12/21/2016,Regular,Accepted,"MM CERT (15) ISSUED PER SI# 189511 DTD 12/02/16, PROF. EXM DTD 10/05/13 [NAZ];"
77013,10/09/2024,Regular,Accepted,MM CERT ISSUED 10/01/2024; PROF EXAM 10/05/2013 [JOEL]
77014,\N,Petitioner,Petitioner,"ML (15) PET. PRSTD. 02/05/11, GLP RCVD. 03/26/11 - CIR. 03/30/11 (ann); "
77014,\N,Petitioner,Petitioner,PET. ELCT (15) PER MMR 06/04/11 [JEN];
77014,04/03/2012,Petitioner,No Action,INITIATED (15) PER 2011 AR [JEN]; PASSED (15) PER MMR 10/01/11 [JEN];
77014,05/16/2012,Regular,Accepted,"RAISED (15) PER MMR 02/04/12, PROF. EXM DTD 04/06/13 - CIR. 05/10/12 [JEN];"
77014,12/21/2016,Regular,Accepted,"MM CERT (15) ISSUED PER SI# 189511 DTD 12/02/16, PROF. EXM DTD 10/05/13 [NAZ];"
77014,10/09/2024,Regular,Accepted,MM CERT ISSUED 10/01/2024; PROF EXAM 10/05/2013 [JOEL]
77021,\N,Petitioner,Petitioner,"ML (69) PET. PRSTD. 03/05/11, GLP RCVD. 03/28/11 - CIR. 03/30/11 (ann); "
77021,\N,Petitioner,No Action,PET. RJCT (69) PER MMR 08/06/11 - CIR. 05/20/12 [JEN];
77021,\N,Regular,Accepted,"INITIATED, PASSED & RAISED (69) PER 2011 AR [JEN];"
77099,\N,Petitioner,Petitioner,"ML (346) PET. PRSTD. 01/22/11, GLP RCVD. 04/13/11 - CIR. 04/20/11 (ann); "
77099,08/15/2012,Petitioner,No Action,PET. ELCTD (346) PER MMR 09/24/11 [JEN];
77099,01/17/2013,Petitioner,No Action,INITIATED (346) PER MMR 08/25/12 [JEN]; PASSED (346) PER 2013 AR [JEN]; 
77099,06/21/2013,Regular,Accepted,RAISED (346) PER MMR 04/13/13 - CIR. 06/20/13 [JEN];
77099,09/06/2016,Regular,Accepted,SNPD (346) PER MMR 07/23/16 - CIR. 08/30/16 [MEL];
77099,07/31/2018,Regular,Accepted,REST(346) PER MMR 06/23/18- CIR 07/30/18 [MENG];
77099,12/05/2024,Regular,Accepted,MM CERT ISSUED 11/30/2024; PROF EXAM 02/24/2024 [JOEL]
77100,06/27/2013,Regular,Accepted,"MM CERT. (346) ISSUED PER SI#159540 DTD 06/10/13 PROF. EXAMS DTD JANAURY 26, 2013 [DARIO]:"
77100,\N,Petitioner,Petitioner,"ML (346) PET. PRSTD. 01/22/11, GLP RCVD. 04/13/11 - CIR. 04/20/11 (ann); "
77100,08/15/2012,Petitioner,No Action,PET. ELCTD (346) PER MMR 09/24/11 [JEN];
77100,10/02/2012,Petitioner,No Action,INITIATED (346) PER MMR 06/23/12 [JEN];
77100,01/17/2013,Petitioner,No Action,PASSED (346) PER MMR 10/27/12 [JEN];
77100,07/19/2018,Regular,Accepted,"IPM ISSUED JULY 13, 2018 [NES]"
77100,06/21/2019,Regular,Accepted,DGL (MD RIV CAVITE (EAST) (2019) ANN
77100,05/17/2021,Regular,Accepted,DDGM [MD RIV] MY 2021-2022 [JOEL]
77100,06/11/2021,Dual,Accepted,DUAL FROM CHARTER [ALEX]
77100,06/15/2021,Regular,Accepted,MEMBER COMMITTEE ON CAVITE AFFAIRS MY 2021-2022 [ALEX]
77100,06/16/2021,Regular,Accepted,MEMBER COMMITTEE ON GLP LINK MY 2021-2022 [ALEX]
77100,11/29/2021,Dual,Accepted,DEMITTED [451] MMR 07/23/2021- CIR. 11/30/2021 [JOEL]
77100,06/07/2023,Regular,Accepted,GLI (451) MY 2022-2023 (SALVADOR)
77100,11/09/2023,Honorary,Accepted,HONORARY CERT ISSUED 05/25/2023 [JOEL]
77100,08/09/2024,Regular,Accepted,JGL  [ SOUTHERN LUZON - BATANGAS ] MY 2024-2025 [JOEL]
77100,10/09/2024,Honorary,Accepted,HONORARY CERT ISSUED 09/26/2024 [JOEL]
77100,05/16/2025,Regular,No Action,"GRAND CHAPLAIN, MY - 2024 - 2025"
77100,05/19/2025,Regular,Accepted,Gli [448 ] My 2023-2024 [April]
77100,05/21/2025,Regular,No Action,"GRAND CHAPLAIN, MY 2025 -2026"
77101,\N,Petitioner,Petitioner,"ML (346) PET. PRSTD. 01/22/11, GLP RCVD. 04/13/11 - CIR. 04/20/11 (ann); \
"
77101,08/15/2012,Petitioner,No Action,PET. ELCTD (346) PER MMR 09/24/11 [JEN];
77101,10/02/2012,Petitioner,No Action,INITIATED (346) PER MMR 07/28/12 [JEN];
77101,01/17/2013,Petitioner,No Action,PASSED (346) PER MMR 10/27/12 [JEN];
77101,02/23/2013,Regular,Accepted,RAISED (346) PER MMR 11/10/12 - CIR. 02/10/13 [JEN];
77101,06/27/2013,Regular,Accepted,"MM CERT. (346) ISSUED PER SI#159540 DTD 06/10/13 PROF. EXAMS DTD JANUARY 26, 2013 [DARIO]:"
77101,11/24/2016,Regular,Accepted,"MM CERT (346) RE-ISSUED PER SI# 188878 DTD 10/27/16, PROF. EXM DTD 01/26/13 [ROSE];"
77137,09/03/2011,Petitioner,Petitioner,"ML (15) PET. PRSTD. 07/02/11, GLP RCVD. 09/02/11 - CIR. 10/10/11 (ann); "
77137,05/28/2012,Petitioner,No Action,INITIATED (15) PER MMR 02/18/12 [JEN];
77137,06/11/2012,Petitioner,No Action,PASSED (15) PER MMR 05/05/12 [JEN];
77137,02/16/2016,Regular,Accepted,RAISED (15) PER MMR 10/10/15 - CIR. 01/30/16 [JEN];
77138,11/24/2011,Petitioner,Petitioner,"ML (15) PET. PRSTD. 07/02/11, GLP RCVD. 09/02/11 - CIRC. 10/10/11 (ann); "
77138,05/28/2012,Petitioner,No Action,INITIATED (15) PER MMR 02/18/12 [JEN];
77138,06/11/2012,Petitioner,No Action,PASSED (15) PER MMR 05/05/12 [JEN];
77138,03/12/2014,Regular,Accepted,"RAISED (15) PER MMR 03/16/13 - CIR. 03/10/14 [JEN]; \
"
77138,03/04/2022,Regular,Accepted, MM CERT ISSUED 12/15/2021 S.I NO. 214457; PROF EXAM 12/05/2020[JOEL]
77315,\N,Affiliate,No Action,PET. FOR AFF. W/ (15) RCVD. 05/31/11 - CIR. 06/10/11 [ann]; 
77315,\N,Affiliate,No Action,"INITIATED, PASSED AND RAISED FROM COVINA L#334 GL OF CALIFONIA [ann]; "
77315,\N,Affiliate,No Action,PET. FOR AFF (15) APPRVD. PER MMR 09/03/11 - CIR. 12/10/11 [JEN];
77371,\N,Petitioner,Petitioner,"ML (31) PET. PRSTD. 06/11/11, GLP RCVD. 06/23/11 - CIR. 06/30/11 [ann]; "
77371,\N,Petitioner,Petitioner,INITIATED PER MMR 10/08/11 [JEN];
77371,\N,Petitioner,Petitioner,PASSED (31) PER MMR 12/10/11 [JEN];
77371,04/03/2012,Regular,Accepted,RAISED (31) PER 2011 AR [JEN];
77371,02/02/2015,Regular,Accepted,SNPD (31) 12/20/14 PER 2014 AR; PER MMR 12/20/14 - CIR. 02/20/15 [JEN];
77371,03/23/2015,Regular,Accepted,REST (31) PER MMR 02/28/15 - CIR. 03/10/15 [JEN];
77435,\N,Petitioner,Petitioner,ML (15) PET. PRSTD. 01/08/11; GLP RCVD. 07/01/11 - CIRC. 07/10/11 [JEN];
77435,11/04/2011,Petitioner,Petitioner,PET. ELCTD AND INITIATED PER MMR 09/03/11 [ann];
77435,04/03/2012,Petitioner,No Action,PASSED (15) PER 2011 AR [JEN];
77435,05/16/2012,Regular,Accepted,RAISED (15) PER MMR 01/07/12 - CIR. 05/10/12 [JEN];
77435,12/21/2016,Regular,Accepted,"MM CERT (15) ISSUED PER SI# 189511 DTD 12/02/16, PROF. EXM DTD 11/05/16 [NAZ];"
77436,\N,Petitioner,Petitioner,ML (15) PET. PRSTD. 01/08/11; GLP RCVD. 07/01/11 - CIRC. 07/10/11 [JEN];
77436,11/04/2011,Petitioner,Petitioner,PET. ELCTD PER MMR 09/03/11 [ann]; 
77436,\N,Petitioner,Petitioner,INITIATED PER MMR 09/03/11 [JEN];
77436,04/03/2012,Petitioner,No Action,PASSED (15) PER 2011 AR [JEN];
77436,05/16/2012,Regular,Accepted,RAISED (15) PER MMR 01/07/12 - CIR. 05/10/12 [JEN];
77436,12/21/2016,Regular,Accepted,"MM CERT (15) ISSUED PER SI# 189511 DTD 12/02/16, PROF. EXM DTD 11/05/16 [NAZ];"
77436,11/19/2024,Regular,Accepted,MM CERT  ISSUED 10/28/2024 ; PROF EXAM 11/15/2016 [JOEL]
77640,08/01/2011,Petitioner,Petitioner,"ML (51) PET. PRSDTD. 06/11/11, GLP RCVD. 08/01/11 - CIR. 08/10/11 [ann]; "
77640,05/16/2012,Petitioner,No Action,INITIATED (51) PER MMR 04/14/12 [JEN]; PASSED (51) PER MMR 05/12/12 [JEN];
77640,11/05/2012,Regular,Accepted,RAISED (51) PER MMR 07/14/12 - CIR. 10/20/12 [JEN];
77640,06/19/2024,Regular,Accepted,MM CERT ISSUED 06/05/2024; PROF EXAM 02/17/2024 [JOEL]
77657,07/22/2011,Petitioner,No Action,"ML (352) PET. PRSTD. 07/02/11, GLP RCVD. 07/22/11 - CIR. 08/10/11 [ann]; "
77657,01/24/2013,Regular,Accepted,"INITIATED, PASSED & RAISED (352) PER 2012 AR [JEN];"
77658,07/22/2011,Petitioner,Petitioner,"ML (352) PET. PRSTD. 07/02/11, GLP RCVD. 07/22/11 - CIR. 08/10/11 [ann]; "
77658,01/24/2013,Regular,Accepted,"INITIATED, PASSED & RAISED (352) PER 2012 AR [JEN];"
77732,10/21/2011,Petitioner,Petitioner,ML (31) PET. PRSTD. 08/13/11; GLP RCVD. 08/19/11 - CIRC. 09/10/11 [JEN];
77889,\N,Petitioner,Petitioner,"ML (69) PET. PRSTD. 10/08/11, GLP RCVD. 10/24/11 - CIR. 12/10/11[ann]; "
77889,05/25/2012,Petitioner,No Action,PET. ELCTD (69) PER MMR 09/03/11 [JEN];
77889,10/18/2012,Petitioner,No Action,PET. RJCTD (69) PER MMR 03/03/12 - CIR. 09/30/12 [JEN];
77889,12/07/2012,Petitioner,No Action,PET. (2ND) RJCTD PER MMR 07/07/12 - CIR. 11/10/12 [JEN];
77890,10/24/2011,Petitioner,Petitioner,ML (69) PET. PRSTD. 10/08/11; GLP RCVD. 10/24/11 - CIRC. 11/20/11 [JEN];
77890,05/25/2012,Petitioner,No Action,PET. ELCTD (69) PER MMR 09/03/11 [JEN];
77890,12/07/2012,Petitioner,No Action,PET. RJCTD (69) PER MMR 07/07/12 - CIR. 11/10/12 [JEN];
77890,01/24/2013,Petitioner,No Action,INITIATED (69) PER 2012 AR [JEN]; PASSED (69) PER MMR 02/02/13 [JEN]; 
77890,08/23/2013,Regular,Accepted,RAISED (69) PER MMR 06/04/13 - CIR. 08/10/13 [JEN];
77890,10/26/2016,Regular,Accepted,"MM CERT (69) ISSUED PER SI# 188577 DTD 10/10/16, PROF. EXM DTD 07/06/13 [ROSE];"
77890,01/27/2025,Regular,Accepted,"PM CERT , APRON & JEWEL ISSUED 01/16/2025 [JOEL]"
77891,01/30/2012,Petitioner,Petitioner,ML (69) PET. PRSTD. 10/08/11; GLP RCVD. 10/24/11 - CIRC. 11/20/11 [JEN];
77891,\N,Petitioner,No Action,PET. ELCTD (69) PER MMR 09/03/11 [JEN];
77891,12/07/2012,Petitioner,No Action,PET. RJCTD (69) PER MMR 07/07/12 - CIR. 11/10/12 [JEN];
77989,11/18/2011,Petitioner,No Action,"ML (352) PET. PRSTD. 06/04/11, GLP RCVD. 11/18/11 - CIR. 01/30/12 [ann];"
77989,01/24/2013,Regular,Accepted,"INITIATED, PASSED & RAISED (352) PER 2012 AR [JEN];"
77989,10/14/2016,Regular,Accepted,SNPD (352) PER MMR 10/01/16 - CIR. 10/20/16 [MEL];
77989,04/05/2018,Regular,Accepted,deceased(352) MMR 01/18- CIR. 03/30/187(JOEL)
77990,11/18/2011,Petitioner,No Action,"ML (352) PET. PRSTD. 06/04/11, GLP RCVD. 11/18/11 - CIR. [ann];"
77990,01/24/2013,Regular,Accepted,"INITIATED, PASSED & RAISED (352) PER 2012 AR [JEN];"
77990,11/10/2018,Regular,Accepted,EXPELLED(352) MMR 07/18- CIR. 11/10/18-[JOEL]
77990,07/26/2021,Regular,Accepted,"THE COMMITTEE ON GRIEVANCE RECOMMENDS THAT THE DECISION  OF UNMASONIC BE SET ASIDE AND THE PENALTY OF EXPULSION BE IN THE MEANTIME BE LIFTED AND APPROVED BY MW AGAPITO S. SUAN, JR. GRAND MASTER DTD. 02/24/2020 [JOEL]"
77990,02/20/2024,Regular,Accepted,"EXPELLED [ 352 ] PER GRAND MASTER'S DECISION NO. 12 ORDERED FEBRUARY 16, 2024, MW MDON T. RAMAS-UYPITCHING, GRAND MASTER, MW DANILO D. ANGELES, PGM, GRAND SECREYTARY [JOEL]"
77991,11/18/2011,Petitioner,No Action,"ML (352) PET. PRSTD. 11/14/11, GLP RCVD. 11/18/11 - CIR. [ann];"
77991,01/24/2013,Regular,Accepted,"INITIATED, PASSED & RAISED (352) PER 2012 AR [JEN];"
77991,01/14/2016,Regular,Accepted,SNPD (352) PER MMR 01/02/16 - CIR. 01/10/16 [JEN]; 
77991,05/25/2019,Regular,Accepted,REST(352) MMR 01/19- CIR. 05/30/19 [JOEL]
77992,11/18/2011,Petitioner,No Action,"ML (352) PET. PRSTD. 11/14/11, GLP RCVD. 11/18/11 - CIR. 06/30/12 [ann];"
77992,01/24/2013,Petitioner,No Action,INITIATED (352) PER 2012 AR [JEN]; PASSED (352) PER 2013 AR [JEN]; 
77992,12/09/2014,Regular,Accepted,RAISED (352) PER MMR 11/05/14 - CIR. 11/30/14 [JEN];
77993,11/18/2011,Petitioner,No Action,"ML (352) PET. PRSTD. 11/14/11, GLP RCVD. 11/18/11 - CIR. 11/30/11 [ann];"
77993,01/24/2013,Regular,Accepted,"INITIATED, PASSED & RAISED (352) PER 2012 AR [JEN];"
77993,02/27/2015,Regular,Accepted,EXPELLED (352) PER MMR 01/03/15 - CIR. 02/20/15 [JEN];
77994,\N,Petitioner,Petitioner,"ML (352) PET. PRSTD. 11/14/11, GLP RCVD. 11/18/11 - CIR. 11/30/11 [ann];"
77995,11/18/2011,Petitioner,No Action,"ML (352) PET. PRSTD. 11/14/11, GLP RCVD. 11/18/11 - CIR. 11/30/11 [ann];"
77995,01/24/2013,Regular,Accepted,"INITIATED, PASSED & RAISED (352) PER 2012 AR [JEN];"
77995,07/07/2014,Regular,Accepted,"MM CERT (352) ISSUED PER SI# 174093 DTD 06/05/14, PROF. EXM DTD 04/05/14 [JEN];"
77996,11/18/2011,Petitioner,No Action,"ML (352) PET. PRSTD. 06/14/11, GLP RCVD. 08/31/12 - CIR. 09/10/12 [ann];"
77996,09/01/2014,Petitioner,No Action,PASSED (352) PER MMR 03/01/14 [JEN];
77996,05/12/2015,Regular,Accepted,RAISED (352) PER MMR 03/07/15 - CIR. 04/20/15 [JEN];
78065,12/07/2011,Petitioner,Petitioner,"ML (51) PET. PRSTD 11/12/11, GLP RCVD. 12/07/11 - CIR. 12/10/11 [ann];"
78065,05/16/2012,Petitioner,No Action,PET. ELCTD (51) PER MMR 03/10/12 [JEN];
78065,05/25/2012,Petitioner,No Action, INITIATED (51) PER MMR 04/14/12 [JEN]; PASSED PER MMR 05/12/12 [JEN];
78065,07/25/2012,Regular,Accepted,RAISED (51) PER MMR 06/09/12 - CIR. 07/20/12 [JEN];
78065,07/04/2014,Regular,Accepted,MM CERT (51) ISSUED PER SI# 174092 DTD 06/05/14 PROF EXAM 07/14/2012 [JEN];
78065,01/30/2025,Regular,Accepted,PM CERT & APRON ISSUED 01/18/2025 [JOEL]
78122,\N,Petitioner,No Action,"ML (352) PET. PRSTD. 12/4/10, GLP RCVD. 01/03/12 - CIR. 12/30/11 & 01/10/12 [ann]; "
78123,\N,Petitioner,No Action,"ML (352) PET. PRSTD. 12/4/10, GLP RCVD. 01/03/12 - CIR. [ann]; "
78124,\N,Petitioner,Petitioner,"ML (352) PET. PRSTD. 12/4/10, GLP RCVD. 01/03/12 - CIR. 12/30/11 & 01/10/12 [ann]; "
78234,02/01/2012,Petitioner,No Action,"ML (352) PET. PRSTD. 01/07/12, GLP RCVD. 01/31/12 - CIR. 02/10/12 [ann]; "
78234,01/24/2013,Regular,Accepted,"INITIATED, PASSED & RAISED (352) PER 2012 AR [JEN];"
78234,07/07/2014,Regular,Accepted,"MM CERT (352) ISSUED PER SI# 174093 DTD 06/05/14, PROF. EXM DTD 04/05/14 [JEN];"
78234,08/28/2019,Regular,Accepted,PM CERT (352) ISSUED PER SI NO. 201639 DTD (01/22/19) (ANN)
78234,05/21/2021,Regular,Accepted,GLI [346] MY 2019-2021 ALEX
78234,05/26/2021,Regular,Accepted,DGL [MD- RIV ] MY 2021-2022 [JOEL]
78235,02/01/2012,Petitioner,No Action,"ML (352) PET. PRSTD. 12/03/11, GLP RCVD. 01/31/12 - CIR. 02/10/12 [ann]; "
78235,01/24/2013,Regular,Accepted,"INITIATED, PASSED & RAISED (352) PER 2012 AR [JEN];"
78236,02/01/2012,Petitioner,No Action,"ML (352) PET. PRSTD. 12/03/11, GLP RCVD. 01/31/12 - CIR. 02/10/12  [ann]; "
78236,01/24/2013,Petitioner,No Action,INITIATED (352) PER 2012 AR [JEN];
78392,03/05/2012,Petitioner,No Action,"ML (51) PET. PRSTD. 02/11/12, GLP RCVD. 02/28/12 - CIR. 02/29/12 [ann]; "
78392,07/27/2012,Petitioner,No Action,PET. ELCTD (51) PER MMR 05/12/12 [JEN];
78392,11/05/2012,Petitioner,No Action,INITIATED (51) PER 2012AR [JEN]; PASSED (51) PER MMR 07/14/12 [JEN];
78392,11/14/2012,Regular,Accepted,RAISED (51) PER MMR 08/11/12 - CIR. 10/30/12 [JEN];
78392,07/04/2014,Regular,Accepted,MM CERT (51) ISSUED PER SI# 174092 DTD 06/05/14 [JEN];
78392,08/13/2015,Regular,Accepted,SUSPENDED FOR A PERIOD OF THREE (3) MONTHS FOR VIOLATING EDICT NO.277-RENTOY EFFECTIVE IMMEDIATELY PER GM RENTOY ORDER DTD 08/06/15 [JEN];
78392,02/26/2018,Regular,Accepted,"RESTORED(51) PER LODGE RESOLUTION DTD. NOV. 11, 2017, SUSPENSION SERVED(JOEL)"
78392,11/21/2018,Regular,Accepted,GLI(346) 2018 [JOEL]
78392,05/26/2021,Regular,Accepted,DGL [MD- RIV ] MY 2021-2022 [JOEL]
78393,03/05/2012,Petitioner,No Action,"ML (51) PET. PRSTD. 02/11/12, GLP RCVD. 02/28/12 - CIR. 03/30/12 [ann]; "
78393,07/25/2012,Petitioner,No Action,PET. ELCTD & INITIATED (51) PER MMR 06/09/12 [JEN];
78393,11/05/2012,Petitioner,No Action,PASSED (51) PER MMR 07/14/12 [JEN];
78393,11/14/2012,Regular,Accepted,RAISED (51) PER MMR 08/11/12 - CIR. 10/30/12 [JEN];
78393,03/14/2017,Regular,Accepted,"MM CERT (51) ISSUED PER SI# 189172 DTD 11/14/16, PROF EXM DTD MARCH 2016 [JEN];"
78393,05/26/2021,Regular,Accepted,DGL [MD- RIV ] MY 2021-2022 [JOEL]
78393,02/28/2023,Regular,Accepted,GRAND PURSUIVANT [VICE ROBERT JOSEPH C. MORAN] MY 2022-2023 [JOEL]
78393,07/17/2023,Honorary,Accepted,HONORARY CERT ISSUED 05/06/2022 [JOEL]
78393,11/09/2023,Honorary,Accepted,HONORARY CERT ISSUED 05/25/2023 [JOEL]
78393,06/10/2024,Dual,No Action,PET FOR PLURAL [15] FROM PINTONG BATO MASONIC LODGE NO. 51
78393,06/10/2024,Dual,No Action,PET FOR PLURAL [15] FROM PINTONG BATO MASONIC LODGE NO. 51- CIR 06/10/2024 [JOEL]
78393,10/09/2024,Honorary,Accepted,HONORARY CERT ISSUED 09/26/2024 [JOEL]
78393,11/05/2024,Dual,Accepted,PLURAL [ 15 ] MMR 09/2024 CIR 11/10/2024 [JOEL]
78393,05/21/2025,Regular,No Action,"GRAND TYLER, MY 2025 - 2026"
78394,03/05/2012,Petitioner,No Action,"ML (51) PET. PRSTD. 02/11/12, GLP RCVD. 02/28/12 - CIR. 03/30/12 [ann]; "
78394,07/25/2012,Petitioner,No Action,PET. ELCTD & INITIATED (51) PER MMR 06/09/12 [JEN]; PASSED (51) PER MMR 08/11/12 [JEN];
78394,10/29/2012,Regular,Accepted,RAISED (51) PER MMR 09/08/12 - CIR. 10/30/12 [JEN];
78394,06/19/2024,Regular,Accepted,MM CERT ISSUED 06/05/2024; PROF EXAM 02/17/2024 [JOEL]
78395,03/05/2012,Petitioner,No Action,"ML (51) PET. PRSTD. 02/11/12, GLP RCVD. 02/28/12 - CIR. 02/29/12 [ann]; "
78395,07/27/2012,Petitioner,No Action,PET. ELCTD (51) PER MMR 05/12/12 [JEN];
78395,\N,Petitioner,No Action,INITIATED (51) PER 2012AR [JEN]; PASSED (51) PER MMR 07/14/12 [JEN];
78395,10/29/2012,Regular,Accepted,RAISED (51) PER MMR 09/08/12 - CIR. 10/30/12 [JEN];
78395,07/22/2022,Regular,Accepted,MM CERT ISSUED 04/20/2022 S.I NO. 216916; PROF EXAM 07/10/2021 [JOEL]
78395,12/20/2022,Regular,Accepted,DECEASED [51] MMR 11/2022 CIR. 12/20/2022 [JOEL]
78396,03/05/2012,Petitioner,No Action,"ML (51) PET. PRSTD. 02/11/12, GLP RCVD. 02/28/12 - CIR. 02/29/12 [ann]; "
78396,07/27/2012,Petitioner,No Action,PET. ELCTD (51) PER MMR 05/12/12 [JEN];
78396,11/05/2012,Petitioner,No Action,INITIATED & PASSED (51) PER MMR 07/14/12 [JEN];
78396,08/30/2013,Regular,Accepted,RAISED (51) PER MMR 08/10/13 - CIR. 08/20/13 [JEN];
78460,03/13/2012,Petitioner,No Action,"ML (69) PET. PRSTSD. 03/03/12, GLP RCVD. 03/08/12 - CIR. 03/20/12 [ann]; "
78460,12/07/2012,Petitioner,No Action,PET. RJCTD (69) PER MMR 07/07/12 - CIR. 11/10/12 [JEN];
78460,01/24/2013,Petitioner,No Action,PET.ELECTD. & INITIATED (69) PER 2012 AR [JEN]; PASSED (69) PER MMR 02/02/13 [JEN]; 
78460,08/23/2013,Regular,Accepted,RAISED (69) PER MMR 06/04/13 - CIR. 08/10/13 [JEN];
78460,10/26/2016,Regular,Accepted,"MM CERT (69) ISSUED PER SI# 188577 DTD 10/10/16, PROF. EXM DTD 09/07/13 [ROSE];"
78460,03/02/2023,Dual,Accepted,DEMITTED PER 2022 A/R [JOEL] MMR 02/2022 CIR. 03/10/2023
78460,06/07/2023,Regular,Accepted,GLI (69) MY 2022-2023 (SALVADOR)
78460,10/18/2023,Honorary,Accepted,HONORARY CERT ISSUED 07/04/2023 [JOEL]
78461,03/13/2012,Petitioner,No Action,"ML (69) PET. PRSTSD. 03/03/12, GLP RCVD. 03/08/12 - CIR. [ann]; "
78568,04/02/2012,Petitioner,No Action,"ML (31) PET. PRSTD. 03/24/12, GLP RVD. 03/28/12 - CIR. 04/20/12 [ann]; "
78568,11/09/2012,Petitioner,No Action,INITIATED (31) PER MMR 08/25/12 [JEN]; PASSED (31) PER 2012 AR [JEN];
78568,02/04/2013,Regular,Accepted,RAISED (31) PER MMR 11/24/12 - CIR. 01/30/13 [JEN];
78568,10/23/2015,Regular,Accepted,MM CERT (31) ISSUED PER SI# 180589 DTD 05/26/15 [JEN];
78568,05/31/2017,Regular,Accepted,"MM CERT (31) ISSUED PER SI# 192778 DTD 05/10/17, PROF. EXM DTD 03/28/15 [JHEZ];"
78575,04/10/2012,Petitioner,No Action,"ML (51) PET. PRSTD. 03/10/12, GLP RCVD. 04/04/12 - CIR. 04/20/12 [ann]; "
78575,07/25/2012,Petitioner,No Action,PET. ELCTD & INITIATED (51) PER MMR 06/09/12 [JEN];
78575,\N,Petitioner,No Action,PASSED (51) PER MMR 07/14/12 [JEN];
78575,10/29/2012,Regular,Accepted,RAISED (51) PER MMR 09/08/12 - CIR. 10/30/12 [JEN];
78575,07/04/2014,Regular,Accepted,MM CERT (51) ISSUED PER SI# 174092 DTD 06/05/14 [JEN];
78575,08/13/2015,Regular,Accepted,SUSPENDED FOR A PERIOD OF THREE (3) MONTHS FOR VIOLATING EDICT NO.277-RENTOY EFFECTIVE IMMEDIATELY PER GM RENTOY ORDER DTD 08/06/15 [JEN];
78575,02/26/2018,Regular,Accepted,"RESTORED(51) PER LODGE RESOLUTION DTD. NOV. 11, 2017, SUSPENSION SERVED(JOEL)"
78575,11/24/2020,Regular,Accepted,WM [51] 2017 PER SUBMITTED ANNUAL REPORT [JOEL]
78575,05/19/2021,Regular,Accepted,GLI [441] MY 2021-2022 ALEX
78575,05/21/2021,Regular,Accepted,GLI [31] MY 2019-2021 ALEX
78575,06/09/2023,Regular,Accepted,DGL (MD RIV - CAVITE  (EAST) MY 2023-2024 (SALVADOR)
78575,07/18/2025,Honorary,Accepted,HONORARY CERT ISSUED 03/25/2021 [JOEL]
78576,04/10/2012,Petitioner,No Action,"ML (51) PET. PRSTD. 03/10/12, GLP RCVD. 04/04/12 - CIR. 03/30/12 [ann]; "
78576,07/25/2012,Petitioner,No Action,PET. ELCTD (51) PER MMR 06/09/12 [JEN];
78576,07/01/2013,Petitioner,No Action,INITIATED (51) PER MMR 06/08/13 [JEN];
78576,08/30/2013,Regular,Accepted,RAISED (51) PER MMR 08/10/13 - CIR. 08/20/13 [JEN];
78669,05/08/2012,Petitioner,No Action,ML (51) PET. PRSTD. 04/14/12; GLP RCVD. 05/04/12 - CIR. 05/10/12 [JEN];
78669,10/29/2012,Petitioner,No Action,PET. ELCTD (51) PER MMR 08/11/12 [JEN]; INITIATED (51) PER MMR 09/08/12 [JEN];
78669,11/09/2012,Petitioner,No Action,PASSED (51) PER MMR 10/13/12 [JEN];
78669,02/04/2013,Regular,Accepted,RAISED (51) PER MMR 11/10/12 - CIR. 01/30/13 [JEN];
78745,05/17/2012,Petitioner,No Action,ML (352) PER OR# 129834 DTD 11/05/10 [JEN];;
78745,\N,Regular,Accepted,"INITIATED, PASSED & RAISED (352) PER 2011 AR [JEN];"
78745,07/07/2014,Regular,Accepted,"MM CERT (352) ISSUED PER SI# 174093 DTD 06/05/14, PROF. EXM DTD 04/02/11 [JEN];"
78745,06/16/2015,Regular,Accepted,PM CERT (352) ISSUED PER SI#177453 DTD 101/26/15 [JEN];
78745,08/23/2016,Regular,Accepted,PM CERT (352) RE-ISSUED PER SI#178040 DTD 02/13/15 [MEL];
78745,10/03/2016,Regular,Accepted,DGL (R IV-A1) 2016 [ROSE];
78745,07/25/2018,Regular,Accepted,HIRAM MEDAL(352) DTD 05/24/18
78745,06/27/2019,Charter,Accepted,CM (448) 09/03/2018 (ANN)
78745,03/10/2022,Dual,Accepted,DEMITTED [448] MMR 12/2021   CIR. 03/10/2022 [JOEL]
78745,06/08/2022,Regular,Accepted,DDGM- MD-RIV CAVITE- EAST  MY 2022-2023 [JOEL]
78745,10/18/2023,Honorary,Accepted,HONORARY CERT ISSUED 07/04/2023 [JOEL]
78745,11/09/2023,Honorary,Accepted,HONORARY CERT ISSUED 05/25/2023 [JOEL]
78762,05/23/2012,Petitioner,No Action,ML (352) PET. PRSTD. 11/05/11; GLP RCVD. 05/17/12 - CIR. 05/30/12 [JEN];
78847,06/09/2012,Petitioner,No Action,"ML (31) PET. PRSTD. 05/26/12, GLP RCVD. 06/06/12 - CIR. 06/20/12 [JEN];"
78847,02/04/2013,Petitioner,No Action,INITIATED (31) PER 2012 AR [JEN]; PASSED (31) PER MMR 11/24/12 [JEN];
78847,03/15/2014,Regular,Accepted,RAISED (31) PER 2013 AR [JEN]; 
78847,10/23/2015,Regular,Accepted,MM CERT (31) ISSUED PER SI# 180589 DTD 05/26/15 PROF. EXM DTD 03/28/15 [JEN];
78847,05/19/2025,Regular,Accepted,Gli [352] MY 2025-2026 [April]
78877,06/19/2012,Petitioner,No Action,ML (352) PET. PRSTD. 06/02/12; GLP RCVD. 06/12/12 - CIR. 06/30/12 [JEN];
78877,01/24/2013,Petitioner,No Action,INITIATED (352) PER 2012 AR [JEN];
78877,04/07/2014,Regular,Accepted,PASSED & RAISED (352) PER 2013 AR [JEN]; 
78877,07/07/2014,Regular,Accepted,"MM CERT (352) ISSUED PER SI# 174093 DTD 06/05/14, PROF. EXM DTD 04/05/14 [JEN];"
78877,02/10/2022,Regular,Accepted,PM CERT APRON AND JEWEL ISSUED 02/10/2022 S.I NO. 215347 [JOEL]
78877,01/30/2023,Regular,Accepted,DGL [MD RIV- CAVITE-EAST] MY 2022-2023 [JOEL]
78877,02/20/2024,Regular,Accepted,"EXPELLED [ 352 ] PER GRAND MASTER'S DECISION NO. 12 ORDERED FEBRUARY 16, 2024, MW MDON T. RAMAS-UYPITCHING, GRAND MASTER, MW DANILO D. ANGELES, PGM, GRAND SECREYTARY [JOEL]"
78878,06/19/2012,Petitioner,No Action,ML (352) PET. PRSTD. 06/02/12; GLP RCVD. 06/12/12 - CIR. 06/30/12 [JEN];
78878,01/24/2013,Petitioner,No Action,INITIATED (352) PER 2012 AR [JEN]; PASSED (352) PER 2013 AR [JEN]; 
78878,09/01/2014,Regular,Accepted,RAISED (352) PER MMR 03/01/14 - CIR. 08/20/14 [JEN];
78878,02/20/2024,Regular,Accepted,"EXPELLED [ 352 ] PER GRAND MASTER'S DECISION NO. 12 ORDERED FEBRUARY 16, 2024, MW MDON T. RAMAS-UYPITCHING, GRAND MASTER, MW DANILO D. ANGELES, PGM, GRAND SECREYTARY [JOEL]"
78879,06/19/2012,Petitioner,No Action,ML (352) PET. PRSTD. 06/02/12; GLP RCVD. 06/12/12 - CIR. 06/30/12 [JEN];
78879,01/24/2013,Petitioner,No Action,INITIATED (352) PER 2012 AR [JEN]; PASSED (352) PER 2013 AR [JEN]; 
78879,05/27/2014,Petitioner,No Action,RAISED (352) PER MMR 04/05/14 - CIR. 05/20/14 [JEN];
78879,02/20/2024,Regular,Accepted,"EXPELLED [ 352 ] PER GRAND MASTER'S DECISION NO. 12 ORDERED FEBRUARY 16, 2024, MW MDON T. RAMAS-UYPITCHING, GRAND MASTER, MW DANILO D. ANGELES, PGM, GRAND SECREYTARY [JOEL]"
78880,06/19/2012,Petitioner,No Action,ML (352) PET. PRSTD. 06/02/12; GLP RCVD. 06/12/12 - CIR. 06/30/12 [JEN];
78880,01/24/2013,Petitioner,No Action,INITIATED (352) PER 2012 AR [JEN];
78880,04/07/2014,Regular,Accepted,PASSED & RAISED (352) PER 2013 AR [JEN]; 
78880,07/07/2014,Regular,Accepted,"MM CERT (352) ISSUED PER SI# 174093 DTD 06/05/14, PROF. EXM DTD 09/14/13 [JEN];"
78880,08/28/2019,Regular,Accepted,PM CERT (352) ISSUED PER SI NO. 201639 DTD (01/22/19) (ANN)
78880,05/21/2021,Regular,Accepted,GLI [416] MY 2019-2021 ALEX
78880,10/09/2024,Regular,Accepted,DGL [ MD RIV- CAVITE- EAST ] MY 2024-2025 [JOEL]
78881,06/19/2012,Petitioner,No Action,ML (352) PET. PRSTD. 06/02/12; GLP RCVD. 06/12/12 - CIR. 06/30/12 [JEN];
78881,01/24/2013,Petitioner,No Action,INITIATED (352) PER 2012 AR [JEN];
78881,04/07/2014,Regular,Accepted,PASSED & RAISED (352) PER 2013 AR [JEN]; 
78943,06/27/2012,Petitioner,No Action,ML (346) PET. PRSTD. 05/26/12; GLP RCVD. 06/22/12 - CIR. 06/30/12 [JEN];
78943,01/17/2013,Petitioner,No Action,INITIATED (346) PER MMR 09/29/12 [JEN];
78943,05/10/2013,Petitioner,No Action,PASSED (346) PER MMR 01/26/13 [JEN];
78943,06/21/2013,Regular,Accepted,RAISED (346) PER MMR 04/13/13 - CIR. 06/20/13 [JEN];
78943,08/26/2016,Regular,Accepted,MM CERT (346) ISSUED PER SI# 187400 DTD 7/28/16 PROF.EXM DTD 11/28/15 [ROSE];
78989,07/09/2012,Petitioner,No Action,ML (51) PET. PRSTD. 05/12/12; GLP RCVD. 07/06/12 - CIR. 07/20/12 [JEN];
78989,10/29/2012,Petitioner,No Action,PET. ELCTD & INITIATED (51) PER MMR 09/08/12 [JEN];
78989,11/09/2012,Petitioner,No Action,PASSED (51) PER MMR 10/13/12 [JEN];
78989,02/04/2013,Regular,Accepted,RAISED (51) PER MMR 11/10/12 - CIR. 01/30/13 [JEN];
78989,09/20/2017,Regular,Accepted,"MM CERT (51) ISSUED PER SI# 193431 DTD 06/28/17, PROF. EXM DTD 11/14/15 [JEN];"
78989,10/09/2024,Regular,Accepted,DGL [ MD RIV- CAVITE- EAST ] MY 2024-2025 [JOEL]
78989,10/09/2024,Honorary,Accepted,HONORARY CERT ISSUED 09/26/2024 [JOEL]
78989,05/16/2025,Regular,Accepted,Gli [15 ] My 2023-2024 [April]
78996,07/12/2012,Petitioner,No Action,ML (15) PET. PRSTD. 07/07/12; GLP RCVD. 07/09/12 - CIR. 07/20/12 [JEN];
78996,03/12/2013,Petitioner,No Action,INITIATED (15) PER 2012AR [ANGIE];
78997,07/12/2012,Petitioner,No Action,ML (15) PET. PRSTD. 07/07/12; GLP RCVD. 07/09/12 - CIR. 07/20/12 [JEN];
79206,08/29/2012,Petitioner,No Action,ML (51) PET. PRSTD. 08/11/12; GLP RCVD. 08/23/12 - CIR. 08/30/12 [JEN];
79206,11/09/2012,Petitioner,No Action,PET. ELCTD (51) PER MMR 10/13/12 [JEN];
79206,01/30/2013,Petitioner,No Action,INITIATED (51) PER MMR 11/10/12 [JEN]; PASSED (51) PER MMR 12/08/12 [JEN];
79206,03/11/2013,Regular,Accepted,RAISED (51) PER MMR 01/12/13 - CIR. 02/28/13 [JEN];
79206,02/24/2023,Regular,Accepted,MM CERT ISSUED 12/20/2022; PROF EXAM 11/12/2022 [JOEL]
79235,09/04/2012,Petitioner,No Action,ML (15) PET. RCVD. 08/30/12 - CIR. 09/10/12 [JEN]; INITIATED (15) PER 2013 AR [JEN]; PASSED (15) PER MMR 09/21/13 [JEN]; 
79235,02/08/2014,Regular,Accepted,RAISED (15) PER MMR 02/01/14 - CIR. 02/10/14 [JEN]; 
79235,09/11/2024,Regular,Accepted,MM CERT ISSUED 09/12/2024; PROF EXAM 04/06/2024 [JOEL]
79236,09/04/2012,Petitioner,No Action,ML (15) PET. RCVD. 08/30/12 - CIR. 09/10/12 [JEN];
79236,07/03/2014,Petitioner,No Action,INITIATED (15) PER MMR 05/03/14 [JEN];
79236,07/07/2016,Regular,Accepted,Passed and Raised (13) per 2015 AR [ann];
79236,11/05/2024,Regular,Accepted,MM CERT ISSUED 10/28/2024; PROF EXAM 02/06/2016 [JOEL]
79264,09/06/2012,Petitioner,No Action,ML (352) PET. PRSTD. 07/07/12; GLP RCVD. 09/03/12 - CIR. 09/10/12 [JEN];
79264,01/24/2013,Petitioner,No Action,INITIATED (352) PER 2012 AR [JEN]; PASSED (352) PER 2013 AR [JEN]; 
79264,09/01/2014,Regular,Accepted,RAISED (352) PER MMR 01/04/14 - CIR. 08/20/14 [JEN];
79265,09/06/2012,Petitioner,No Action,ML (352) PET. PRSTD. 07/07/12; GLP RCVD. 09/03/12 - CIR. 09/10/12 [JEN];
79265,04/07/2014,Regular,Accepted,PASSED & RAISED (352) PER 2013 AR [JEN]; 
79312,09/28/2012,Petitioner,No Action,ML (15) PET. PRSTD. 08/04/12; GLP RCVD. 09/26/12 -  CIR. 09/30/12 [JEN];
79313,09/28/2012,Petitioner,No Action,ML (15) PET. PRSTD. 08/04/12; GLP RCVD. 09/26/12 -  CIR. 09/30/12 [JEN];
79342,09/19/2012,Petitioner,No Action,ML (51) PET. PRSTD. 09/08/12; GLP RCVD. 09/13/12 - CIR. 09/20/12 [JEN];
79342,02/04/2013,Petitioner,No Action,PET. ELCTD & INITIATED (51) PER MMR 11/10/13 [JEN];
79342,01/30/2013,Petitioner,No Action,INITIATED (51) PER MMR 11/10/12 [JEN]; PASSED (51) PER MMR 12/08/12 [JEN];
79342,03/11/2013,Regular,Accepted,RAISED (51) PER MMR 01/12/13 - CIR. 02/28/13 [JEN];
79342,07/04/2014,Regular,Accepted,MM CERT (51) ISSUED PER SI# 174092 DTD 06/05/14 [JEN];
79343,09/19/2012,Petitioner,No Action,ML (51) PET. PRSTD. 09/08/12; GLP RCVD. 09/13/12 - CIR. 09/20/12 [JEN];
79392,10/11/2012,Petitioner,No Action,ML (15) PET. RCVD. 10/03/12 - CIR. 10/10/12 [JEN];
79392,11/21/2013,Petitioner,No Action,initiated (15) per mmr 05/04/13 [jen];
79392,11/21/2013,Petitioner,No Action,passed (15) per mmr 07/17/13 [jen];
79392,02/08/2014,Regular,Accepted,RAISED (15) PER MMR 11/09/13 - CIR. 02/10/14 [JEN]; 
79392,09/11/2024,Regular,Accepted,MM CERT ISSUED 09/12/2024; PROF EXAM 04/06/2024 [JOEL]
79393,10/11/2012,Petitioner,No Action,ML (15) PET. RCVD. 10/03/12 - CIR. 10/10/12 [JEN];
79393,11/21/2013,Petitioner,No Action,INITIATED (15) PER 2013 AR [JEN]; passed (15) per mmr 08/17/12 [jen];
79393,02/08/2014,Regular,Accepted,RAISED (15) PER MMR 11/09/13 - CIR. 02/10/14 [JEN]; 
79393,12/21/2016,Regular,Accepted,"MM CERT (15) ISSUED PER SI# 189511 DTD 12/02/16, PROF. EXM DTD 10/03/15 [NAZ];"
79393,05/19/2021,Regular,Accepted,GLI [51] MY 2021-2022 ALEX
79393,06/09/2023,Regular,Accepted,DGL (MD RIV - CAVITE  (EAST) MY 2023-2024 (SALVADOR)
79517,11/03/2012,Petitioner,No Action,ML (51) PET. PRSTD. 10/13/12; GLP RCVD. 10/31/12 OR#140149 - CIR. 10/30/12 [JEN];
79517,05/10/2013,Petitioner,No Action,INITIATED (51) PER MMR 03/09/13 [JEN];
79517,07/01/2013,Regular,Accepted,RAISED (51) PER MMR 06/08/13 - CIR. 06/30/13 [JEN];
79517,09/20/2017,Regular,Accepted,"MM CERT (51) ISSUED PER SI# 193431 DTD 06/28/17, PROF. EXM DTD 11/14/15 [JEN];"
79518,11/03/2012,Petitioner,No Action,ML (51) PET. PRSTD. 10/13/12; GLP RCVD. 10/31/12 OR#140149 - CIR. 10/30/12 [JEN];
79518,05/10/2013,Petitioner,No Action,INITIATED (51) PER MMR 03/09/13 [JEN]; PASSED (51) PER MMR 03/09/13 [JEN];
79518,06/06/2013,Regular,Accepted,RAISED (51) PER MMR 04/13/13 - CIR. 05/30/13 [JEN];
79518,07/04/2014,Regular,Accepted,MM CERT (51) ISSUED PER SI# 174092 DTD 06/05/14 [JEN];
79518,02/21/2024,Regular,Accepted,"PM CERT, APRON & JEWEL ISSUED 01/23/2024 [JOEL]"
79519,11/03/2012,Petitioner,No Action,ML (51) GLP RCVD. 10/31/12 OR#140149 - CIR. 10/30/12 [JEN];
79519,05/10/2013,Petitioner,No Action,INITIATED (51) PER MMR 02/09/13 [JEN]; PASSED (51) PER MMR 03/09/13 [JEN];
79519,06/06/2013,Regular,Accepted,RAISED (51) PER MMR 04/13/13 - CIR. 05/30/13 [JEN];
79519,11/24/2020,Regular,Accepted,MASTER MASON CERT ISSUED 11/11/2020 .I NO. 209813; PROFICIENCY EXAM 08/19 [JOEL]
79520,11/03/2012,Petitioner,No Action,ML (51) PET. PRSTD. 10/13/12; GLP RCVD. 10/31/12 OR#140149 - CIR. 10/30/12 [JEN];
79520,05/10/2013,Petitioner,No Action,INITIATED (51) PER MMR 03/09/13 [JEN];
79520,07/01/2013,Regular,Accepted,RAISED (51) PER MMR 06/08/13 - CIR. 06/30/13 [JEN];
79520,06/19/2024,Regular,Accepted,MM CERT ISSUED 06/05/2024; PROF EXAM 02/17/2024 [JOEL]
79628,12/03/2012,Petitioner,No Action,ML (352) PET. RCVD. 11/24/12 OR#140553 - CIR. 12/10/12 [JEN];
79628,04/07/2014,Regular,Accepted,"INITIATED, PASSED & RAISED (352) PER 2013 AR [JEN]; "
79628,07/07/2014,Regular,Accepted,"MM CERT (352) ISSUED PER SI# 174093 DTD 06/05/14, PROF. EXM DTD 09/14/13 [JEN];"
79628,07/10/2014,Regular,Accepted,UPDATE RECORD (ADD OF DEPENDENT) PER GLP MEMBER UPDATE FORM [JEN];
79628,08/14/2019,Regular,Accepted,HON CERT (352) ISSUED PER SI NO. 204215 DTD (06/18/19) (ANN)
79628,06/03/2022,Regular,Accepted,HEAD NEWS CORRESPONDENTS- LUZON THE CABLETOW MY 2022-2023 [JOEL]
79628,02/20/2024,Regular,Accepted,"SUSPENDED FOR ONE [ 1 ] YEAR [ 352 ] PER GRAND MASTER'S DECISION NO. 12 ORDERED FEBRUARY 16, 2024, MW MDON T. RAMAS-UYPITCHING, GRAND MASTER, MW DANILO D. ANGELES, PGM, GRAND SECREYTARY [JOEL]"
79643,12/11/2012,Petitioner,No Action,ML (346) PET. PRSTD. 10/27/12; GLP RCVD. 12/07/12 O#140727 - CIR. 12/20/12 [JEN]; 
79643,05/10/2013,Petitioner,No Action,PET. ELCTD (346) PER MMR 02/15/13 [JEN];
79643,09/20/2013,Petitioner,No Action,INITIATED (346) PER MMR 05/04/13 [JEN]; PASSED (346) PER MMR 07/27/13 [JEN]; 
79643,03/12/2014,Regular,Accepted,RAISED (346) PER MMR 10/26/13 - CIR. 03/10/14 [JEN]; 
79643,08/26/2016,Regular,Accepted,MM CERT (346) ISSUED PER SI# 187400 DTD 7/28/16 PROF.EXM DTD 08/24/14 [ROSE];
79644,12/11/2012,Petitioner,No Action,ML (346) PET. PRSTD. 11/24/12; GLP RCVD. 12/07/12 OR#140727 - CIR. 12/20/12 [JEN];
79644,05/10/2013,Petitioner,No Action,PET. ELCTD (346) PER MMR 02/15/13 [JEN];
79644,09/20/2013,Petitioner,No Action,INITIATED (346) PER MMR 05/04/13 [JEN]; PASSED (346) PER MMR 06/22/13 [JEN]; 
79644,03/12/2014,Regular,Accepted,RAISED (346) PER MMR 09/28/13 - CIR. 03/10/14 [JEN]; 
79645,12/11/2012,Petitioner,No Action,ML (346) GLP RCVD. 12/07/12 OR#140727 - CIR.12/20/12  [JEN];
79645,05/10/2013,Petitioner,No Action,PET. ELCTD (346) PER MMR 02/15/13 [JEN];
79645,09/20/2013,Petitioner,No Action,INITIATED (346) PER MMR 05/25/13 [JEN]; PASSED (346) PER MMR 07/27/13 [JEN]; 
79645,03/12/2014,Regular,Accepted,RAISED (346) PER MMR 10/26/13 - CIR. 03/10/14 [JEN]; 
79645,08/26/2016,Regular,Accepted,MM CERT (346) ISSUED PER SI# 187400 DTD 7/28/16 PROF.EXM DTD 08/24/14 [ROSE];
79646,12/11/2012,Petitioner,No Action,ML (346) PET. PRSTD. 07/28/12; GLP RCVD. 12/07/12 OR#140727 - CIR. 12/20/12 [JEN];
79646,05/10/2013,Petitioner,No Action,PET. ELCTD (346) PER MMR 02/15/13 [JEN];
79646,09/20/2013,Petitioner,No Action,INITIATED (346) PER MMR 05/04/13 [JEN]; PASSED (346) PER MMR 06/22/13 [JEN]; 
79646,03/12/2014,Regular,Accepted,RAISED (346) PER MMR 09/28/13 - CIR. 03/10/14 [JEN]; 
79646,07/16/2018,Regular,Accepted,MM CERT. (346) 06/27/2018 ; ISSUED SI NO:199101 ; PROFICIENCY DATE:04/22/2017 [NES]
79647,12/11/2012,Petitioner,No Action,ML (346) PET. PRSTD. 09/29/12; GLP RCVD. 12/07/12 OR#140727 - CIR. 12/20/12 [JEN];
79647,05/10/2013,Petitioner,No Action,PET. ELCTD (346) PER MMR 02/15/13 [JEN];
79647,09/20/2013,Petitioner,No Action,INITIATED (346) PER MMR 05/25/13 [JEN]; PASSED (346) PER MMR 07/27/13 [JEN]; 
79647,05/19/2014,Regular,Accepted,RAISED (346) PER MMR 03/22/14 - CIR. 05/10/14 [JEN];
79647,06/11/2021,Dual,Accepted,DUAL FROM CHARTER [ALEX]
79648,12/11/2012,Petitioner,No Action,ML (346) PET. PRSTD. 09/29/12; GLP RCVD. 12/07/12 OR#140727 - CIR. 12/20/12 [JEN];
79648,09/20/2013,Petitioner,No Action,INITIATED (346) PER MMR 05/25/13 [JEN]; PASSED (346) PER MMR 11/2313 [JEN]; 
79648,03/12/2014,Regular,Accepted,RAISED (346) PER MMR 12/14/13 - CIR. 03/10/14 [JEN]; 
79648,12/09/2024,Regular,Accepted,MM CERT ISSUED 11/30/2024; PROF EXAM 02/24/2024 [JOEL]
79725,01/11/2013,Petitioner,No Action,ML (352) PET. PRSTD. 10/06/12; GLP RCVD. 12/27/12 OR#140553 - CIR. 01/20/13 [JEN];
79725,04/07/2014,Regular,Accepted,"INITIATED, PASSED & RAISED (352) PER 2013 AR [JEN]; "
79725,07/07/2014,Regular,Accepted,"MM CERT (352) ISSUED PER SI# 174093 DTD 06/05/14, PROF. EXM DTD 04/05/14 [JEN];"
79921,02/19/2013,Petitioner,No Action,ML (51) OR# 141848 - CIR. 02/20/13 [JEN];
79921,12/03/2013,Petitioner,No Action,PET. RJCTD (51) PER MMR 10/12/13 - CIR. 11/30/13 [JEN];
79922,02/19/2013,Petitioner,No Action,ML (51) OR# 141848 - CIR. 02/20/13 [JEN];
79922,06/06/2013,Petitioner,No Action,PET. ELCTD (51) PER MMR 04/13/13 [JEN];
79922,07/01/2013,Petitioner,No Action,INITIATED (51) PER MMR 06/08/13 [JEN];
79922,08/13/2015,Petitioner,No Action,PASSING IS HEREBY HELD IN ABEYANCE PER GM RENTOY'S ORDER DTD 08/06/15 UNTIL FURTHER ORDER OF GM [JEN];
80046,03/20/2013,Petitioner,No Action,ML (69) OR# 142207 - CIR. 03/20/13 [JEN];
80046,08/23/2013,Petitioner,No Action,PET. ELCTD (69) PER MMR 06/04/13 [JEN];
80074,04/02/2013,Petitioner,No Action,ML (352) OR# 142515 - CIR. 03/30/13 [JEN];
80074,04/07/2014,Petitioner,No Action,INITIATED (352) PER 2013 AR [JEN]; 
80074,09/08/2014,Petitioner,No Action,PASSED (352) PER MMR 07/05/14 [JEN];
80074,12/09/2014,Regular,Accepted,RAISED (352) PER MMR 11/05/14 - CIR. 11/30/14 [JEN];
80075,04/02/2013,Petitioner,No Action,ML (352) OR# 142515 - CIR. 03/30/13 [JEN];
80075,04/07/2014,Petitioner,No Action,INITIATED (352) PER 2013 AR [JEN]; 
80075,09/08/2014,Petitioner,No Action,PASSED (352) PER MMR 07/05/14 [JEN];
80075,12/09/2014,Regular,Accepted,RAISED (352) PER MMR 11/05/14 - CIR. 11/30/14 [JEN];
80149,05/19/2014,Regular,Accepted,RAISED (346) PER MMR 03/22/14 - CIR. 05/10/14 [JEN];
80149,03/12/2014,Petitioner,No Action,INITIATED (346) PER MMR 09/28/13 [JEN]; PASSED (346) PER MMR 02/22/14 [JEN]; 
80149,04/29/2013,Petitioner,No Action,ML (346) OR# 142882 - CIR. 05/10/13 [JEN];
80150,04/29/2013,Petitioner,No Action,ML (346) OR# 142882 - CIR. 05/10/13 [JEN];
80150,03/12/2014,Petitioner,No Action,INITIATED (346) PER MMR 09/28/13 [JEN]; PASSED (346) PER MMR 02/22/14 [JEN]; 
80150,05/14/2015,Regular,Accepted,RAISED (346) PER MMR 05/25/15 - CIR. 04/20/15 [JEN];
80151,04/30/2013,Petitioner,No Action,ML (346) OR# 142882 - CIR. 05/10/13 [JEN];
80151,03/12/2014,Petitioner,No Action,INITIATED (346) PER MMR 09/28/13 [JEN]; PASSED (346) PER MMR 02/22/14 [JEN]; 
80151,05/14/2015,Regular,Accepted,RAISED (346) PER MMR 05/25/15 - CIR. 04/20/15 [JEN];
80151,11/24/2016,Regular,Accepted,"MM CERT (346) ISSUED PER SI# 188878 DTD 10/27/16, PROF. EXM DTD 04/18/15 [ROSE];"
80152,04/30/2013,Petitioner,No Action,ML (346) OR# 142882 - CIR. 05/10/13 [JEN];
80152,03/12/2014,Petitioner,No Action,PET. ELCTD (346) PER MMR 02/22/14 [JEN]; 
80152,11/15/2014,Petitioner,No Action,INITIATED (346) PER MMR 07/26/14 [JEN];
80152,08/22/2016,Petitioner,No Action,PASSED (346) PER 2015 AR [MEL];
80152,05/22/2017,Regular,Accepted,PET. RJCTD (346) PER MMR 03/25/17 - CIR. 04/30/17 [JEN];
80152,10/13/2022,Regular,Accepted,MM CERT ISSUED 09/29/2022 S.I NO. 220024; PROF EXAM 03/25/2017 [JOEL]
80159,04/30/2013,Petitioner,No Action,ML (15) OR# 142907 - CIR. 05/10/13 [JEN];
80159,11/21/2013,Petitioner,No Action,initiated (15) per mmr 09/07/13 [jen]; PASSED (15) PER MMR 10/26/13 [JEN]; 
80159,04/16/2014,Regular,Accepted,RAISED (15) PER MMR 04/05/14 - CIR. 04/20/14 [JEN]; 
80159,11/05/2024,Regular,Accepted,MM CERT ISSUED 10/28/2024; PROF EXAM 10/18/2014 [JOEL]
80160,04/30/2013,Petitioner,No Action,ML (15) OR# 142907 - CIR. 05/10/13 [JEN];
80160,11/21/2013,Petitioner,No Action,INITIATED (15) PER 2013 AR [JEN]; passed (15) per mmr 09/21/13 [jen];
80160,02/08/2014,Regular,Accepted,RAISED (15) PER MMR 02/01/14 - CIR. 02/10/14 [JEN]; 
80160,05/21/2025,Regular,Accepted,SNPD [ 15 ] MMR  03/2025 CIR 05/30/2025 [JOEL]
80161,04/30/2013,Petitioner,No Action,ML (15) OR# 142907 - CIR. 05/10/13 [JEN];
80161,11/21/2013,Petitioner,No Action,initiated (15) per mmr 09/07/13 [jen]; PASSED (15) PER MMR 10/26/13 [JEN]; 
80161,04/16/2014,Regular,Accepted,RAISED (15) PER MMR 04/05/14 - CIR. 04/20/14 [JEN]; 
80161,05/21/2025,Regular,Accepted,SNPD [ 15 ] MMR  03/2025 CIR 05/30/2025 [JOEL]
80175,05/02/2013,Petitioner,No Action,ML (346) OR# 142888 - CIR. 05/10/13 [JEN];
80175,03/12/2014,Petitioner,No Action,INITIATED (346) PER MMR 08/24/13 [JEN]; PASSED (346) PER MMR 11/2313 [JEN]; 
80175,03/12/2014,Regular,Accepted,RAISED (346) PER MMR 12/14/13 - CIR. 03/10/14 [JEN]; 
80175,12/09/2024,Regular,Accepted,MM CERT ISSUED 11/30/2024; PROF EXAM 02/24/2024 [JOEL]
80176,05/02/2013,Petitioner,No Action,ML (346) OR# 142882 - CIR. 05/10/13 [JEN];
80176,03/12/2014,Petitioner,No Action,INITIATED (346) PER MMR 08/24/13 [JEN]; PASSED (346) PER MMR 11/2313 [JEN]; 
80176,03/12/2014,Regular,Accepted,RAISED (346) PER MMR 12/14/13 - CIR. 03/10/14 [JEN]; 
80176,12/09/2024,Regular,Accepted,MM CERT ISSUED 11/30/2024; PROF EXAM 04/20/2024 [JOEL]
80214,05/14/2013,Petitioner,No Action,ML (51) OR# 143027 - CIR. 05/20/13 [JEN];
80214,12/03/2013,Petitioner,No Action,INITIATED & PASSED (51) PER MMR 10/12/13 [JEN];
80214,12/27/2013,Regular,Accepted,RAISED (51) PER MMR 11/09/13 - CIR. 12/30/13 [JEN];
80214,03/13/2017,Regular,Accepted,SNA (51) PER MMR 12/10/16 - CIR. 03/20/17 [JEN];
80401,06/27/2013,Petitioner,No Action,ML (51) OR# 143629 - CIR. 06/30/13 [JEN];
80401,12/03/2013,Petitioner,No Action,INITIATED & PASSED (51) PER MMR 10/12/13 [JEN];
80401,12/27/2013,Regular,Accepted,RAISED (51) PER MMR 11/09/13 - CIR. 12/30/13 [JEN];
80402,06/27/2013,Petitioner,No Action,ML (51) OR# 143629 - CIR. 06/30/13 [JEN];
80402,12/03/2013,Petitioner,No Action,INITIATED & PASSED (51) PER MMR 10/12/13 [JEN];
80402,12/27/2013,Regular,Accepted,RAISED (51) PER MMR 11/09/13 - CIR. 12/30/13 [JEN];
80403,06/27/2013,Petitioner,No Action,ML (51) OR# 143629 - CIR. 06/30/13 [JEN];
80403,12/03/2013,Petitioner,No Action,INITIATED & PASSED (51) PER MMR 10/12/13 [JEN];
80403,12/27/2013,Regular,Accepted,RAISED (51) PER MMR 12/14/13 - CIR. 12/30/13 [JEN];
80404,06/27/2013,Petitioner,No Action,ML (51) OR# 143629 - CIR. 06/30/13 [JEN];
80404,12/03/2013,Petitioner,No Action,INITIATED (51) PER MMR 10/12/13 [JEN];
80404,12/27/2013,Petitioner,No Action,PASSED (51) PER MMR 11/09/13 [JEN];
80404,12/27/2013,Regular,Accepted,RAISED (51) PER MMR 12/14/13 - CIR. 12/30/13 [JEN];
80584,08/13/2013,Petitioner,No Action,ML (51) OR# 144083 - CIR. 07/30/13 [JEN];
80584,12/03/2013,Petitioner,No Action,PET. ELCTD (51) PER MMR 10/12/13 [JEN];
80584,12/27/2013,Petitioner,No Action,INITIATED (51) PER MMR 11/09/13 [JEN];
80584,04/03/2014,Petitioner,No Action,PASSED (51) PER MMR 03/08/14 [JEN]; 
80584,07/14/2014,Regular,Accepted,RAISED (51) PER MMR 06/14/14 - CIR. 07/10/14 [JEN];
80584,08/14/2019,Regular,Accepted,MM CERT (51) ISSUED PER SI NO. 204242 DTD 06/18/19 PROF EXAM (04/13/19)  (ANN)
80585,08/13/2013,Petitioner,No Action,ML (51) OR# 144083 - CIR. 07/30/13 [JEN];
80585,12/03/2013,Petitioner,No Action,PET. ELCTD (51) PER MMR 10/12/13 [JEN]; INITIATED (51) PER 2013 AR [JEN]; 
80585,05/25/2023,Petitioner,No Action,DROPPED [51] MMR 10/2022 CIR. 05/30/2023 [JOEL]
80586,08/13/2013,Petitioner,No Action,ML (51) OR# 144083 - CIR. 07/30/13 [JEN];
80586,12/03/2013,Petitioner,No Action,PET. ELCTD (51) PER MMR 10/12/13 [JEN]; INITIATED (51) PER 2013 AR [JEN]; 
80586,12/27/2013,Petitioner,No Action,PASSED (51) PER MMR 11/09/13 [JEN];
80586,12/27/2013,Regular,Accepted,RAISED (51) PER MMR 12/14/13 - CIR. 12/30/13 [JEN];
80586,06/19/2024,Regular,Accepted,MM CERT ISSUED 06/05/2024; PROF EXAM 02/17/2024 [JOEL]
80587,08/13/2013,Petitioner,No Action,ML (51) OR# 144083 - CIR. 07/30/13 [JEN];
80587,12/03/2013,Petitioner,No Action,PET. ELCTD (51) PER MMR 10/12/13 [JEN]; INITIATED (51) PER 2013 AR [JEN]; 
80587,12/27/2013,Petitioner,No Action,PASSED (51) PER MMR 11/09/13 [JEN];
80587,12/27/2013,Regular,Accepted,RAISED (51) PER MMR 12/14/13 - CIR. 12/30/13 [JEN];
80587,11/29/2019,Regular,Accepted,SNPD [51] MMR 10/19/19- CIR. 11/30/19 [JOEL]
80587,02/27/2020,Regular,Accepted,SNPD [51] A/R 2019 [MON]
80587,03/13/2020,Regular,Accepted,RESTORED [51] MMR 12/14/19- CIR. 06/10/2020 [JOEL]
80587,12/20/2022,Regular,Accepted,SNPD [51] MMR 11/2022 CIR. 12/20/2022 [JOEL]
80587,05/10/2023,Regular,Accepted,RESTORED [ 51 ] MMR 01/2023 CIR. 05/10/2023 [JOEL]
80588,08/13/2013,Petitioner,No Action,ML (51) OR# 144083 - CIR. 07/30/13 [JEN];
80588,12/03/2013,Petitioner,No Action,PET. ELCTD (51) PER MMR 10/12/13 [JEN]; INITIATED (51) PER 2013 AR [JEN]; 
80588,12/27/2013,Petitioner,No Action,PASSED (51) PER MMR 11/09/13 [JEN];
80588,12/27/2013,Regular,Accepted,RAISED (51) PER MMR 12/14/13 - CIR. 12/30/13 [JEN];
80589,08/13/2013,Petitioner,No Action,ML (51) OR# 144083 - CIR. 07/30/13 [JEN];
80589,12/03/2013,Petitioner,No Action,PET. ELCTD (51) PER MMR 10/12/13 [JEN];
80661,08/27/2013,Petitioner,No Action,ML (51) OR# 144288 - CIR. 08/20/13 [JEN];
80661,12/27/2013,Petitioner,No Action,INITIATED (51) PER MMR 11/09/13 [JEN];
80661,04/03/2014,Petitioner,No Action,PASSED (51) PER MMR 02/08/14 [JEN]; 
80661,05/27/2014,Regular,Accepted,RAISED (51) PER MMR 04/12/14 - CIR. 05/20/14 [JEN];
80661,03/14/2017,Regular,Accepted,"MM CERT (51) ISSUED PER SI# 189172 DTD 11/14/16, PROF EXM DTD JANUARY 2015 [JEN];"
80666,08/27/2013,Petitioner,No Action,ML (51) OR# 144288 - CIR. 08/20/13 [JEN];
80666,12/27/2013,Petitioner,No Action,INITIATED (51) PER MMR 11/09/13 [JEN];
80666,12/27/2013,Petitioner,No Action,PASSED (51) PER MMR 11/09/13 [JEN];
80666,05/27/2014,Regular,Accepted,RAISED (51) PER MMR 04/12/14 - CIR. 05/20/14 [JEN];
80666,07/22/2022,Regular,Accepted,MM CERT ISSUED 04/20/2022 S.I NO. 216916; PROF EXAM 01/11/2020 [JOEL]
80667,08/27/2013,Petitioner,No Action,ML (51) OR# 144288 - CIR. 08/20/13 [JEN];
80667,03/27/2017,Petitioner,No Action,INITIATED (51) PER MMR 08/25/16 [JEN];
80667,06/16/2018,Petitioner,No Action,PASSED (51) PER A/R 2018
80667,06/23/2018,Petitioner,Accepted,PASSED(51) MMR 07/08/17(MENG)
80667,02/08/2021,Regular,Accepted,RAISED [51] MMR 01/11/2020- CIR. 02/10/2021 [JOEL]
80668,08/27/2013,Petitioner,No Action,ML (51) OR# 144288 - CIR. 08/20/13 [JEN];
80668,12/27/2013,Petitioner,No Action,INITIATED (51) PER MMR 11/09/13 [JEN];
80668,12/27/2013,Petitioner,No Action,PASSED (51) PER MMR 11/09/13 [JEN];
80668,04/03/2014,Regular,Accepted,RAISED (51) PER MMR 03/08/14 - CIR. 04/10/14 [JEN]; 
80668,02/21/2024,Regular,Accepted,MM CERT ISSUED 02/12/2024; PROF EXAM 12/09/2023 [JOEL]
80669,08/27/2013,Petitioner,No Action,ML (51) OR# 144288 - CIR. 08/20/13 [JEN];
80669,12/27/2013,Petitioner,No Action,INITIATED (51) PER MMR 11/09/13 [JEN];
80669,04/03/2014,Petitioner,No Action,PASSED (51) PER MMR 02/08/14 [JEN]; 
80669,07/14/2014,Regular,Accepted,RAISED (51) PER MMR 06/14/14 - CIR. 07/10/14 [JEN];
80670,08/27/2013,Petitioner,No Action,ML (51) OR# 144288 - CIR. 08/20/13 [JEN];
80670,12/27/2013,Petitioner,No Action,INITIATED (51) PER MMR 11/09/13 [JEN];
80670,04/03/2014,Petitioner,No Action,PASSED (51) PER MMR 02/08/14 [JEN];
80670,05/27/2014,Regular,Accepted,RAISED (51) PER MMR 04/12/14 - CIR. 05/20/14 [JEN];
80670,03/14/2017,Regular,Accepted,"MM CERT (51) ISSUED PER SI# 189172 DTD 11/14/16, PROF EXM DTD JULY 2015 [JEN];"
80671,08/27/2013,Petitioner,No Action,ML (51) OR# 144288 - CIR. 08/20/13 [JEN];
80671,12/27/2013,Petitioner,No Action,INITIATED (51) PER MMR 11/09/13 [JEN];
80671,12/27/2013,Petitioner,No Action,PASSED (51) PER MMR 11/09/13 [JEN];
80671,04/03/2014,Regular,Accepted,RAISED (51) PER MMR 03/08/14 - CIR. 04/10/14 [JEN]; 
80671,07/22/2022,Dimitted,Accepted,MM CERT ISSUED 05/20/2022 S.I NO. 217798; PROF EXAM 04/09/2022 [JOEL]
80864,10/10/2013,Petitioner,No Action,ML (31) OR# 144888 - CIR. 10/10/13 [JEN];
80864,12/27/2013,Petitioner,No Action,PET. ELCTD (31) PER MMR 11/23/13 [JEN]; INITIATED (31) PER 2013 AR [JEN]; 
80864,07/11/2014,Regular,Accepted,PASSED (31) PER 2014 AR [JEN]; RAISED (31) PER MMR 06/28/14 - CIR. 07/10/14 [JEN];
80864,10/23/2015,Regular,Accepted,MM CERT (31) ISSUED PER SI# 180589 DTD 05/26/15 PROF EXAM 08/23/2014 [JEN];
80865,10/10/2013,Petitioner,No Action,ML (31) OR# 144888 - CIR. 10/10/13 [JEN];
80865,12/27/2013,Petitioner,No Action,PET. ELCTD (31) PER MMR 11/23/13 [JEN]; INITIATED (31) PER 2013 AR [JEN]; 
80868,10/10/2013,Petitioner,No Action,ML (51) OR# 144900 - CIR. 10/10/13 [JEN];
80869,10/16/2013,Petitioner,No Action,ML (51) OR# 144900 - CIR. 10/10/13 [JEN];
80869,09/11/2014,Petitioner,No Action,INITIATED (51) PER MMR 07/12/14 [JEN];
81051,11/20/2013,Petitioner,No Action,ML (346) OR# 151267 - CIR. 11/20/13 [JEN];
81051,05/14/2015,Petitioner,No Action,PET. ELCTD (346) PER MMR DEC 2014 [JEN];
81051,12/18/2015,Petitioner,No Action,INITIATED (346) PER MMR 04/18/15 [JEN];
81051,12/18/2015,Petitioner,No Action,PASSED (346) PER MMR 07/25/15 [JEN];
81051,01/12/2017,Regular,Accepted,RAISED (346) PER MMR 11/26/16 - CIR. 01/20/17 [JEN];
81051,03/14/2017,Regular,Accepted,UPDATE RECORD (CHANGE OF ADD) FOR GLP MEMBERS UPDATE FORM [JEN];
81051,08/16/2019,Regular,Accepted,MM CERT (346) ISSUED PER SI NO. 204452 DTD 07/17/19 PROF. EXAM (03/23/19) (ANN)
81051,06/07/2023,Regular,Accepted,VCIE CHAIRMAN COMMITTEE ON MASONIC CEMETERY MY 2022-2023 (SALVADOR) 
81051,10/09/2024,Regular,Accepted,DGL [ MD RIV- CAVITE- WEST ] MY 2024-2025 [JOEL]
81051,05/19/2025,Regular,Accepted,Gli [316] MY 2025-2026 [April]
81052,11/20/2013,Petitioner,No Action,ML (346) OR# 151267 - CIR. 11/20/13 [JEN];
81052,03/12/2014,Petitioner,No Action,PET. ELCTD (346) PER MMR 02/22/14 [JEN]; 
81052,07/03/2014,Petitioner,No Action,INITIATED (346) PER MMR 04/05/14 [JEN]; PASSED (346) PER MMR 06/21/14 [JEN];
81052,10/20/2014,Regular,Accepted,RAISED (346) PER MMR 08/13/14 - CIR. 10/10/14 [JEN];
81052,09/23/2016,Regular,Accepted,MM CERT (346) PER SI# 187940 DTD 08/31/16 PROF. EXM DTD 11/21/15 [ROSE];
81053,11/20/2013,Petitioner,No Action,ML (346) OR# 151267 - CIR. 11/20/13 [JEN];
81053,03/12/2014,Petitioner,No Action,PET. ELCTD (346) PER MMR 02/22/14 [JEN]; 
81053,07/03/2014,Petitioner,No Action,INITIATED (346) PER MMR 04/05/14 [JEN]; PASSED (346) PER MMR 06/21/14 [JEN];
81053,10/20/2014,Regular,Accepted,RAISED (346) PER MMR 08/23/14 - CIR. 10/10/14 [JEN];
81054,05/14/2015,Regular,Accepted,RAISED (346) PER MMR DEC 2014 - CIR. 04/20/15 [JEN];
81054,03/12/2014,Petitioner,No Action,PET. ELCTD (346) PER MMR 02/22/14 [JEN]; 
81054,07/03/2014,Petitioner,No Action,INITIATED (346) PER MMR 04/05/14 [JEN]; PASSED (346) PER MMR 10/25/14 [JEN];
81054,11/20/2013,Petitioner,No Action,ML (346) OR# 151267 - CIR. 11/20/13 [JEN];
81054,12/05/2024,Regular,Accepted,PROF EXAM 02/24/2024 [JOEL]
81054,12/09/2024,Regular,Accepted,MM CERT ISSUED 11/30/2024; PROF EXAM 02/29/2024 [JOEL]
81057,11/21/2013,Affiliate,No Action,"FROM LIBERTY NO. 299, GL OF CALIFORNIA"
81057,11/21/2013,Affiliate,No Action,"PET. FOR AFF. W/ (51) RCVD. 07/25/13 - CIR. 11/20/13; INITIATED, PASSED & RAISED FROM LIBERTY LODGE NO. 299, GL OF CALIFORNIA [JEN];"
81057,12/27/2013,Affiliate,Accepted,PET. FOR AFF. W/ (51) APPRVD. PER MMR 11/09/13 - CIR. 12/30/13 [JEN];
81058,11/28/2013,Petitioner,No Action,ML (15) PET. PRSTD. NOV 2012; OR# 151418 - CIR. 11/30/13 [JEN];
81217,12/21/2013,Petitioner,No Action,ML (51) OR# 151708 - CIR. 12/30/13 [JEN];
81217,04/03/2014,Petitioner,No Action,INITIATED (51) PER MMR 03/08/14 [JEN]; 
81217,07/03/2014,Petitioner,No Action,PASSED (51) PER MMR 05/10/14 [JEN];
81217,07/14/2014,Regular,Accepted,RAISED (51) PER MMR 06/14/14 - CIR. 07/10/14 [JEN];
81217,05/06/2024,Regular,Accepted,MM CERT ISSUED 03/13/2024; PROF EXAM 01/13/2024 [JOEL]
81271,01/15/2014,Petitioner,No Action,ML (15) OR# 151934 - CIR 01/10/14 [JEN]; 
81271,08/18/2015,Petitioner,No Action,INITIATED (15) PER MMR FEB 2015 [JEN]; PASSED (15) PER MMR 07/05/15 [JEN];
81271,02/16/2016,Regular,Accepted,RAISED (15) PER MMR 09/19/15 - CIR. 01/30/16 [JEN];
81271,09/11/2024,Regular,Accepted,MM CERT ISSUED 09/12/2024; PROF EXAM 04/06/2024 [JOEL]
81344,02/01/2014,Petitioner,No Action,ML (51) OR# 152236 - CIR. 01/30/14 [JEN]; 
81344,07/03/2014,Petitioner,No Action,PET. ELCTD (51) PER MMR 05/10/14 [JEN];
81344,09/11/2014,Petitioner,No Action,INITIATED (51) PER MMR 07/12/14 [JEN];
81344,11/26/2014,Petitioner,No Action,PASSED (51) PER MMR 10/18/14 [JEN];
81344,08/06/2015,Regular,Accepted,RAISED (51) PER MMR 07/11/15 - CIR. 07/30/15 [JEN];
81344,03/13/2017,Regular,Accepted,SNPD (51) PER MMR 12/10/16 - CIR. 03/20/17 [JEN];
81344,07/06/2017,Regular,Accepted,REST (51) PER MMR 04/01/17 - CIR. 06/30/17 [JEN];
81344,03/07/2025,Regular,Accepted,MM CERT ISSUED 02/21/2025; PROF EXAM 01/11/2025 [JOEL]
81345,02/01/2014,Petitioner,No Action,ML (51) OR# 152236 - CIR. 01/30/14 [JEN]; 
81345,07/03/2014,Petitioner,No Action,PET. ELCTD (51) PER MMR 05/10/14 [JEN];
81345,09/11/2014,Petitioner,No Action,INITIATED (51) PER MMR 07/12/14 [JEN];
81345,11/15/2014,Petitioner,No Action,PASSED (51) PER MMR 08/09/14 [JEN];
81345,11/26/2014,Petitioner,No Action,RAISED (51) PER MMR 11/08/14 - CIR. 11/20/14 [JEN];
81345,08/14/2019,Regular,Accepted,MM CERT (51) ISSUED PER SI NO. 204242 DTD 06/18/19 PROF EXAM (03/09/19)  (ANN)
81423,02/20/2014,Petitioner,No Action,ML (352) OR# 152470 - CIR. [JEN]; 
81423,06/05/2025,Petitioner,Accepted,DROPPED PER APPROVED  LODGE RESOLUTION 12/07/2024 [JOEL]
81587,04/02/2014,Petitioner,No Action,ML (31) OR# 153201 - CIR. 03/30/14 [JEN]; 
81587,11/06/2018,Petitioner,No Action,ML (31) CIR. 11/10/18 OR#170276 [MENG];
81587,02/19/2021,Petitioner,Accepted,PASSED [31] MMR 11/19/2020 [JOEL]
81587,03/18/2022,Regular,Accepted,RAISED [31] MMR 02/19/2021 CIR. 03/20/2022 [JOEL]
81587,03/07/2024,Regular,Accepted,MM CERT ISSUED 01/20/2023; PROF EXAM 11/26/2022 [JOEL]
81592,04/02/2014,Petitioner,No Action,ML (31) OR# 153201 - CIR. 03/30/14 [JEN]; 
81592,07/11/2014,Petitioner,No Action,PET. ELCTD (31) PER MMR 07/26/14 [JEN]; INITIATED (31) PER MMR 06/28/14 [JEN];
81592,10/30/2014,Regular,Accepted,PASSED (31) PER MMR 09/27/14 [JEN]; RAISED (31) PER MMR 10/06/14 - CIR. 10/20/14 [JEN];
81592,03/07/2024,Regular,Accepted,MM CERT ISSUED 10/28/2024; PROF EXAM 10/12/2024 [JOEL]
81593,04/02/2014,Petitioner,No Action,ML (31) OR# 153201 - CIR. 03/30/14 [JEN]; 
81593,07/11/2014,Petitioner,No Action,PET. ELCTD (31) PER MMR 07/26/14 [JEN]; INITIATED (31) PER MMR 06/28/14 [JEN];
81593,10/30/2014,Regular,Accepted,PASSED (31) PER MMR 09/27/14 [JEN]; RAISED (31) PER MMR 10/06/14 - CIR. 10/20/14 [JEN];
81595,04/02/2014,Petitioner,No Action,ML (31) OR# 153201 - CIR. 03/30/14 [JEN]; 
81595,09/08/2014,Petitioner,No Action,PET. ELCTD (31) PER MMR 07/26/14 [JEN];
81595,09/16/2014,Petitioner,No Action,INITIATED (31) PER MMT 08/23/14 [JEN];
81595,04/12/2016,Petitioner,No Action,DECEASED (31) PER MMR 02/27/16 - CIR. 03/20/16 [JEN];
81620,04/03/2014,Petitioner,No Action,ML (51) OR# 153250 - CIR. 04/10/14 [JEN]; 
81620,11/15/2014,Petitioner,No Action,INITIATED (51) PER MMR 07/12/14 [JEN]; PASSED (51) PER MMR 09/13/14 [JEN];
81620,01/21/2015,Regular,Accepted,RAISED (51) 11/08/14 PER 2014 AR [JEN];
81620,03/14/2017,Regular,Accepted,"MM CERT (51) ISSUED PER SI# 189172 DTD 11/14/16, PROF EXM DTD JUNE 2015 [JEN];"
81621,04/03/2014,Petitioner,No Action,ML (51) OR# 153250 - CIR. 04/10/14 [JEN]; 
81621,11/15/2014,Petitioner,No Action,INITIATED (51) PER MMR 07/12/14 [JEN]; PASSED (51) PER MMR 09/13/14 [JEN];
81621,01/21/2015,Regular,Accepted,RAISED (51) 11/08/14 PER 2014 AR [JEN];
81621,03/14/2017,Regular,Accepted,"MM CERT (51) ISSUED PER SI# 189172 DTD 11/14/16, PROF EXM DTD JULY 2015 [JEN];"
81621,01/30/2023,Regular,Accepted,DGL [MD RIV- CAVITE-EAST] MY 2022-2023 [JOEL]
81621,03/09/2023,Honorary,Accepted,HONORARY CERT ISSUED 01/18/2023 [JOEL]
81621,06/08/2023,Regular,Accepted,"DDGM (MD OVERSEAS - OKINAWA, JAPAN) MY 2023-2024 (SALVADOR)"
81622,04/04/2014,Petitioner,No Action,ML (51) OR# 153250 - CIR. 04/10/14 [JEN]; 
81622,11/15/2014,Petitioner,No Action,INITIATED (51) PER MMR 07/12/14 [JEN]; PASSED (51) PER MMR 09/13/14 [JEN];
81622,01/21/2015,Regular,Accepted,RAISED (51) 11/08/14 PER 2014 AR [JEN];
81622,03/14/2017,Regular,Accepted,"MM CERT (51) ISSUED PER SI# 189172 DTD 11/14/16, PROF EXM DTD JULY 2015 [JEN];"
81622,05/21/2021,Regular,Accepted,GLI [97] MY 2019-2021 ALEX
81622,05/26/2021,Regular,Accepted,DGL [MD- RIV ] MY 2021-2022 [JOEL]
81622,06/15/2021,Regular,Accepted,MEMBER COMMITTEE ON MASONIC ASSOCIATIONS AND CLUBS MY 2021-2022 [ALEX]
81623,04/11/2014,Petitioner,No Action,ML (51) OR# 153250 - CIR. 04/10/14 [JEN]; 
81624,04/04/2014,Petitioner,No Action,ML (51) OR# 153250 - CIR. 04/10/14 [JEN]; 
81624,09/11/2014,Petitioner,No Action,INITIATED (51) PER MMR 07/12/14 [JEN];
81624,11/15/2014,Petitioner,No Action,PASSED (51) PER MMR 08/09/14 [JEN];
81624,11/26/2014,Regular,Accepted,RAISED (51) PER MMR 10/18/14 - CIR. 11/20/14 [JEN];
81624,07/22/2022,Regular,Accepted,MM CERT ISSUED 04/20/2022 S.I NO. 216916; PROF EXAM 11/14/2020 [JOEL]
81625,04/04/2014,Petitioner,No Action,ML (51) OR# 153450 - CIR. 04/10/14 [JEN]; 
81625,09/01/2014,Petitioner,No Action,INITIATED (51) PER MMR 07/12/14 [JEN;]
81625,01/21/2015,Regular,Accepted,PASSED & RAISED (51) PER 2014 AR [JEN];
81625,03/14/2017,Regular,Accepted,"MM CERT (51) ISSUED PER SI# 189172 DTD 11/14/16, PROF EXM DTD JUNE 2015 [JEN];"
81626,04/04/2014,Petitioner,No Action,ML (51) OR# 153250 - CIR. 04/10/14 [JEN]; 
81626,09/11/2014,Petitioner,No Action,INITIATED (51) PER MMR 07/12/14 [JEN];
81626,11/15/2014,Petitioner,No Action,PASSED (51) PER MMR 08/09/14 [JEN];
81626,11/26/2014,Regular,Accepted,RAISED (51) PER MMR 10/18/14 - CIR. 11/20/14 [JEN];
81626,03/14/2017,Regular,Accepted,"MM CERT (51) ISSUED PER SI# 189172 DTD 11/14/16, PROF EXM DTD JUNE 2015 [JEN];"
81626,12/20/2022,Regular,Accepted,SNPD [51] MMR 11/2022 CIR. 12/20/2022 [JOEL]
81788,05/24/2014,Petitioner,No Action,ML (51) OR# 153836 - CIR. 05/20/14 [JEN];
81788,09/01/2014,Petitioner,No Action,PET. ELCTD (51) PER MMR 07/12/14 [JEN];
81788,11/15/2014,Petitioner,No Action,INITIATED (51) PER MMR 08/09/14 [JEN];
81788,01/21/2015,Petitioner,No Action,PASSED (51) PER 2014 AR [JEN];
81788,06/22/2015,Regular,Accepted,RAISED (51) PER MMR 03/14/15 - CIR. 05/20/15 [JEN];
81788,06/19/2024,Regular,Accepted,MM CERT ISSUED 06/05/2024; PROF EXAM 02/17/2024 [JOEL]
81789,05/24/2014,Petitioner,No Action,ML (51) OR# 153836 - CIR. 05/20/14 [JEN];
81789,09/01/2014,Petitioner,No Action,PET. ELCTD (51) PER MMR 07/12/14 [JEN];
81789,11/15/2014,Petitioner,No Action,INITIATED (51) PER MMR 08/09/14 [JEN];
81789,01/21/2015,Petitioner,No Action,PASSED (51) PER 2014 AR [JEN];
81789,06/22/2015,Regular,Accepted,RAISED (51) PER MMR 03/14/15 - CIR. 05/20/15 [JEN];
81790,05/24/2014,Petitioner,No Action,ML (51) OR# 153836 - CIR. 05/20/14 [JEN];
81790,09/01/2014,Petitioner,No Action,PET. ELCTD (51) PER MMR 07/12/14 [JEN];
81790,11/15/2014,Petitioner,No Action,INITIATED (51) PER MMR 08/09/14 [JEN];
81790,11/26/2014,Petitioner,No Action,PASSED (51) PER MMR 10/18/14 [JEN];
81790,08/06/2015,Regular,Accepted,RAISED (51) PER MMR 07/11/15 - CIR. 07/30/15 [JEN];
81790,05/06/2024,Regular,Accepted,MM CERT ISSUED 03/13/2024; PROF EXAM 01/13/2024 [JOEL]
81854,06/03/2014,Petitioner,No Action,ML (31) OR# 153958 - CIR. 05/30/14 [JEN];
81854,07/11/2014,Petitioner,No Action,PET. ELCTD (31) PER MMR 06/28/14 [JEN];
81854,09/08/2014,Petitioner,No Action,INITIATED (31) PER MMR 07/26/14 [JEN];
81854,11/15/2014,Petitioner,No Action,PASSED (31) PER MMR 09/27/14 [JEN];
81854,05/29/2015,Regular,Accepted,RAISED (31) PER MMR 04/25/15 - CIR. 05/10/15 [JEN];
81854,07/16/2024,Regular,Accepted,MM CERT ISSUED 11/13/2024; PROF EXAM  04/22/2017 [JOEL]
81907,06/18/2014,Petitioner,No Action,ML (352) OR# 154059 - CIR. 06/20/14 [JEN];
81907,05/12/2015,Petitioner,No Action,PET ELCTD (352) PER MMR 03/07/15 [JEN];
81907,09/01/2016,Petitioner,No Action,PASSED (352) PER MMR 08/06/16 [MEL];
81907,11/24/2017,Regular,Accepted,RAISED(352) PER MMR DTD. 09/17- CIR. 11/10/17 (FOX)
81907,11/15/2018,Regular,Accepted,"MM CERT (352) ISSUED PER SI# 200122 DTD 09/14/18, PROF. EXM DTD 12/01/18  [nes];"
81908,06/18/2014,Petitioner,No Action,ML (352) OR# 154059 - CIR. 06/20/14 [JEN];
81908,09/26/2014,Petitioner,No Action,PET. RJCTD (352) PER MMR 09/06/14 - CIR. 09/20/14 [JEN];
81908,02/27/2015,Petitioner,No Action,PET. ELCTD (352) PER MMR 01/03/15 [JEN];
81908,05/12/2015,Petitioner,No Action,INITIATED (352) PER MMR 03/07/15 [JEN];
81908,08/18/2015,Petitioner,No Action,PASSED (352) PER MMR 07/04/15 [JEN];
81908,09/01/2015,Regular,Accepted,RAISED (352) PER MMR 08/01/15 - CIR. 08/10/15 [JEN];
81908,07/01/2016,Regular,Accepted,"MM CERT (352) ISSUED PER SI# 183158 DTD 12/18/15, PROF. EXM DTD 10/24/15 [JEN];"
81908,05/19/2021,Regular,Accepted,GLI [15] MY 2021-2022 ALEX
81908,07/17/2023,Honorary,Accepted,HONORARY CERT ISSUED 05/06/2022 [JOEL]
81908,11/09/2023,Honorary,Accepted,HONORARY CERT ISSUED 05/25/2023 [JOEL]
81908,10/09/2024,Honorary,Accepted,HONORARY CERT ISSUED 09/26/2024 [JOEL]
81967,07/09/2014,Petitioner,No Action,ML (69) OR# 154273 - CIR. 07/10/14 [JEN];
81967,05/30/2015,Petitioner,No Action,INITIATED (69) PER 2014 AR [JEN];
81967,03/12/2016,Petitioner,No Action,PASSED (69) PER 2015 AR [JEN];
81967,01/20/2017,Regular,Accepted,RAISED (69) PER MMR 08/06/16 - CIR. 01/10/17 [JEN];
81967,08/14/2019,Regular,Accepted,MM CERT (69) ISSUED PER SI NO. 201817 DTD 01/29/19 PROF EXAM (07/01/17) (ANN)
82064,07/30/2014,Petitioner,No Action,ML (15) OR# 154477 - CIR. 07/30/14 [JEN];
82064,08/18/2015,Petitioner,No Action,INITIATED (15) PER MMR FEB 2015 [JEN]; PASSED (15) PER MMR 07/05/15 [JEN];
82064,02/16/2016,Regular,Accepted,RAISED (15) PER MMR 09/19/15 - CIR. 01/30/16 [JEN];
82064,09/11/2024,Regular,Accepted,MM CERT ISSUED 09/12/2024; PROF EXAM 04/06/2024 [JOEL]
82113,08/11/2014,Petitioner,No Action,ML (352) OR# 154598 - CIR. 08/10/14 [JEN];
82113,09/26/2014,Petitioner,No Action,PET. ELCTD (352) PER MMR 09/06/14 [JEN];
82113,02/24/2015,Petitioner,No Action,INITIATED (352) PER 2014 AR [JEN];
82113,12/18/2015,Petitioner,No Action,PASSED (352) PER MMR 10/24/15 [JEN];
82113,07/04/2016,Regular,Accepted,Raised (352) per MMR 06/04/16 - Cir. 06/10/16 [ann];
82113,10/03/2016,Regular,Accepted,"MM CERT (352) ISSUED PER SI# 188198 DTD 09/15/16, PROF. EXAM DTD 08/06/16 [ROSE];"
82113,02/19/2025,Regular,Accepted,PM CERT & APRON ISSUED 01/25/2025 [JOEL] JEWEL 01/30/2025
82113,05/19/2025,Regular,No Action,"DGL, RIV CAVITE (EAST) MY 2025 - 2026"
82114,08/11/2014,Petitioner,No Action,ML (352) OR# 154598 - CIR. 08/10/14 [JEN];
82114,09/26/2014,Regular,Accepted,PET. RJCTD (352) PER MMR 09/06/14 - CIR. 09/20/14 [JEN];
82114,02/27/2015,Petitioner,No Action,PET. ELCTD (352) PER MMR 01/03/15 [JEN];
82114,11/05/2015,Petitioner,No Action,INITIATED (352) PER MMR 09/19/15 [JEN];
82114,08/19/2016,Petitioner,No Action,PASSED (352) PER MMR 07/02/16 [ROSE];
82114,01/05/2017,Regular,Accepted,RAISED (352) PER MMR 12/03/16 - CIR. 12/10/16 [JEN];
82114,11/15/2018,Regular,Accepted,"MM CERT (352) ISSUED PER SI# 200122 DTD 09/14/18, PROF. EXM DTD 03/03/18  [nes];"
82115,08/11/2014,Petitioner,No Action,ML (352) OR# 154598 - CIR. 08/10/14 [JEN];
82115,09/26/2014,Petitioner,No Action,PET. RJCTD (352) PER MMR 09/06/14 - CIR. 09/20/14 [JEN];
82115,02/27/2015,Petitioner,No Action,PET. ELCTD (352) PER MMR 01/03/15 [JEN];
82115,07/02/2015,Petitioner,No Action,INITIATED (352) PER MMR 05/02/15 [JEN];
82115,09/01/2016,Petitioner,No Action,PASSED (352) PER MMR 08/06/16 [MEL];
82115,06/20/2018,Regular,Accepted,RAISED(352) MMR 04/07/18- CIR 06/20/18 (JOEL)
82115,03/06/2020,Regular,Accepted,MASTER MASON CERT ISSUED 3/6/2020 S.I NO. 208462; PROFICIENCY EXAM 12/07/19 [JOEL]
82116,08/11/2014,Petitioner,No Action,ML (352) OR# 154598 - CIR. 08/10/14 [JEN];
82116,09/26/2014,Petitioner,No Action,PET. RJCTD (352) PER MMR 09/06/14 - CIR. 09/20/14 [JEN];
82116,02/27/2015,Petitioner,No Action,PET. ELCTD (352) PER MMR 01/03/15 [JEN];
82116,11/05/2015,Petitioner,No Action,INITIATED (352) PER MMR 09/19/15 [JEN];
82116,01/13/2017,Petitioner,No Action,PASSED (352) PER MMR 01/07/17 [JEN2];
82116,10/16/2017,Regular,Accepted,RAISED (352) PER MMR 07/01/17 - CIR. 10/10/17 [JHEZ];
82116,11/15/2018,Regular,Accepted,"MM CERT (352) ISSUED PER SI# 200122 DTD 09/14/18, PROF. EXM DTD 03/03/18  [nes];"
82116,10/20/2022,Regular,Accepted,DECEASED [352] MMR 08/2022 CIR. 10/20/2022 [JOEL]
82136,\N,Petitioner,No Action,ML (352) PET. PRSTD. 04/04/09; PET. RCVD. 05/13/09 - CIR. 06/10/09 [JEN];
82136,08/15/2014,Regular,Accepted,"INITIATED, PASSED & RAISED (352) PER 2010 AR [JEN];"
82313,\N,Petitioner,No Action,ML (352) PET. RCVD. 03/31/11 - CIR. 04/10/11 [JEN];
82313,\N,Regular,Accepted,"INITIATED, PASSED & RAISED (352) PER 2011 AR [JEN];"
82400,10/13/2014,Petitioner,No Action,ML (31) OR# 155350 - CIR. 10/10/14 [JEN];
82400,12/09/2014,Petitioner,No Action,PET. ELCTD (31) PER MMR 11/15/14 [JEN];
82400,02/02/2015,Petitioner,No Action,INITIATED (31) PER 2014 AR [JEN];
82400,02/27/2015,Petitioner,No Action,PASSED (31) PER MMR 01/24/15 [JEN];
82400,03/23/2015,Petitioner,No Action,RAISED (31) PER MMR 02/28/15 - CIR. 03/10/15 [JEN];
82400,10/23/2015,Regular,Accepted,MM CERT (31) ISSUED PER SI# 180589 DTD 05/26/15 [JEN];
82400,03/15/2017,Regular,Accepted,UPDATE RECORD (CHANGE OF ADD) FOR GLP MEMBERS UPDATE FORM [JEN];
82400,05/25/2022,Regular,Accepted,PM CERT APRON AND JEWEL ISSUED 04/13/2022 S.I NO. 216849 [JOEL]
82400,06/07/2023,Regular,Accepted,GLI (51) MY 2022-2023 (SALVADOR)
82400,06/09/2023,Regular,Accepted,DGL (MD R-IV  CAVITE  WEST) MY 2023-2024 (SALVADOR)
82401,10/13/2014,Petitioner,No Action,ML (31) OR# 155350 - CIR. 10/10/14 [JEN];
82401,12/09/2014,Petitioner,No Action,PET. ELCTD (31) PER MMR 11/15/14 [JEN];
82401,02/02/2015,Petitioner,No Action,INITIATED (31) PER 2014 AR [JEN];
82401,02/27/2015,Petitioner,No Action,PASSED (31) PER MMR 01/24/15 [JEN];
82401,03/23/2015,Regular,Accepted,RAISED (31) PER MMR 02/28/15 - CIR. 03/10/15 [JEN];
82401,10/23/2015,Regular,Accepted,MM CERT (31) ISSUED PER SI# 180589 DTD 05/26/15 [JEN];
82401,01/28/2025,Regular,Accepted,"PM CERT, JEWEL  & APRON  ISSUED12/06/2024 [JOEL]"
82401,05/19/2025,Regular,Accepted,Gli [15] MY 2025-2026 [April]
82402,10/13/2014,Petitioner,No Action,ML (31) OR# 155350 - CIR. 10/10/14 [JEN];
82402,12/09/2014,Petitioner,No Action,PET. ELCTD (31) PER MMR 11/15/14 [JEN];
82415,10/16/2014,Petitioner,No Action,ML (346) OR# 155321 - CIR. 10/10/14 [JEN];
82415,05/14/2015,Petitioner,No Action,PET. ELCTD (346) PER MMR DEC 2014 [JEN];
82415,12/18/2015,Petitioner,No Action,INITIATED (346) PER MMR 05/23/15 [JEN]; PASSED (346) PER MMR 08/22/15 [JEN];
82415,03/31/2016,Regular,Accepted,RAISED (346) PER MMR 12/05/15 - CIR. 04/10/16 [JEN];
82415,09/23/2016,Regular,Accepted,MM CERT (346) PER SI# 187940 DTD 08/31/16 PROF. EXM DTD 12/05/15 [ROSE];
82416,10/16/2014,Petitioner,No Action,ML (346) OR# 155321 - CIR. 10/10/14 [JEN];
82416,05/14/2015,Petitioner,No Action,PET. ELCTD (346) PER MMR DEC 2014 [JEN];
82416,12/18/2015,Petitioner,No Action,INITIATED (346) PER MMR 03/28/15 [JEN]; PASSED (346) PER MMR 06/27/15 [JEN];
82416,12/03/2015,Regular,Accepted,RAISED (346) PER MMR 09/26/15 - CIR. 10/30/15 [JEN];
82416,09/23/2016,Regular,Accepted,"MM CERT ISSUED PER SI# 188196 DTD 09/15/16, PROF. EXAM DTD 11/21/2015 [ROSE];"
82417,10/16/2014,Petitioner,No Action,ML (346) OR# 155321 - CIR. 10/10/14 [JEN];
82417,05/14/2015,Petitioner,No Action,PET. ELCTD (346) PER MMR DEC 2014 [JEN];
82417,12/18/2015,Petitioner,No Action,INITIATED (346) PER MMR 04/18/15 [JEN]; PASSED (346) PER MMR 07/25/15 [JEN];
82417,12/08/2015,Regular,Accepted,RAISED (346) PER MMR 10/24/15 - CIR. 11/10/15 [JEN];
82417,11/24/2016,Regular,Accepted,"MM CERT (346) ISSUED PER SI# 188878 DTD 10/27/16 , PROF. EXM DTD 11/21/15 [ROSE];"
82418,10/16/2014,Petitioner,No Action,ML (346) OR# 155321 - CIR. 10/10/14 [JEN];
82418,05/14/2015,Petitioner,No Action,PET. ELCTD (346) PER MMR DEC 2014 [JEN];
82418,12/18/2015,Petitioner,No Action,INITIATED (346) PER MMR 03/28/15 [JEN]; PASSED (346) PER MMR 06/27/15 [JEN];
82418,12/03/2015,Regular,Accepted,RAISED (346) PER MMR 09/26/15 - CIR. 10/30/15 [JEN];
82418,09/26/2016,Regular,Accepted,"MM CERT (346) ISSUED PER SI# 188196 DTD 09/15/16, PROF. EXAM DTD 11/21/15 [ROSE];"
82816,01/29/2015,Petitioner,No Action,ML (31) OR# 156382 - CIR. 01/20/15 [JEN];
82816,03/23/2015,Regular,Accepted,PET. ELCTD (31) PER MMR 02/28/15 [JEN];
82816,07/01/2015,Petitioner,No Action,INITIATED (31) PER MMR 03/28/15 [JEN]; PASSED (31) PER 2015 AR [JEN];
82816,07/20/2015,Regular,Accepted,RAISED (31) PER MMR 06/27/15 - CIR. 07/10/15 [JEN];
82887,02/09/2015,Petitioner,No Action,ML (31) OR# 156622 - CIR. 01/30/15 [JEN];
82887,03/23/2015,Petitioner,No Action,PET. ELCTD (31) PER MMR 02/28/15 [JEN];
82907,02/09/2015,Petitioner,No Action,ML (352) OR# 156717 - CIR. 01/30/15 [JEN];
82907,05/12/2015,Petitioner,No Action,PET ELCTD (352) PER MMR 03/07/15 [JEN];
82907,07/02/2015,Petitioner,No Action,INITIATED (352) PER MMR 05/02/15 [JEN];
82907,08/18/2015,Petitioner,No Action,PASSED (352) PER MMR 07/04/15 [JEN];
82907,09/01/2015,Regular,Accepted,RAISED (352) PER MMR 08/01/15 - CIR. 08/10/15 [JEN];
82907,07/01/2016,Regular,Accepted,"MM CERT (352) ISSUED PER SI# 183158 DTD 12/18/15, PROF. EXM DTD 10/24/15 [JEN];"
82907,06/09/2023,Regular,Accepted,DGL (MD RIV - CAVITE  (EAST) MY 2023-2024 (SALVADOR)
82907,05/17/2025,Regular,No Action,"GRAND CYBER WARDEN, MY 2025 - 2026"
82907,05/19/2025,Regular,No Action,"CHIEF OF STFF & OFFICE MANAGER, CORPORATE APPOINTMENTS, MY 2025 - 2026"
82908,02/09/2015,Petitioner,No Action,ML (352) OR# 156717 - CIR. 01/30/15 [JEN];
82908,05/12/2015,Petitioner,No Action,PET ELCTD (352) PER MMR 03/07/15 [JEN];
82908,08/18/2015,Petitioner,No Action,INITIATED (352) PER MMR 06/06/15 [JEN];
82908,09/01/2016,Petitioner,No Action,PASSED (352) PER MMR 08/06/16 [MEL];
82908,07/03/2017,Regular,Accepted,RAISED (352) PER MMR 03/04/17 - CIR. 06/20/17 [JEN];
82908,11/15/2018,Regular,Accepted,"MM CERT (352) ISSUED PER SI# 200122 DTD 09/14/18, PROF. EXM DTD 03/03/18  [nes];"
82909,02/09/2015,Petitioner,No Action,ML (352) OR# 156717 - CIR. 01/30/15 [JEN];
82909,05/12/2015,Petitioner,No Action,PET ELCTD (352) PER MMR 03/07/15 [JEN];
82909,08/18/2015,Petitioner,No Action,INITIATED (352) PER MMR 06/06/15 [JEN];
82909,08/19/2016,Petitioner,No Action,PASSED (352) PER MMR 07/02/06 [ROSE];
83033,03/19/2015,Petitioner,No Action,ML (352) OR# 157282 - CIR. 03/10/15 [JEN];
83033,08/18/2016,Petitioner,No Action,PET. ELCTD (352) PER MMR 07/02/16 [ROSE];
83033,09/19/2016,Petitioner,No Action,INITIATED (352) PER MMR 09/03/16 [MEL];
83033,10/19/2016,Petitioner,No Action,PASSED (352) PER MMR 10/01/16 [MEL];
83033,01/05/2017,Regular,Accepted,RAISED (352) PER MMR 11/19/16 - CIR. 12/10/16 [JEN];
83034,03/19/2015,Petitioner,No Action,ML (352) OR# 157282 - CIR. 03/10/15 [JEN];
83034,08/18/2016,Petitioner,No Action,PET. ELCTD (352)  PER MMR 07/02/16 [ROSE];
83034,09/19/2016,Petitioner,No Action,INITIATED (352) PER MMR 09/03/16 [MEL];
83034,01/13/2017,Petitioner,No Action,PASSED (352) PER MMR 01/07/17 [JEN2];
83034,04/13/2018,Regular,Accepted,RAISED(352) 2017 A/R(JOEL)
83034,11/15/2018,Regular,Accepted,"MM CERT (352) ISSUED PER SI# 200122 DTD 09/14/18, PROF. EXM DTD 03/03/18  [nes];"
83063,03/20/2015,Petitioner,No Action,ML (31) OR# 157153 - CIR. 03/10/15 [JEN];
83063,07/01/2015,Petitioner,No Action,PET. ELCTD & INITIATED (31) PER MMR 05/23/15 [JEN];
83063,08/18/2015,Petitioner,No Action,PASSED (31) PER MMR 07/25/15 [JEN];
83063,09/22/2015,Regular,Accepted,RAISED (31) PER MMR 08/22/15 - CIR. 08/30/15 [JEN];
83063,03/14/2017,Regular,Accepted,UPDATE RECORD (ADD CHILD) FOR GLP MEMBERS UPDATE FORM [JEN];
83063,05/31/2017,Regular,Accepted,"MM CERT (31) ISSUED PER SI# 192778 DTD 05/10/17, PROF. EXM DTD 09/24/16 [JHEZ];"
83064,03/20/2015,Petitioner,No Action,ML (31) OR# 157153 - CIR. 03/10/15 [JEN];
83064,07/01/2015,Petitioner,No Action,PET. ELCTD & INITIATED (31) PER MMR 05/23/15 [JEN];
83064,01/21/2016,Regular,Accepted,PASSED (31) PER 2015 ARE [JEN]; RAISED (31) PER MMR 11/21/15 - CIR. 12/10/15 [JEN];
83064,05/31/2017,Regular,Accepted,"MM CERT (31) ISSUED PER SI# 192778 DTD 05/10/17, PROF. EXM DTD 09/24/16 [JHEZ];"
83065,03/20/2015,Petitioner,No Action,ML (31) OR# 157153 - CIR. 03/10/15 [JEN];
83065,05/23/2016,Petitioner,No Action,PET. ELCTD (31) PER MMR 04/23/16 [JEN];
83065,08/09/2016,Petitioner,No Action,INITIATED (31) PER MMR 06/25/16 [JEN];
83065,09/29/2016,Petitioner,No Action,PASSED (31) PER MMR 09/24/16 [MEL];
83065,03/31/2017,Regular,Accepted,RAISED (31) PER MMR 03/25/17 - CIR. 03/30/17 [JEN];
83065,05/03/2024,Regular,Accepted,MM CERT ISSUED 05/31/2024; PROF EXAM 03/09/2024 [JOEL]
83066,03/20/2015,Petitioner,No Action,ML (31) OR# 157153 - CIR. 03/10/15 [JEN];
83066,12/07/2015,Petitioner,No Action,INITIATED (31) PER MMR 10/24/15 [JEN];
83066,04/12/2016,Petitioner,No Action,PASSED (31) PER MMR 02/27/16 [JEN];
83066,08/01/2016,Regular,Accepted,RAISED (31) PER MMR 05/28/16 - CIR. 06/20/16 [JEN];
83066,08/04/2017,Regular,Accepted,"MM CERT (31) ISSUED PER SI# 193225 DTD 06/09/17, PROF. EXM DTD 05/27/17 [JEN];"
83067,03/20/2015,Petitioner,No Action,ML (31) OR# 157153 - CIR. 03/10/15 [JEN];
83067,07/01/2015,Petitioner,No Action,PET. ELCTD (31) PER MMR 05/23/15 [JEN];
83067,07/20/2015,Petitioner,No Action,INITIATED (31) PER MMR 06/27/15 [JEN];
83067,08/18/2015,Petitioner,No Action,PASSED (31) PER MMR 07/25/15 [JEN];
83067,01/21/2016,Regular,Accepted,RAISED (31) PER MMR 11/21/15 - CIR. 12/10/15 [JEN];
83067,03/14/2017,Regular,Accepted,UPDATE RECORD (ADD CHILD) FOR GLP MEMBERS UPDATE FORM [JEN];
83067,11/28/2024,Regular,Accepted,MM CERT ISSUED 11/22/2024; PROF EXAM 09/24/2016 [JOEL]
83163,04/29/2015,Petitioner,No Action,ML (346) OR# 157858 - CIR. 06/20/15 [JEN];
83163,06/20/2016,Petitioner,No Action,PET. RJCTD (346) PER MMR 05/17/16 - CIR. 05/30/16 [JEN];
83163,10/25/2016,Petitioner,No Action,INITIATED (346) PER MMR 09/24/16 [ROSE]; PASSED (346) PER MMR 10/22/16 [JEN];
83163,01/12/2017,Regular,Accepted,RAISED (346) PER MMR 11/26/16 - CIR. 01/20/17 [JEN];
83163,07/16/2018,Regular,Accepted,MM CERT. (346) 06/27/2018 ; ISSUED SI NO:199101 ; PROFICIENCY DATE:04/22/2017 [NES]
83163,03/15/2023,Regular,Accepted,PM CERT APRON & JEWEL ISSUED 02/14/2023 [JOEL]
83163,01/15/2025,Regular,Accepted,GLI [ 451 ] MY 2023-2024 [JOEL]
83164,04/29/2015,Petitioner,No Action,ML (346) OR# 157858 - CIR. 04/10/15 [JEN];
83164,06/20/2016,Petitioner,No Action,PET. RJCTD (346) PER MMR 05/17/16 - CIR. 05/30/16 [JEN];
83164,10/25/2016,Petitioner,No Action,INITIATED (346) PER MMR 09/24/16 [ROSE]; PASSED (346) PER MMR 10/22/16 [JEN];
83164,01/12/2017,Regular,Accepted,RAISED (346) PER MMR 12/10/16 - CIR. 01/20/17 [JEN];
83164,07/16/2018,Regular,Accepted,MM CERT. (346) 06/27/2018 ; ISSUED SI NO:199101 ; PROFICIENCY DATE:04/22/2017 [NES]
83164,01/24/2025,Regular,Accepted,"PM CERT, APRON & JEWEL ISSUED 01/16/2025 [JOEL]"
83165,04/29/2015,Petitioner,No Action,ML (346) OR# 157858 - CIR. 06/20/15 [JEN];
83165,06/20/2016,Petitioner,No Action,PET. RJCTD (346) PER MMR 05/17/16 - CIR. 05/30/16 [JEN];
83165,10/25/2016,Petitioner,No Action,INITIATED (346) PER MMR 09/24/16 [ROSE]; PASSED (346) PER MMR 10/22/16 [JEN];
83165,01/12/2017,Regular,Accepted,RAISED (346) PER MMR 12/10/16 - CIR. 01/20/17 [JEN];
83165,03/14/2017,Regular,Accepted,UPDATE RECORD (ADD CHILD) FOR GLP MEMBERS UPDATE FORM [JEN];
83165,07/16/2018,Regular,Accepted,MM CERT. (346) 06/27/2018 ; ISSUED NO:199101 ; PROFICIENCY DATE:10/28/2017[NES]
83173,04/30/2015,Petitioner,No Action,ML (69) OR# 157586 - CIR. 05/10/16 [JEN];
83173,03/03/2018,Petitioner,Accepted,initiated(69) MMR 04/17(JOEL)
83173,03/03/2018,Petitioner,Accepted,PASSED(69) MMR 08/17(JOEL)
83173,03/03/2018,Regular,Accepted,RAISED(69) MMR 10/17- CIR. 02/28/18(JOEL)
83173,08/03/2023,Regular,Accepted,MM CERT ISSUED 01/04/2023; PROF EXAM 10/2022 [JOEL\\]
83286,01/05/2017,Regular,Accepted,RAISED (31) PER MMR 11/26/16 - CIR. 12/10/16 [JEN];
83286,05/19/2015,Petitioner,No Action,ML (31) OR# 158275 - CIR. 05/10/15 [JEN];
83286,05/20/2016,Petitioner,No Action,PET. ELCTD (31) PER MMR 12/12/15 [JEN];
83286,05/23/2016,Petitioner,No Action,INITIATED (31) PER MMR 04/23/16 [JEN];
83286,08/19/2016,Petitioner,No Action,PASSED (31) PER MMR 07/23/16 [MEL];
83287,05/19/2015,Petitioner,No Action,ML (31) OR# 158275 - CIR. 05/10/15 [JEN];
83287,12/07/2015,Petitioner,No Action,INITIATED (31) PER MMR 10/24/15 [JEN];
83287,04/12/2016,Petitioner,No Action,PASSED (31) PER MMR 02/27/16 [JEN];
83287,10/26/2016,Regular,Accepted,RAISED (31) PER MMR 10/22/16 - CIR. 10/30/16 [MEL];
83287,05/31/2017,Regular,Accepted,"MM CERT (31) ISSUED PER SI# 192778 DTD 05/10/17, PROF. EXM DTD 03/25/17 [JHEZ];"
83288,05/19/2015,Petitioner,No Action,ML (31) OR# 158275 - CIR. 05/10/15 [JEN];
83289,05/19/2015,Petitioner,No Action,ML (31) OR# 158275 - CIR. 05/10/15 [JEN];
83290,05/19/2015,Petitioner,No Action,ML (31) OR# 158275 - CIR. 05/10/15 [JEN];
83290,05/20/2016,Petitioner,No Action,PET. ELCTD (31) PER MMR 12/12/15 [JEN];
83290,05/23/2016,Petitioner,No Action,INITIATED (31) PER MMR 04/23/16 [JEN];
83290,10/24/2016,Petitioner,No Action,PASSED (31) PER MMR 09/24/16 [MEL];
83290,10/26/2016,Regular,Accepted,RAISED (31) PER MMR 10/22/16 - CIR. 10/30/16 [MEL];
83290,02/20/2025,Regular,Accepted,MM CERT ISSUED 01/18/2025; PROF EXAM 03/17/2017 [JOEL]
83792,02/26/2016,Petitioner,No Action,ML (15) OR# 160775 - CIR. 06/10/16 [JEN];
83792,12/13/2017,Petitioner,No Action,PASSED(15) PER MMR DTD. 04/01/17(FOX)
83792,12/14/2017,Regular,Accepted,RAISED(15) PER MMR 10/14/17- CIR. 12/10/17(FOX)
83792,10/09/2024,Regular,Accepted,MM CERT ISSUED 09/25/2024; PROF EXAM 06/02/2018 [JOEL]
83793,02/26/2016,Petitioner,No Action,ML (15) OR# 160775 CIR. 08/20/16 [JEN];
83794,02/26/2016,Petitioner,No Action,ML (15) OR# 160775 - CIR. 09/10/16 [JEN];
83794,12/14/2017,Petitioner,Accepted,REJECTED(15) PER MMR 07/01/17- CIR. 12/10/17(FOX)
83794,07/14/2018,Petitioner,Accepted,ELECTED(15) PER MMR 05/05/18 [MENG]
83794,07/14/2018,Petitioner,Accepted,INITIATED(15) PER MMR 06/02/18 [MENG]
83794,06/10/2020,Regular,Accepted,RAISED [15] MMR 12/07/19- CIR. 06/20/2020 [JOEL]
83794,03/04/2022,Regular,Accepted, MM CERT ISSUED 12/15/2021 S.I NO. 214457; PROF EXAM 11/07/2020 [JOEL]
83795,02/26/2016,Petitioner,No Action,ML (15) OR# 160775 - CIR. 04/30/16 [JEN];
83795,03/29/2017,Petitioner,No Action,INITIATED (15) PER MMR 08/06/16 [JEN];
83795,03/29/2017,Petitioner,No Action,PASSED (15) PER MMR 10/01/16 [JEN];
83795,12/13/2017,Regular,Accepted,RAISED(15) PER MMR DTD. 01/17/17- CIR. 12/10/17(FOX)
83795,07/16/2018,Regular,Accepted,"MM CERT (15) ISSUED PER SI# 197638 DTD 04/04/18, PROF. EXM DTD 02/04/18 [MENG];"
83795,10/09/2024,Regular,Accepted,MM CERT ISSUED 09/25/2024; PROF EXAM 02/04/2018 [JOEL]
83796,02/26/2016,Petitioner,No Action,ML (15) OR# 160775 - CIR. 04/30/16 [JEN];
83796,03/29/2017,Petitioner,No Action,INITIATED (15) PER MMR 08/06/16 [JEN]; 
83796,03/29/2017,Petitioner,No Action,PASSED (15) PER MMR 10/01/16 [JEN];
83796,12/13/2017,Regular,Accepted,RAISED (15) PER MMR DTD. 01/07/17-CIR. 12/10/17(FOX)
83796,07/16/2018,Regular,Accepted,"MM CERT (15) ISSUED PER SI# 197638 DTD 04/04/18, PROF. EXM DTD 02/04/2017 [MENG];"
83796,01/16/2025,Regular,Accepted,"PM CERT, APRON & JEWEL ISSUED 12/06/2024 [JOEL]"
83796,05/19/2025,Regular,Accepted,Gli [51] MY 2025-2026 [April]
83797,02/26/2016,Petitioner,No Action,ML (15) OR# 160775 - CIR. 04/30/16 [JEN];
83797,03/29/2017,Petitioner,No Action,PASSED (15) PER MMR 09/03/16 [JEN];
83797,12/14/2017,Regular,Accepted,RAISED(15) PER MMR 09/02/17- CIR. 12/10/17(FOX)
83797,11/15/2018,Regular,Accepted,"MM CERT (15) ISSUED PER SI# 199856 DTD 08/23/18, PROF. EXM DTD 05/05/18  [nes];\
\
"
83797,03/04/2022,Regular,Accepted, MM CERT ISSUED 12/15/2021 S.I NO. 214457; PROF EXAM 05/05/2018[JOEL]
83798,02/26/2016,Petitioner,No Action,ML (15) OR# 160775 - CIR. 04/30/16 [JEN];
83798,03/29/2017,Petitioner,No Action,PASSED (15) PER MMR 09/03/16 [JEN];
83798,04/10/2018,Regular,Accepted,RAISED(15) MMR 11/04/17- CIR. 03/30/18(JOEL)
83798,11/15/2018,Regular,Accepted,"MM CERT (15) ISSUED PER SI# 199856 DTD 08/23/18, PROF. EXM DTD 03/10/18  [nes];\
\
"
83921,05/05/2016,Petitioner,No Action,ML (69) OR# 161539 - CIR. 04/20/16 [JEN];
83921,01/20/2017,Petitioner,No Action,PET. RJCTD (69) PER MMR 08/06/16 - CIR. 01/10/17 [JEN];
83921,03/03/2018,Petitioner,Accepted,initiated(69) MMR 04/17(JOEL)
83921,03/03/2018,Petitioner,Accepted,PASSED(69) 08/17(JOEL)
83921,03/03/2018,Regular,Accepted,RAISED(69) MMR 10/17- CIR. 02/28/18(JOEL)
83921,08/14/2019,Regular,Accepted,MM CERT (69) ISSUED PER SI NO. 201817 DTD 01/29/19 PROF EXAM (06/02/18) (ANN)
83922,05/05/2016,Petitioner,No Action,ML (69) OR# 161539 - CIR. 04/20/16 [JEN];
83922,01/20/2017,Petitioner,No Action,PET. RJCTD (69) PER MMR 08/06/16 - CIR. 01/10/17 [JEN];
83922,03/03/2018,Petitioner,Accepted,INTIATED(69) MMR 03/17(JOEL)
83922,03/03/2018,Petitioner,Accepted,PASSED(69) MMR 08/17(JOEL)
83922,03/03/2018,Petitioner,Accepted,PASSED(69) MMR 08/17(JOEL)
83922,03/03/2018,Regular,Accepted,RAISED(69) MMR 10/17- CIR. 02/28/18(JOEL)
83922,08/14/2019,Regular,Accepted,MM CERT (69) ISSUED PER SI NO. 201817 DTD 01/29/19 PROF EXAM (08/07/18) (ANN)
83922,09/11/2025,Regular,Accepted,PM CERT ISSUED 01/17/2024 [JOEL]
83923,05/05/2016,Petitioner,No Action,ML (69) OR# 161539 - CIR. 04/20/16 [JEN];
83923,01/20/2017,Petitioner,No Action,PET. RJCTD (69) PER MMR 08/06/16 - CIR. 01/10/17 [JEN];
83923,03/03/2018,Petitioner,Accepted,INITIATED(69) MMR 03/17(JOEL)
83923,03/03/2018,Petitioner,Accepted,PASSED(69) MMR 08/17(JOEL)
83923,03/03/2018,Regular,Accepted,RAISED(69) MMR 10/17- CIR. 02/28/18(JOEL)
83923,08/14/2019,Regular,Accepted,MM CERT (69) ISSUED PER SI NO. 201817 DTD 01/29/19 PROF EXAM (08/0418) (ANN)
83938,05/18/2016,Petitioner,No Action,ML (346) OR# 161678 - CIR. 04/30/16 [JEN];
83938,05/22/2017,Petitioner,No Action,PET. RJCTD (346) PER MMR 03/25/17 - CIR. 04/30/17 [JEN];
83938,10/09/2017,Petitioner,No Action,PET. ELCTD (346) PER MMR 07/22/17 [JHEZ];
83938,12/14/2017,Petitioner,No Action,PASSED(346) PER MMR 10/28/17(FOX)
83938,01/06/2018,Regular,Accepted,RAISED(346) MMR 12/02/17- CIR. 12/30/17(FOX)
83938,06/23/2018,Petitioner,No Action,INITIATED (346) PER A/R 2018-NESCIE 
83938,07/03/2018,Petitioner,Accepted,INITIATED(346) PER MMR 08/26/17 [MENG]
83938,12/09/2024,Regular,Accepted,MM CERT ISSUED 11/30/2024; PROF EXAM 02/24/2024 [JOEL]
83941,05/18/2016,Petitioner,No Action,ML (31) OR# 161713 - CIR. 06/10/16 [ann];
83941,03/29/2017,Petitioner,No Action,PET. ELCTD (31) PER MMR 02/25/17 [JEN];
84002,06/08/2016,Petitioner,No Action,ML (15) OR# 161805 - CIR. 08/30/16 [JEN];
84002,12/14/2017,Petitioner,Accepted,REJECTED(15) PER MMR 07/01/17- CIR. 12/10/17(FOX)
84002,07/14/2018,Petitioner,Accepted,ELECTED(15) PER MMR 03/10/18 [MENG]
84002,07/14/2018,Petitioner,Accepted,INITIATED(15) PER MMR 04/07/18 [MENG]
84011,06/09/2016,Petitioner,No Action,ML (346) OR# 161867 - CIR. 08/30/16 [JEN];
84011,05/22/2017,Petitioner,No Action,PET. RJCTD (346) PER MMR 03/25/17 - CIR. 04/30/17 [JEN];
84011,10/09/2017,Petitioner,No Action,PET. ELCTD (346) PER MMR 07/22/17 [JHEZ];
84011,06/23/2018,Petitioner,No Action,INITIATED (346) PER A/R 2018-NESCIE 
84011,07/03/2018,Petitioner,Accepted,INITIATED(346)  PER MMR 08/26/17 [MENG]
84011,07/28/2018,Petitioner,Accepted,PASSED(346) PER MMR 05/26/18 [MENG];
84011,07/28/2018,Regular,Accepted,RAISED(346) PER MMR 05/26/18- CIR 07/30/18 [MENG];
84011,10/13/2022,Regular,Accepted,MM CERT ISSUED 09/29/2022 S.I NO. 220024; PROF EXAM 07/28/2019 [JOEL]
84079,10/04/2022,Affiliate,No Action,PET FOR AFF [352] FROM NUEVA VIZCAYA MASONIC LODGE NO. 144
84079,10/04/2022,Affiliate,No Action,PET FOR AFF [352] FROM NUEVA VIZCAYA MASONIC LODGE NO. 144- CIR. 10/10/2022 [JOEL]
84079,01/27/2023,Affiliate,Accepted,AFFILIATED [352] MMR 11/2022 CIR. 01/30/2023 [JOEL]
84377,10/20/2016,Petitioner,No Action,ML (346) OR#162908 CIR. 10/20/16 [MEL];
84377,05/22/2017,Petitioner,No Action,PET. ELCTD (346) PER MMR 03/25/17 [JEN];
84377,07/15/2017,Petitioner,No Action,INITIATED (346) PER MMR 05/27/17 [JEN];
84377,12/14/2017,Regular,Accepted,RAISED(346) PER MMR 10/28/17-CIR. 12/10/17(FOX)
84377,06/23/2018,Petitioner,No Action,PASSED (346) PER A/R 2018 [nes]
84377,02/15/2024,Regular,Accepted,"PM CERT , APRON & PIN ISSUED 01/22/2024 [JOEL]"
84405,11/09/2016,Petitioner,No Action,ML (31) OR#163046 CIR. 11/10/16 [MEL];
84405,03/29/2017,Petitioner,No Action,PET. ELCTD (31) PER MMR 02/25/17 [JEN];
84405,05/22/2017,Petitioner,No Action,INITIATED (31) PER MMR 04/22/17 [JEN];
84405,07/02/2018,Petitioner,Accepted,PASSED(31) PER MMR 04/09/18 [MENG]
84405,12/16/2019,Regular,Accepted,RAISED [31] MMR 02/12/19- CIR. 12/20/19 [JOEL]
84527,12/21/2016,Petitioner,No Action,ML (31) OR# 163294 - CIR. 12/10/16 [JEN];
84527,03/29/2017,Petitioner,No Action,PET. ELCTD (31) PER MMR 02/25/17 [JEN];
84527,05/22/2017,Petitioner,No Action,INITIATED (31) PER MMR 04/22/17 [JEN];
84527,08/11/2017,Petitioner,No Action,PASSED (31) PER MMR 07/15/17 [JEN];
84527,03/23/2018,Regular,Accepted,RAISED(31) CIR. 03/10/18(JOEL)
84528,12/21/2016,Petitioner,No Action,ML (31) OR# 163294 - CIR. 12/10/16 [JEN];
84528,02/19/2020,Petitioner,Accepted,PASSED [31] MMR 05/18/2019 [MON]
84528,02/20/2020,Regular,Accepted,RAISED [31] MMR 07/19- CIR. 02/20/2020 [JOEL]
84528,03/07/2024,Regular,Accepted,MM CERT ISSUED 01/20/2023; PROF EXAM 11/26/2022 [JOEL]
84529,12/21/2016,Petitioner,No Action,"ML (31) OR# 163294, ADDRESS NOT WITHIN LODGE JURISDICTION - CIR.  [JEN];"
84530,12/21/2016,Petitioner,No Action,ML (31) OR# 163294 - CIR. 12/10/16 [JEN];
84530,03/29/2017,Petitioner,No Action,PET. ELCTD (31) PER MMR 02/25/17 [JEN];
84530,05/22/2017,Petitioner,No Action,INITIATED (31) PER MMR 04/22/17 [JEN];
84530,08/11/2017,Petitioner,No Action,PASSED (31) PER MMR 07/15/17 [JEN];
84530,12/16/2019,Regular,Accepted,RAISED [31] MMR 02/12/19- CIR. 12/20/19 [JOEL]
84530,11/05/2024,Regular,Accepted,MM CERT ISSUED 10/28/2024; PROF EXAM 10/12/2024 [JOEL]
84581,01/20/2017,Petitioner,No Action,ML (69) OR# 163469 - CIR. 01/10/17 [JEN];
84581,03/03/2018,Petitioner,Accepted,INITIATED(69) MMR 03/17(JOEL)
84581,03/03/2018,Petitioner,Accepted,PASSED(69) MMR 03/17(JOEL)
84581,03/03/2018,Regular,Accepted,RAISED(69) MMR 10/17- CIR. 02/28/18(JOEL)
84581,08/14/2019,Regular,Accepted,MM CERT (69) ISSUED PER SI NO. 201817 DTD 01/29/19 PROF EXAM (03/03/18) (ANN)
84621,02/02/2017,Petitioner,No Action,ML (346) OR# 163589 - CIR. 02/10/17 [JEN];
84621,05/22/2017,Petitioner,No Action,PET. RJCTD (346) PER MMR 03/25/17 - CIR. 04/30/17 [JEN];
84621,10/09/2017,Petitioner,No Action,PET. ELCTD (346) PER MMR 07/22/17 [JHEZ];
84621,12/14/2017,Petitioner,No Action,PASSED(346) PER MMR 10/28/17(FOX)
84621,01/06/2018,Regular,Accepted,RAISED(346) MMR 12/02/17- CIR. 12/30/17(FOX)
84621,06/23/2018,Petitioner,No Action,INITIATED (346) PER A/R 2018-NESCIE 
84621,07/03/2018,Petitioner,Accepted,INITIATED(346) PER MMR 08/26/17 [MENG] 
84734,03/06/2017,Petitioner,No Action,ML (15) OR# 164135 - CIR. 02/20/17 [JEN];
84734,12/14/2017,Petitioner,Accepted,REJECTED(15) PER MMR 07/01/17- CIR. 12/10/17
84734,07/14/2018,Petitioner,Accepted,ELECTED(15) PER MMR 05/05/18 [MENG]
84734,07/14/2018,Petitioner,Accepted,INITIATED(15) PER MMR 06/02/18 [MENG]
84734,06/10/2020,Regular,Accepted,RAISED [15] MMR 12/07/19- CIR. 06/20/2020 [JOEL]
84734,03/04/2022,Regular,Accepted, MM CERT ISSUED 12/15/2021 S.I NO. 214457; PROF EXAM 11/06/2021[JOEL]
84817,03/27/2017,Petitioner,No Action,ML (15) OR# 164685 - CIR. 03/30/17 [JEN];
84817,07/14/2018,Petitioner,Accepted,ELECTED(15) PER MMR 03/10/18 [MENG]
84817,07/14/2018,Petitioner,Accepted,INITIATED(15) PER MMR 05/05/18 [MENG]
84819,03/27/2017,Petitioner,No Action,ML (15) OR# 164685 - CIR. 03/30/17 [JEN];
84819,07/14/2018,Petitioner,Accepted,ELECTED(15) PER MMR 03/10/18 [MENG]
84819,07/14/2018,Petitioner,Accepted,INITIATED(15) PER MMR 04/07/18 [MENG]
84819,08/15/2018,Petitioner,Accepted,PASSED(15) PER MMR 07/07/18 [MENG];
84819,12/04/2019,Regular,Accepted,RAISED [15] MMR 09/07/19- CIR. 12/10/19 [JOEL]
84819,03/04/2022,Regular,Accepted, MM CERT ISSUED 12/15/2021 S.I NO. 214457; PROF EXAM 12/21/2019[JOEL]
84832,04/01/2017,Petitioner,No Action,ML (31) OR# 164745 - CIR. 03/30/17 [JEN];
84832,11/02/2017,Petitioner,No Action,INITIATED (31) PER MMR 10/21/17 [JHEZ];
84832,12/16/2019,Regular,Accepted,RAISED [31] MMR 02/12/19- CIR. 12/20/19 [JOEL]
84833,04/01/2017,Petitioner,No Action,"ML (31) OR# 164745, NO LAST PAGE - CIR. 03/30/17 [JEN];"
84833,07/26/2018,Petitioner,Accepted,ML(31) CIR 07/30/18 [MENG] OR#169636
84833,01/19/2019,Petitioner,Accepted,REJECTED(31) MMR 10/13./18- CIR. 01/20/19 [JOEL]
84833,02/19/2021,Petitioner,Accepted,PASSED [31] MMR 12/17/2020 [JOEL]
84833,03/18/2022,Regular,Accepted,RAISED [31] MMR 02/19/2021 CIR. 03/20/2022 [JOEL]
84833,03/07/2024,Regular,Accepted,MM CERT ISSUED 01/20/2023; PROF EXAM 11/26/2022 [JOEL]
84834,04/01/2017,Petitioner,No Action,ML (31) OR# 164745 - CIR. 03/30/17 [JEN];
84834,07/26/2018,Petitioner,Accepted,ML(31) CIR 07/30/18 [MENG] OR#169632
84834,02/19/2020,Petitioner,Accepted,INITIATED [31] MMR 05/25/2019 [MON]
84834,02/19/2021,Petitioner,Accepted,PASSED [31] MMR 11/19/2020 [JOEL]
84834,05/12/2022,Regular,Accepted,RAISED [31] PER 2021 A/R [JOEL]
84834,03/07/2024,Regular,Accepted,MM CERT ISSUED 10/28/2024; PROF EXAM 10/12/2024 [JOEL]
84941,02/20/2024,Regular,Accepted,DECEASED [346] MMR 01/2024 CIR 02/20/2024 [JOEL]
84942,12/05/2024,Regular,Accepted,MM CERT ISSUED 11/30/2024; PROF EXAM 04/20/2024 [JOEL]
84995,05/22/2017,Petitioner,No Action,ML (346) OR# 164971 - CIR. 07/10/17 [JEN];
84995,07/28/2018,Petitioner,Accepted,REJECTED(346) PER MMR 04/21/18- CIR 07/30/18 [MENG];
84995,02/18/2019,Petitioner,Accepted,ELECTED 11/24/18 MMR 11/24/18 RONA
84995,07/20/2019,Regular,Accepted,RAISED [346] MMR 04/12/19- CIR. 07/20/19 [JOEL]
84997,05/22/2017,Petitioner,No Action,ML (346) OR# 164971 - CIR. 04/30/17 [JEN];
84997,07/28/2018,Petitioner,Accepted,REJECTED(346) PER MMR 04/21/18- CIR 07/30/18 [MENG];
84997,02/28/2020,Petitioner,Accepted,REJECTED [346] MMR 11/22/19- CIR. 02/29/2020 [JOEL]
85310,07/21/2017,Petitioner,No Action,ML (31) OR#165592 - CIR. 07/30/17 [JEN];
85310,02/19/2020,Petitioner,Accepted,PASSED [31] MMR 05/18/2019 [MON]
85310,02/20/2020,Regular,Accepted,RAISED [31] MMR 06/19- CIR. 02/20/2020 [JOEL]
85310,08/15/2023,Regular,Accepted,MM CERT ISSUED 07/10/2023; PROF EXAM 06/17/2023 [JOEL]
85318,07/26/2017,Petitioner,No Action,ML (352) OR# 165615 - CIR. 07/30/17 [JEN];
85318,06/20/2018,Petitioner,Accepted,REJECTED(352) MMR 04/07/18- CIR 06/20/18 (JOEL)
85318,03/04/2022,Petitioner,Accepted,PASSED [352] MMR 07/2021 [JOEL]
85332,07/31/2017,Petitioner,No Action,ML (346) OR# 165644 - CIR. 08/20/17 [JEN];
85332,07/28/2018,Petitioner,Accepted,REJECTED(346) PER MMR 04/21/18- CIR 07/30/18 [MENG];
85332,07/03/2019,Petitioner,Accepted,INITIATED (346) MMR (03/25/2019) (ANN)
85332,09/08/2020,Regular,Accepted,RAISED [346] MMR 02/22/2020 CIR. 09/10/2020 [JOEL]
85332,10/13/2022,Regular,Accepted,MM CERT ISSUED 09/29/2022 S.I NO. 220024; PROF EXAM 02/27/2021 [JOEL]
85333,07/31/2017,Petitioner,No Action,ML (346) OR# 165644 - CIR. 08/10/17 [JEN];
85333,07/28/2018,Petitioner,Accepted,REJECTED(346) PER MMR 04/21/18- CIR 07/30/18 [MENG];
85333,07/03/2019,Petitioner,Accepted,INITIATED (346) MMR (03/23/2019) (ANN)
85333,12/16/2019,Regular,Accepted,RAISED [346] MMR 09/20/19- CIR. 12/20/19 [JOEL]
85334,07/31/2017,Petitioner,No Action,ML (346) OR# 165644 - CIR. 08/10/17 [JEN];
85334,07/28/2018,Petitioner,Accepted,REJECTED(346) PER MMR 04/21/18- CIR 07/30/18 [MENG];
85334,07/03/2019,Petitioner,Accepted,INITIATED (346) MMR (03/23/2019) (ANN)
85334,12/16/2019,Regular,Accepted,DIMITTED [346] MMR 09/20/19- CIR. 12/20/19 [JOEL]
85335,07/31/2017,Petitioner,No Action,ML (346) OR# 165644 - CIR. 08/10/17 [JEN];
85488,09/15/2017,Petitioner,No Action,ML (15) OR# 165979 - CIR. 09/20/17 [JEN];
85488,06/14/2018,Petitioner,No Action,INITIATED (15) PER A/R 2018 
85488,07/14/2018,Regular,Accepted,RAISED(15) PER MMR 02/03/18 CIR 07/20/18 [MENG]
85488,09/11/2024,Regular,Accepted,MM CERT ISSUED 09/12/2024; PROF EXAM 04/06/2024 [JOEL]
85658,10/24/2017,Petitioner,No Action,OR#166390
85658,11/03/2017,Petitioner,No Action,ML (31) OR# 166390 - CIR. 10/30/17 [JHEZ];
85658,12/16/2019,Regular,Accepted,RAISED [31] MMR 02/12/19- CIR. 12/20/19 [JOEL]
85659,10/24/2017,Petitioner,No Action,OR#166390
85659,11/03/2017,Petitioner,No Action,ML (31) OR# 166390 - CIR. 10/30/17 [JHEZ];
85659,07/07/2018,Petitioner,Accepted,INITIATED(31) PER MMR 03/17/18 [MENG]
85659,02/19/2020,Petitioner,Accepted,PASSED [31] MMR 05/25/2019 [MON]
85659,02/20/2020,Regular,Accepted,RAISED [31] MMR 07/19- CIR. 02/20/2020 [JOEL]
85795,11/27/2017,Petitioner,No Action,ML( 346)- OR#166774- CIR. 11/30/17 (FOX)
85795,07/28/2018,Petitioner,Accepted,REJECTED(346) PER MMR 04/21/18- CIR 07/30/18 [MENG];
85795,07/03/2019,Petitioner,Accepted,INITIATED (346) MMR (03/25/2019) (ANN)
85795,09/08/2020,Regular,Accepted,RAISED [346] MMR 02/22/2020 CIR. 09/10/2020 [JOEL]
85795,10/13/2022,Regular,Accepted,MM CERT ISSUED 09/29/2022 S.I NO. 220024; PROF EXAM 02/27/2021 [JOEL]
85954,01/15/2018,Petitioner,No Action,ML(51)- CIR. 01/20/18-(FOX)OR#167692
85954,09/05/2018,Petitioner,Accepted,ELECTED(51) MMR 07/14/18(JOEL)
85954,06/26/2019,Petitioner,No Action,PASSED (51) MMR (03/27/2019) (ANN)
85954,06/26/2019,Petitioner,No Action,INITIATED (51) MMR (03/27/2019) (ANN)
85954,08/05/2019,Regular,Accepted,RAISED [51] MMR 05/18/19- CIR. 08/10/19 [JOEL]
85954,11/24/2020,Regular,Accepted,MASTER MASON CERT ISSUED 11/11/2020 .I NO. 209813; PROFICIENCY EXAM 06/19 [JOEL]
85955,01/15/2018,Petitioner,No Action,OR#167692
85956,01/15/2018,Petitioner,No Action,ML(51) CIR. 01/20/18(FOX)- OR#167692
85956,06/26/2019,Petitioner,Accepted,PASSED (51) MMR (03/27/2019) (ANN)
85956,06/26/2019,Petitioner,Accepted,INITIATED (51) MMR (03/27/2019) (ANN)
85956,08/05/2019,Regular,Accepted,RAISED [51] MMR 05/18/19- CIR. 08/10/19 [JOEL]
85956,11/24/2020,Regular,Accepted,MASTER MASON CERT ISSUED 11/11/2020 .I NO. 209813; PROFICIENCY EXAM 06/19 [JOEL]
85956,10/09/2024,Honorary,Accepted,HONORARY CERT ISSUED 09/26/2024 [JOEL]
85993,08/10/2023,Affiliate,No Action,PET FOR AFFILIATION [31] FROM PERDONA Y ABRAZA MASONIC LODGE NO. 441
85993,08/10/2023,Affiliate,No Action,PET FOR AFFILIATION [31] FROM PERDONA Y ABRAZA MASONIC LODGE NO. 441- CIR 08/10/2023 [JOEL]
85993,01/19/2024,Affiliate,No Action,REJECTED [ 31 ] MMR 01/2024 CIR 01/20/2024 [JOEL]
85994,08/16/2023,Petitioner,Accepted,PET FOR AFFILIATION [31] FROM PERDONA Y. ABRAZA MASONIC LODGE NO. 441
85994,08/16/2023,Petitioner,Accepted,PET FOR AFFILIATION [31] FROM PERDONA Y. ABRAZA MASONIC LODGE NO. 441- CIR 08/20/ 2023 [JOEL] 
85994,01/19/2024,Affiliated,Accepted,AFFILIATED [ 31 ] MMR 01/2024 CIR 01/20/2024 [JOEL]
86074,08/16/2023,Affiliate,No Action,PET FOR AFFILIATION [31] FROM PERDONA Y. ABRAZA MASONIC LODGE NO. 441
86074,08/16/2023,Affiliate,No Action,PET FOR AFFILIATION [31] FROM PERDONA Y. ABRAZA MASONIC LODGE NO. 441- CIR 08/20/2023 [JOEL]
86074,01/19/2024,Affiliated,Accepted,AFFILIATED [ 31 ] MMR 01/2024 CIR 01/20/2024 [JOEL]
86205,08/16/2023,Affiliate,Accepted,PET FOR AFFILIATION [31] FROM PERDONA Y. ABRAZA MASONIC LODGE NO. 441
86205,08/16/2023,Affiliate,No Action,PET FOR AFFILIATION [31] FROM PERDONA Y. ABRAZA MASONIC LODGE NO. 441- CIR 08/20/2023 [JOEL]
86205,01/19/2024,Affiliated,Accepted,AFFILIATED [ 31 ] MMR 01/2024 CIR 01/20/2024 [JOEL]
86207,08/16/2023,Petitioner,Accepted,PET FOR AFFILIATION [31] FROM PERDONA Y. ABRAZA MASONIC LODGE NO. 441
86207,08/16/2023,Petitioner,Accepted,PET FOR AFFILIATION [31] FROM PERDONA Y. ABRAZA MASONIC LODGE NO. 441- CIR 08/20/2023 [JOEL]
86207,01/19/2024,Affiliated,Accepted,AFFILIATED [ 31 ] MMR 01/2024 CIR 01/20/2024 [JOEL]
86208,08/16/2023,Affiliate,No Action,PET FOR AFFILIATION [31] FROM PERDONA Y. ABRAZA MASONIC LODGE NO. 441
86208,08/16/2023,Affiliate,No Action,PET FOR AFFILIATION [31] FROM PERDONA Y. ABRAZA MASONIC LODGE NO. 441- CIR 0820/2023 [JOEL]
86208,01/19/2024,Affiliated,Accepted,AFFILIATED [ 31 ] MMR 01/2024 CIR 01/20/2024 [JOEL]
86334,03/26/2018,Petitioner,No Action,ML(15) CIR. 05/10/18(JOEL)OR#168627
86334,07/01/2019,Petitioner,Accepted,INITIATED (349) MMR (05/04/2019) (ANN)
86334,11/11/2021,Dual,Accepted,RAISED [15] MMR 11/2021- CIR. 11/20/2021 [JOEL]
86334,03/04/2022,Regular,Accepted, MM CERT ISSUED 12/15/2021 S.I NO. 214457; PROF EXAM 11/06/2021[JOEL]
86335,03/26/2018,Petitioner,No Action,ML(15) CIR. 05/10/18(JOEL)OR#168627
86335,07/01/2019,Petitioner,Accepted,INITIATED (15) MMR (05/04/2019) (ANN)
86335,11/11/2021,Regular,Accepted,RAISED [15] MMR 11/2021- CIR. 11/20/2021 [JOEL]
86335,03/04/2022,Regular,Accepted, MM CERT ISSUED 12/15/2021 S.I NO. 214457; PROF EXAM 11/06/2021[JOEL]
86419,04/19/2018,Petitioner,No Action,ML(15) CIR. 05/20/18(JOEL) OR#168827
86419,04/08/2022,Regular,Accepted,RAISED [15]  MMR 03/2022 CIR. 04/10/2022 [JOEL]
86419,04/05/2024,Regular,Accepted,MM CERT ISSUED 09/12/2024; PROF EXAM 02/03/2024 [JOEL]
86430,04/23/2018,Petitioner,No Action,ML(31) CIR. 05/30/18(JOEL) OR#168881
86430,02/19/2020,Petitioner,Accepted,INITIATED [31] MMR 08/10/2019 [MON]
86430,02/19/2021,Petitioner,Accepted,PASSED [31] MMR 12/17/2020 [JOEL]
86430,03/18/2022,Regular,Accepted,raised [31] mmr 02/2021 cir. 03/20/2022 [joel]
86430,01/18/2024,Regular,Accepted,PROFICIENCY EXAM 01/23/2023 PER WHITE CARD [JOEL]
86431,04/23/2018,Petitioner,No Action,ML(31) CIR. 05/30/18(JOEL) OR#168881
86431,01/17/2023,Regular,Accepted,RAISED [31] MMR 01/2022 CIR. 01/20/2023 [JOEL]
86873,07/16/2018,Petitioner,No Action,ML(69) CIR 07/20/18 [MENG] OR#169555
86873,02/19/2019,Petitioner,Accepted,ELECTED 11/03/18  MMR 11/03/18 RONA 
86873,08/07/2019,Regular,Accepted,RAISED [69 ] MMR 04/06/19- CIR. 08/10/19 [JOEL]
86873,03/17/2022,Regular,Accepted,MM CERT ISSUED 03/09/2022 S.I NO. 216020; PROF EXAM 08/03/2019 [JOEL]
86873,06/20/2024,Regular,Accepted,DECEASED [ 69 ] MMR 05/2024 CIR 06/20/2024 [JOEL]
86874,07/16/2018,Petitioner,No Action,ML(69) CIR 07/20/18 [MENG] OR#169555
86874,02/19/2019,Petitioner,Accepted,ELECTED 11/03/18  MMR 11/03/18 RONA 
86874,08/07/2019,Regular,Accepted,RAISED [69 ] MMR 04/06/19- CIR. 08/10/19 [JOEL]
86874,03/17/2022,Regular,Accepted,MM CERT ISSUED 03/09/2022 S.I NO. 216022; PROF EXAM 07/06/2019 [JOEL]
86875,07/16/2018,Petitioner,No Action,ML(69) CIR 07/20/18 [MENG] OR#169555
86875,02/19/2019,Petitioner,Accepted,ELECTED 11/03/18  MMR 11/03/18 RONA 
86876,07/16/2018,Petitioner,Accepted,ML(69) CIR 07/20/18 [MENG] OR#169555
86876,02/19/2019,Petitioner,Accepted,ELECTED 11/03/18  MMR 11/03/18 RONA 
86876,08/07/2019,Regular,Accepted,RAISED [69 ] MMR 04/06/19- CIR. 08/10/19 [JOEL]
86876,11/10/2022,Regular,Accepted,MM CERT ISSUED 07/11/2022 S.I NO. 218845; PROF EXAM 03/2022 [JOEL] 
86887,07/19/2018,Petitioner,Accepted,ML(69) CIR 07/20/18 [MENG] OR#169555
86887,02/19/2019,Petitioner,Accepted,ELECTED 11/03/18  MMR 11/03/18 RONA 
86887,08/07/2019,Regular,Accepted,RAISED [69 ] MMR 04/06/19- CIR. 08/10/19 [JOEL]
86887,03/17/2022,Regular,Accepted,MM CERT ISSUED 03/09/2022 S.I NO. 216016; PROF EXAM 10/05/2019 [JOEL]
87103,06/15/2021,Regular,Accepted,MEMBER COMMITTEE ON MASONIC TEMPLES AND BUILDINGS MY 2021-2022 [ALEX]
87103,06/16/2021,Regular,Accepted,MEMBER COMMITTEE ON CHARITY MY 2021-2022 [ALEX]
87103,06/16/2021,Regular,Accepted,MEMBER COMMITTEE ON ENVIRONMENT AND DISASTER PREPAREDNESS MY 2021-2022 [ALEX]
87103,06/07/2023,Regular,Accepted,MEMBERS COMMITTEE ON CAVITE AFFAIRS MY 2022-2023 (SALVADOR)
87103,06/09/2023,Regular,Accepted,DGL (MD RIV - CAVITE  (EAST) MY 2023-2024 (SALVADOR)
87103,06/13/2023,Regular,Accepted,MEMBERS COMMITTEE ON THE REVISION OF THE CONSTITUTION MY 2023-2024 (SALVADOR)
87103,06/13/2023,Regular,Accepted,VICE CHAIRMAN COMMITTEE ON GRAND LODGE SCHOLARSHIP MY 2023-2024 (SALVADOR)
87103,06/13/2023,Regular,Accepted,MEMBERS COMMITTEE ON CAVITE AFFAIRS MY 2023-2024 (SALVADOR)
87103,06/13/2023,Regular,Accepted,MEMBERS COMMITTEE ON CHARITY MY 2023-2024 (SALVADOR)
87103,09/13/2023,Regular,Accepted,PM CERT APRON & JEWEL ISSUED 02/28/2023 [JOEL]
87103,05/16/2025,Regular,No Action,"GRAND ORATOR, MY - 2024 - 2025"
87103,05/21/2025,Regular,No Action,"GRAND ORATOR, MY 2025 - 2026"
87103,05/27/2025,Honorary,Accepted,HONORARY CERT ISSUED 05/19/2025 [JOEL]
87109,09/20/2018,Petitioner,No Action,ML(31) CIR. 09/20/18(JOEL) OR#170022
87109,01/19/2019,Petitioner,Accepted,REJECTED(31) MMR 10/13./18- CIR. 01/20/19 [JOEL]
87109,02/19/2020,Petitioner,Accepted,INITIATED [31] MMR 05/18/2019 [MON]
87109,02/20/2020,Regular,Accepted,RAISED [31] MMR 07/19- CIR. 02/20/2020 [JOEL]
87109,03/07/2024,Regular,Accepted,MM CERT ISSUED 01/20/2023; PROF EXAM 09/30/2019 [JOEL]
87109,05/19/2025,Regular,No Action,"LAYOUT EDITOR & ART DIRECTOR, THE CABLE TOW, MY 2025 - 2026"
87110,09/20/2018,Petitioner,No Action,ML(31) CIR. 09/20/18(JOEL)OR#170025
87110,02/19/2020,Petitioner,Accepted,INITIATED [31] MMR 05/18/2019 [MON]
87110,02/19/2021,Regular,Accepted,RAISED [31] MMR 01/14/2020 CIR. 02/20/2021 [JOEL]
87110,03/07/2024,Regular,Accepted,MM CERT ISSUED 01/20/2023; PROF EXAM 11/26/2022 [JOEL]
87110,03/07/2024,Regular,Accepted,CHANGE OF KIN [ LEOVINA E. QUERUBIN]  PER SUBMITTED DOCUMENTS-COURT DECISION OF CIVIL CASE NO. SPL-2245-19; FOR DECLARATION OF NULLITY OF MARRIAGE-NULL & VOID DUE TO PSYCHOLOGICAL INCAPACITY OF THE PETITIONER CAROLINO O. DAVID [JOEL]
87148,07/10/2023,Affiliate,No Action,PET FOR AFFILIATION [15] FROM PERDONA Y. ABRAZA MASONIC LODGE NO. 441
87148,07/10/2023,Affiliate,No Action,PET FOR AFFILIATION [15] FROM PERDONA Y. ABRAZA MASONIC LODGE NO. 441- CIR 07/10/2023 [JOEL]
87148,12/09/2023,Affiliate,Accepted,AFFILIATED [15] MMR 11/2023 CIR 12/10/2023 [JOEL]
87255,11/06/2018,Petitioner,No Action,ML (31) CIR. 11/10/18 OR#170276 [MENG];
87255,02/19/2020,Petitioner,Accepted,INITIATED [31] MMR 05/18/2019 [MON]
87255,02/19/2021,Regular,Accepted,RAISED [31] MMR 01/14/2020 CIR. 02/20/2021 [JOEL]
87355,03/02/2023,Regular,Accepted,RAISED per 2022 A/R [JOEL]
87355,02/18/2025,Regular,Accepted,PM CERT & APRON ISSUED 02/11/2024 [JOEL] JEWEL ISSUED 02/25/2025
87355,05/19/2025,Regular,No Action,"DGL, RIV CAVITE (EAST) MY 2025 -2026"
87356,03/02/2023,Regular,Accepted,RAISED per 2022 A/R [JOEL]
87357,05/12/2022,Regular,Accepted,RAISED [448] PER MESSAGE OF RW RAUL CANON THRU MS. FELINA [JOEL]
87357,06/07/2023,Regular,Accepted,MEMBERS COMMITTEE ON PRELIMINARY INVESTIGATION MY 2022-2023 (SALVADOR) 
87440,03/02/2023,Regular,Accepted,RAISED per 2022 A/R [JOEL]
87440,06/13/2023,Regular,Accepted,MEMBERS COMMITTEE ON THE REVISION OF THE CONSTITUTION MY 2023-2024 (SALVADOR)
87440,06/13/2023,Regular,Accepted,MEMBERS COMMITTEE ON PRELIMINARY INVESTIGATION MY 2023-2024 (SALVADOR)
87440,10/09/2024,Regular,Accepted,DGL [ MD RIV- CAVITE- EAST ] MY 2024-2025 [JOEL]
87440,05/16/2025,Regular,No Action,"SENIOR GRAND LECTURER, MY - 2024 - 2025"
87440,05/19/2025,Regular,No Action,"VICE PRESIDENT & DIRECTOR FOR COURSE DEV. IMES, MY 2024 - 2025"
87440,05/19/2025,Regular,No Action,"SENIOR ASSOCIATE EDITOR, THE CABLE TOW, MY 2025 - 2026"
87440,05/21/2025,Regular,No Action,"SENIOR GRAND LECTURER, MY 2025 - 2026"
87625,02/28/2019,Petitioner,No Action,ML(346) CIR. 03/10/19 [JOEL]
87625,09/26/2019,Petitioner,Accepted,REJECTED [346] MMR 07/27/19- CIR. 09/30/19 [JOEL]
87626,02/28/2019,Petitioner,No Action,ML(346) CIR. 03/10/19 [JOEL]
87626,09/26/2019,Petitioner,Accepted,REJECTED [346] MMR 06/22/19- CIR. 09/30/19 [JOEL]
87626,02/19/2021,Petitioner,Accepted,INITIATED [346] MMR 01/30/2021 [JOEL]
87627,02/28/2019,Petitioner,No Action,ML(346) CIR. 03/10/19 [JOEL]
87627,09/26/2019,Petitioner,Accepted,REJECTED [346] MMR 07/27/19- CIR. 09/30/19 [JOEL]
87627,02/28/2020,Petitioner,Accepted,REJECTED [346] MMR 11/22/19- CIR. 02/29/2020 [JOEL]
87627,02/19/2021,Petitioner,Accepted,INITIATED [346] MMR 01/30/2021 [JOEL]
87627,03/23/2022,Regular,Accepted,PASSING AND RAISING  [346] PER 021 A/R [JOEL]
87627,12/09/2024,Regular,Accepted,MM CERT ISSUED 11/30/2024; PROF EXAM 02/24/2024 [JOEL]
87628,02/28/2019,Petitioner,No Action,ML(346) CIR. 03/10/19 [JOEL]
87628,02/19/2021,Petitioner,Accepted,INITIATED [346] MMR 12/12/2020 [JOEL]
87651,03/15/2019,Petitioner,No Action,ML(346) CIR. 03/20/19 [JOEL]
87651,02/19/2021,Petitioner,Accepted,INITIATED [346] MMR 12/12/2020 [JOEL]
87651,03/23/2022,Regular,Accepted,PASSING AND RAISING  [346] PER 021 A/R [JOEL]
87651,10/13/2022,Regular,Accepted,MM CERT ISSUED 09/29/2022 S.I NO. 220024; PROF EXAM 05/28/2022 [JOEL]
87715,04/05/2019,Petitioner,No Action,ML(69) CIR.04/10/19[JOAN]
87715,10/19/2020,Regular,Accepted,RAISED [69] MMR 01/2020 CIR. 10/20/2020 [JOEL]
87715,03/17/2022,Regular,Accepted,MM CERT ISSUED 03/09/2022 S.I NO. 216017; PROF EXAM 10/02/2021 [JOEL]
87716,04/05/2019,Petitioner,No Action,ML(69) CIR.04/10/19[JOAN]
87716,10/19/2020,Regular,Accepted,RAISED [69] MMR 01/2020 CIR. 10/20/2020 [JOEL]
87716,11/10/2022,Regular,Accepted,MM CERT ISSUED 07/11/2022 S.I NO. 218845; PROF EXAM 03/2022 [JOEL] 
87718,04/05/2019,Petitioner,No Action,ML(69) CIR.04/10/19[JOAN]
87719,04/05/2019,Petitioner,No Action,ML(69) CIR.04/10/19[JOAN]
87719,10/19/2020,Regular,Accepted,RAISED [69] MMR 01/2020 CIR. 10/20/2020 [JOEL]
87719,03/17/2022,Regular,Accepted,MM CERT ISSUED 03/09/2022 S.I NO. 216018; PROF EXAM 12/04/2021 [JOEL]
87720,04/05/2019,Petitioner,No Action,ML(69) CIR.04/10/19[JOAN]
87720,10/19/2020,Regular,Accepted,RAISED [69] MMR 01/2020 CIR. 10/20/2020 [JOEL]
87720,11/24/2023,Regular,Accepted,MM CERT ISSUED 12/11/2023; PROF EXAM 09/02/2023 PER MMR 09/2023 [JOEL]
87721,04/05/2019,Petitioner,No Action,ML(69) CIR.04/10/19[JOAN]
87721,10/19/2020,Regular,Accepted,RAISED [69] MMR 01/2020 CIR. 10/20/2020 [JOEL]
87721,03/17/2022,Regular,Accepted,MM CERT ISSUED 03/09/2022 S.I NO. 216018; PROF EXAM 12/04/2021 [JOEL]
87722,04/05/2019,Petitioner,No Action,ML(69) CIR.04/10/19[JOAN]
87786,04/05/2019,Petitioner,No Action,ML(352) CIR. 04/10/19 [JOEL]
87786,09/20/2019,Petitioner,Accepted,INITIATED (272) MMR (07/06/19) (ANN) 
87786,12/29/2021,Regular,Accepted,RAISED [352] MMR 12/04/2021 CIR. 12/30/2021[JOEL]
87786,07/25/2024,Regular,Accepted,MM CERT ISSUED 05/23/2024; PROF EXAM 01/08/2022 [JOEL]
87789,04/16/2019,Petitioner,No Action,ML(31) CIR.04/20/2019[JOAN]
87818,04/22/2019,Petitioner,No Action,ML(31) CIR.05/30/2019[JOEL]
87818,02/19/2020,Petitioner,Accepted,INITIATED [31] MMR 08/10/2019 [MON]
87818,02/19/2021,Petitioner,Accepted,PASSED [31] MMR 11/19/2020 [JOEL]
87818,03/18/2022,Regular,Accepted,RAISED [31] MMR 11/2021 CIR. 03/20/2022 [JOEL]
87818,03/07/2024,Regular,Accepted,MM CERT ISSUED 01/20/2023; PROF EXAM 11/26/2022 [JOEL]
87819,04/22/2019,Petitioner,No Action,ML(31) CIR.05/30/2019[JOEL]
87819,02/19/2021,Regular,Accepted,RAISED [31] MMR 01/14/2020 CIR. 02/20/2021 [JOEL]
87819,03/07/2024,Regular,Accepted,MM CERT ISSUED 01/20/2023; PROF EXAM 11/26/2022 [JOEL]
87876,08/16/2023,Affiliate,No Action,PET FOR AFFILIATION [31] FROM PERDONA Y. ABRAZA MASONIC LODGE NO. 441
87876,08/16/2023,Affiliate,No Action,PET FOR AFFILIATION [31] FROM PERDONA Y. ABRAZA MASONIC LODGE NO. 441- CIR 08/20/2023 [JOEL]
87876,01/19/2024,Affiliated,Accepted,AFFILIATED [ 31 ] MMR 01/2024 CIR 01/20/2024 [JOEL]
87897,05/09/2019,Petitioner,No Action,ML (352) CIR. 05/10/19 [JOEL]
87898,05/09/2019,Petitioner,No Action,ML (352) CIR. 05/10/19 [JOEL]
87898,09/20/2019,Petitioner,Accepted,INITIATED (352) MMR (07/06/19) (ANN) 
87898,02/21/2020,Petitioner,Accepted,PASSED [352] MMR 10/05/2019 [MON]
87898,06/05/2025,Petitioner,Accepted,DROPPED PER APPROVED  LODGE RESOLUTION 12/07/2024 [JOEL]
87899,05/09/2019,Petitioner,No Action,ML (352) CIR. 05/10/19 [JOEL]
87899,02/13/2024,Petitioner,Accepted,INITIATED & PASSED PER 2020 A/R [JOEL]
87899,02/10/2024,Regular,Accepted,RAISED [352] MMR 01/2024 CIR 02/10/2024 [JOEL]
87900,05/09/2019,Petitioner,No Action,ML (352) CIR. 05/10/19 [JOEL]
87900,09/20/2019,Petitioner,Accepted,INITIATED (352) MMR (07/06/19) (ANN) 
87900,06/05/2025,Petitioner,Accepted,DROPPED PER APPROVED  LODGE RESOLUTION 12/07/2024 [JOEL]
88044,06/20/2019,Petitioner,No Action,ML [51] CIR. 06/20/19 [JOEL]
88189,07/10/2019,Petitioner,No Action,ML [352]- CIR. 07/20/19 [JOEL]
88189,12/29/2021,Petitioner,Accepted,REJECTED [352] MMR 03/06/2021  CIR. 12/30/2021 [JOEL]
88189,06/05/2025,Petitioner,Accepted,DROPPED PER APPROVED  LODGE RESOLUTION 12/07/2024 [JOEL]
88190,07/10/2019,Petitioner,No Action,ML [352]- CIR. 07/20/19 [JOEL]
88190,11/11/2020,Petitioner,Accepted,ELECTED [352] MMR 11/07/2020 [JOEL]
88190,06/05/2025,Petitioner,Accepted,DROPPED PER APPROVED  LODGE RESOLUTION 12/07/2024 [JOEL]
88191,07/10/2019,Petitioner,No Action,ML [352]- CIR. 07/20/19 [JOEL]
88191,02/21/2020,Petitioner,Accepted,INITIATED [352] MMR 10/05/2019 [MON]
88191,01/11/2021,Petitioner,Accepted,PASSED [352] MMR 01/02/2021
88191,12/29/2021,Regular,Accepted,RAISED [352] MMR 12/04/2021 CIR. 12/30/2021[JOEL]
88191,07/25/2024,Regular,Accepted,MM CERT ISSUED 05/23/2024; PROF EXAM 08/05/2023 [JOEL]
88192,07/10/2019,Petitioner,No Action,ML [352]- CIR. 07/20/19 [JOEL]
88192,02/21/2020,Petitioner,Accepted,ELECTED [352] MMR 09/07/2019 [MON]
88192,01/11/2021,Petitioner,Accepted,PASSED [352] MMR 01/02/2021[JOEL]
88192,12/29/2022,Regular,Accepted,RAISED [352] MMR 10/2022 CIR. 12/30/2022 [JOEL]
88192,07/25/2024,Regular,Accepted,MM CERT ISSUED 05/23/2024; PROF EXAM 12/02/2023 [JOEL]
88193,07/10/2019,Petitioner,No Action,ML [352]- CIR. 07/20/19 [JOEL]
88193,12/29/2021,Petitioner,Accepted,REJECTED [352] MMR 03/06/2021  CIR. 12/30/2021 [JOEL]
88193,02/16/2022,Petitioner,Accepted,REJECTED [352] MMR 01/08/2022 CIR. 02/20/2022  [JOEL]
88193,01/20/2025,Regular,Accepted,RAISED [ 352 ] MMR 07/2024 CIR 01/20/2025   [JOEL]
88225,07/17/2019,Petitioner,No Action,ML(15) CIR.12 07/20/19 CEL
88225,11/11/2021,Petitioner,Accepted,ELECTED [15] MMR 07/03/2021 [JOEL]
88225,02/18/2022,Petitioner,Accepted,ELECTED [15] MMR 12/04/2021  [JOEL]
88225,04/18/2022,Regular,Accepted,RAISED [15]  MMR 03/2022 CIR. 04/10/2022 [JOEL]
88225,09/11/2024,Regular,Accepted,MM CERT ISSUED 09/12/2024; PROF EXAM 06/04/2022 [JOEL]
88226,07/17/2019,Petitioner,No Action,ML(15) CIR.12 07/20/19 CEL
88226,11/11/2021,Petitioner,Accepted,ELECTED [15] MMR 07/03/2021 [JOEL]
88226,01/14/2023,Petitioner,Accepted,PASSED [15] MMR 10/2022 [JOEL]
88227,07/17/2019,Petitioner,No Action,ML(15) CIR.12 07/20/19 CEL
88227,11/11/2021,Petitioner,Accepted,ELECTED [15] MMR 07/03/2021 [JOEL]
88227,01/14/2023,Petitioner,Accepted,PASSED [15] MMR 10/2022 [JOEL]
88227,05/12/2023,Regular,Accepted,RAISED [15] MMR 04/2023 CIR. 05/20/2023 [JOEL]
88227,09/19/2024,Regular,Accepted,MM CERT ISSUED 09/12/2024; PROF EXAM 10/07/2022 [JOEL]
88228,07/17/2019,Petitioner,No Action,ML(15) CIR.12  11/20/2020 [JOEL]
88228,11/11/2021,Petitioner,Accepted,ELECTED [15] MMR 07/03/2021 [JOEL]
88228,02/18/2022,Petitioner,Accepted,INITIATED [15] MMR 09/2022 [JOEL]
88228,01/14/2023,Petitioner,Accepted,PASSED [15] MMR 10/2022 [JOEL]
88238,07/17/2019,Petitioner,No Action,ML(69) CIR. 12 07/20/19 CEL
88238,02/19/2021,Petitioner,Accepted,PASSED [69] MMR 11/07/2020 [JOEL]
88238,07/28/2021,Regular,Accepted,RAISED [69] MMR 01/21/2021 CIR. 07/30/2021 [JOEL]
88238,03/17/2022,Regular,Accepted,MM CERT ISSUED 03/09/2022 S.I NO. 216017; PROF EXAM 10/02/2021 [JOEL]
88273,07/19/2019,Petitioner,No Action,ML(346) CIR.12 07/20/19 CEL
88273,02/28/2020,Petitioner,Accepted,REJECTED [346] MMR 11/22/19- CIR. 02/29/2020 [JOEL]
88273,01/14/2023,Petitioner,Accepted,INITIATED [346] MMR 10/2022 [JOEL]
88334,12/09/2023,Affiliate,No Action,PET FOR AFFILIATION [31] FROM PERDON Y. ABRAZA MASONIC LODGE NO. 441
88334,12/11/2023,Affiliate,No Action,PET FOR AFFILIATION [31] FROM PERDON Y. ABRAZA MASONIC LODGE NO. 441- CIR 12/10/2023 [JOEL]
88334,05/20/2024,Affiliated,Accepted,AFFILIATED [ 31 ] MMR 04/2024 CIR 05/20/2024 [JOEL]
88405,07/30/2019,Petitioner,No Action,ML(51) CIR.12 07/30/19 CEL
88405,02/08/2021,Petitioner,Accepted,INITIATED [51] MMR 01/11/2020 [JOEL]
88405,02/08/2021,Regular,Accepted,RAISED [51] MMR 03/14/2020- CIR. 02/10/2021 [JOEL]
88405,07/22/2022,Regular,Accepted,MM CERT ISSUED 04/20/2022 S.I NO. 216916; PROF EXAM 11/13/2021 [JOEL]
88405,10/09/2024,Honorary,Accepted,HONORARY CERT ISSUED 09/26/2024 [JOEL]
88555,08/29/2019,Petitioner,No Action,ML [448] CIR. 08/30/19 [JOEL]
88555,03/10/2022,Regular,Accepted,RAISED [448] MMR 01/23/2021   CIR. 03/10/2022 [JOEL]
88556,08/29/2019,Petitioner,No Action,ML [448] CIR. 08/30/19 [JOEL]
88556,03/10/2022,Regular,Accepted,RAISED [448] MMR 01/23/2021   CIR. 03/10/2022 [JOEL]
88618,09/04/2019,Petitioner,No Action,ML(69) CIR.12 09/10/19 CEL
88618,03/14/2022,Petitioner,Accepted,PASSED [69] MMR 11/2021  [JOEL]
88618,07/26/2022,Regular,Accepted,RAISED [69] MMR 05/2022 CIR. 07/30/2022 [JOEL]
88618,08/03/2023,Regular,Accepted,MM CERT ISSUED 01/04/2023; PROF EXAM 10/2022 [JOEL\\]
88619,09/04/2019,Petitioner,No Action,ML(69) CIR.12 09/10/19 CEL
88619,02/19/2021,Petitioner,Accepted,PASSED [69] MMR 11/07/2020 [JOEL]
88619,07/28/2021,Regular,Accepted,RAISED [69] MMR 01/21/2021 CIR. 07/30/2021 [JOEL]
88619,08/03/2023,Regular,Accepted,MM CERT ISSUED 01/04/2023; PROF EXAM 10/2022 [JOEL\\]
88620,09/04/2019,Petitioner,No Action,ML(69) CIR.12 09/10/19 CEL
88620,02/19/2021,Petitioner,Accepted,PASSED [69] MMR 11/07/2020 [JOEL]
88620,07/28/2021,Regular,Accepted,RAISED [69] MMR 01/21/2021 CIR. 07/30/2021 [JOEL]
88620,03/17/2022,Regular,Accepted,MM CERT ISSUED 03/09/2022 S.I NO. 216017; PROF EXAM 10/02/2021 [JOEL]
88711,09/26/2019,Petitioner,No Action,ML(352) CIR. 12 09/30/19 CEL
88711,11/11/2020,Petitioner,Accepted,ELECTED [352] MMR 11/07/2020 [JOEL]
88711,03/04/2022,Petitioner,Accepted,PASSED [352] MMR 07/2021 [JOEL]
88711,11/03/2022,Regular,Accepted,RAISED [352] MMR 09/2022 CIR. 11/10/2022 [JOEL]
88711,07/25/2024,Regular,Accepted,MM CERT ISSUED 05/23/2024; PROF EXAM 07/01/2023 [JOEL]
89043,12/06/2019,Petitioner,No Action,ML(69) CIR.12 12/10/19 CEL
89043,02/19/2021,Petitioner,Accepted,INITIATED [69] MMR 11/07/2020 [JOEL]
89043,07/28/2021,Petitioner,Accepted,PASSED [69] MMR 03/06/2021 [JOEL]
89043,03/14/2022,Regular,Accepted,RAISED [69] MMR 11/2021 CIR. 03/20/2022 [JOEL]
89043,08/03/2023,Regular,Accepted,MM CERT ISSUED 01/04/2023; PROF EXAM 10/2022 [JOEL\\]
89097,12/27/2019,Petitioner,No Action,ML [352] CIR. PULL OUT JURISDICTION[JOEL]
89097,12/29/2021,Petitioner,Accepted,REJECTED [352] MMR 03/06/2021  CIR. 12/30/2021 [JOEL]
89097,02/16/2022,Petitioner,Accepted,ELECTED [352] MMR 01/08/2022 [JOEL]
89097,01/27/2023,Regular,Accepted,RAISED [352] MMR 11/2022 CIR. 01/30/2023 [JOEL]
89097,07/25/2024,Regular,Accepted,MM CERT ISSUED 05/23/2024; PROF EXAM 11/04/2023 [JOEL]
89856,12/15/2020,Petitioner,No Action,ML [31] CIR. 12/20/2020 [JOEL]
89856,03/08/2023,Regular,Accepted,RAISED [31] MMR 03/2022 CIR. 03/10/2023 [JOEL]
89860,12/16/2020,Petitioner,No Action,ML [51] CIR. 12/20/2020 [JOEL]
89860,02/04/2022,Petitioner,Accepted,REJECTED [51] 07/2021 CIR. 02/10/2022 [JOEL]
90336,02/26/2021,Petitioner,No Action,ML [346] CIR. 02/28/21 [JOEL]
90336,01/14/2023,Petitioner,Accepted,REJECTED [346] MMR 05/2022  [JOEL]
90336,11/23/2023,Petitioner,Accepted,INITIATED [346]  MMR 08/2023  [JOEL]
90336,02/20/2024,Regular,Accepted,+RAISED [346] MMR 01/2024 CIR 02/20/2024 [JOEL]
90336,12/05/2024,Regular,Accepted,IMES GARDUATE APRIL 5 & 6 2024 [JOEL]
90336,12/09/2024,Regular,Accepted,MM CERT ISSUED 11/30/2024; PROF EXAM 02/24/2024 [JOEL]
90337,02/26/2021,Petitioner,No Action,ML [346] CIR. 02/28/21 [JOEL]
90337,01/14/2023,Petitioner,Accepted,PASSED [346] MMR 09/2022  [JOEL]
90337,02/10/2023,Regular,Accepted,RAISED [346] MMR 11/2022 CIR. 02/10/2023 [JOEL]
90337,12/05/2024,Regular,Accepted,IMES GARDUATE APRIL 5 & 6 2024 [JOEL]
90338,02/26/2021,Petitioner,No Action,ML [346] CIR. 02/28/21 [JOEL]
90338,01/14/2023,Petitioner,Accepted,PASSED [346] MMR 11/2022 [JOEL]
90338,03/10/2023,Regular,Accepted,RAISED [346] MMR 12/2022  CIR. 03/10/2023 [JOEL]
90339,02/26/2021,Petitioner,No Action,ML [346] CIR. 02/28/2021 [JOEL]
90339,01/14/2023,Petitioner,Accepted,REJECTED [346] MMR 04/2022 CIR. 01/20/2023 [JOEL]
90339,12/05/2024,Regular,Accepted,"INITIATED, PASSED & RAISED [ 346 ] MMR 02/2024, 03/2024 & 04/2024 CIR 12/10/2024  [JOEL]"
90339,12/05/2024,Regular,Accepted,MM CERT ISSUED 11/30/2024; PROF EXAM 04/20/2024 [JOEL]
90340,02/26/2021,Petitioner,No Action,ML [346] CIR. 02/28/2021[JOEL]
90341,02/26/2021,Petitioner,No Action,ML [346] CIR. 02/28/2021 [JOEL]
90341,01/14/2023,Petitioner,Accepted,PASSED [346] MMR 09/2022  [JOEL]
90341,02/10/2023,Regular,Accepted,RAISED [346] MMR 11/2022 CIR. 02/10/2023 [JOEL]
90342,02/26/2021,Petitioner,No Action,ML [346] CIR. 02/28/2021 [JOEL]
90342,01/14/2023,Petitioner,Accepted,PASSED [346] MMR 07/2022  [JOEL]
90342,06/20/2023,Regular,Accepted,RAISED [346] MMR 04/2023 CIR 06/20/2023 [JOEL]
90342,12/05/2024,Regular,Accepted,IMES GARDUATE APRIL 5 & 6 2024 [JOEL]
90343,02/26/2021,Petitioner,No Action,ML [346] CIR. 02/28/2021 [JOEL]
90343,01/14/2023,Petitioner,Accepted,PASSED [346] MMR 07/2022  [JOEL]
90343,12/05/2024,Petitioner,Accepted,DROPPED [ 346 ] MMR 04/2024 CIR 12/10/2024 [JOEL]
90612,03/25/2021,Petitioner,No Action,ML [31] CIR. 03/30/2021 [JOEL]
90612,10/25/2023,Regular,Accepted,RAISED [31] MMR 09/2023 CIR 10/30/2023 [JOEL]
90612,01/23/2024,Regular,Accepted,MM CERT ISSUED 01/30/2024; PROFICIENCY EXAM 12/16/2023 PER MMR 01/2024 [JOEL]
90613,03/25/2021,Petitioner,No Action,ML [31] CIR. 03/30/.20212 [JOEL]
90613,07/10/2023,Regular,Accepted,RAISED [31] MMR 06/2023  CIR. 07/10/2023 [JOEL]
90613,10/25/2023,Regular,Accepted,MM CERT ISSUED  11/03/2023 PROF EXAM 09/09/2023 PER MMR 09/2023 [JOEL]
90614,03/25/2021,Petitioner,No Action,ML [31] CIR. 03/30/.20212 [JOEL]
90614,07/10/2023,Regular,Accepted,RAISED [31] MMR 06/2023  CIR. 07/10/2023 [JOEL]
90614,10/25/2023,Regular,Accepted,MM CERT ISSUED  11/03/2023 PROF EXAM 09/09/2023 PER MMR 09/2023 [JOEL]
90615,03/25/2021,Petitioner,No Action,ML [31] CIR. 11/30/2021 [JOEL]
90615,06/30/2023,Petitioner,Accepted,INITIATED [31] MMR 04/2023  [JOEL]
90615,06/21/2024,Petitioner,Accepted,PASSED [ 31] MMR 05/2024  [JOEL]
90616,03/25/2021,Petitioner,No Action,ML [31] CIR. 03/30/.20212 [JOEL]
90616,03/08/2023,Regular,Accepted,RAISED [31] MMR 12/2022 CIR. 03/10/2023 [JOEL]
90616,06/06/2023,Regular,Accepted,MM CERT ISSUED 05/09/2023; PROF EXAM 03/18/2023  [JOEL]
90617,03/25/2021,Petitioner,No Action,ML [31] CIR. 03/30/.20212 [JOEL]
90617,07/10/2023,Regular,Accepted,RAISED [31] MMR 06/2023  CIR. 07/10/2023 [JOEL]
90617,10/25/2023,Regular,Accepted,MM CERT ISSUED  11/03/2023 ;PROF EXAM 09/09/2023 PER MMR 09/2023 [JOEL]
90618,03/25/2021,Petitioner,No Action,ML [31] CIR. 03/30/.20212 [JOEL]
90618,03/08/2023,Regular,Accepted,RAISED [31] MMR 12/2022 CIR. 03/10/2023 [JOEL]
90618,06/06/2023,Regular,Accepted,MM CERT ISSUED 05/09/2023; PROF EXAM 03/18/2023  [JOEL]
90619,03/25/2021,Petitioner,No Action,ML [31] CIR. 03/30/.20212 [JOEL]
90619,03/08/2023,Regular,Accepted,RAISED [31] MMR 12/2022 CIR. 03/10/2023 [JOEL]
90619,06/06/2023,Regular,Accepted,MM CERT ISSUED 05/09/2023; PROF EXAM 01/28/2023  [JOEL]
90644,03/26/2021,Petitioner,No Action,ML [352]- CIR. 03/30/2021 [JOEL]
90644,02/16/2022,Petitioner,Accepted,REJECTED [352] MMR 01/08/2022 CIR. 02/20/2022  [JOEL]
90645,03/26/2021,Petitioner,No Action,ML [352]- CIR. 03/30/2021 [JOEL]
90645,02/16/2022,Petitioner,Accepted,ELECTED [352] MMR 01/08/2022 [JOEL]
90645,01/27/2023,Regular,Accepted,RAISED [352] MMR 11/2022 CIR. 01/30/2023 [JOEL]
90645,07/25/2024,Regular,Accepted,MM CERT ISSUED 05/23/2024; PROF EXAM 10/07/2023 [JOEL]
91118,07/26/2021,Petitioner,No Action,ML [69][ CIR. 07/30/2021 [JOEL]
91118,03/14/2022,Petitioner,Accepted,INITIATED [69] MMR 11/2021  [JOEL]
91118,07/26/2022,Petitioner,Accepted,PASSED [69] MMR 05/2022 [JOEL]
91118,02/09/2023,Regular,Accepted,RAISED [69] MMR 11/2022 CIR. 02/10/2023 [JOEL]
91119,07/26/2021,Petitioner,No Action,ML [69] CIR. 07/30/2021 [JOEL]
91119,03/14/2022,Petitioner,Accepted,INITIATED [69] MMR 11/2021  [JOEL]
91119,07/26/2022,Petitioner,Accepted,PASSED [69] MMR 05/2022 [JOEL]
91119,02/09/2023,Regular,Accepted,RAISED [69] MMR 11/2022 CIR. 02/10/2023 [JOEL]
91119,09/07/2023,Regular,Accepted,MM CERT ISSUED 12/11/2023; PROFICIENCY EXAM 06/03/2023 [JOEL]
91120,07/26/2021,Petitioner,No Action,ML [69] CIR. 07/30/2021 [JOEL]
91120,03/14/2022,Petitioner,Accepted,INITIATED [69] MMR 11/2021  [JOEL]
91120,07/26/2022,Petitioner,Accepted,PASSED [69] MMR 05/2022 [JOEL]
91120,02/09/2023,Regular,Accepted,RAISED [69] MMR 11/2022 CIR. 02/10/2023 [JOEL]
91120,09/07/2023,Regular,Accepted,MM CERT ISSUED 12/11/2023; PROFICIENCY EXAM 06/03/2023 [JOEL]
91179,08/05/2021,Petitioner,No Action,ML [69] CIR. 08/10/2021 [JOEL]
91179,03/14/2022,Petitioner,Accepted,INITIATED [69] MMR 11/2021  [JOEL]
91186,08/05/2021,Petitioner,No Action,ML [448] CIR. 08/10/2021 [JOEL]
91186,03/02/2023,Petitioner,Accepted,INITIATED PER 2022 A/R [JOEL]
91187,08/05/2021,Petitioner,No Action,ML [448] CIR. 08/10/2021 [JOEL]
91187,03/02/2023,Petitioner,Accepted,INITIATED  PER 2022 A/R [JOEL]
91187,04/19/2024,Regular,Accepted,RAISED [448] MMR 10/2023 CIR 04/20/2024 [JOEL]
91188,08/05/2021,Petitioner,No Action,ML [448] CIR. 08/10/2021 [JOEL]
91188,03/02/2023,Petitioner,Accepted,INITIATED & PASSED PER 2022 A/R [JOEL]
91188,04/19/2024,Regular,Accepted,RAISED [448] MMR 01/2023 CIR 04/20/2024 [JOEL]
91189,08/05/2021,Petitioner,No Action,ML [448] P10/10/2021 [JOEL]
91225,10/07/2021,Petitioner,No Action,ML [15] CIR. 10/10/2021 [JOEL]
91225,11/04/2022,Petitioner,Accepted,INITIATED [15] MMR 09/2022 [JOEL]
91225,09/11/2024,Petitioner,Accepted,PASSED [ 15 ] MMR 05/2024  [JOEL]
91388,11/26/2021,Petitioner,No Action,ML [31] CIR. 11/30/2021 [JOEL]
91388,05/28/2025,Petitioner,Accepted,INITIATED PER MMR 10/2022 [JOEL]
91389,11/26/2021,Petitioner,No Action,ML [31] CIR. 11/30/2021 [JOEL]
91389,07/25/2024,Regular,Accepted,RAISED [ 31 ] MMR 06/2024 CIR 07/30/2024 [JOEL]
91389,08/30/2024,Regular,Accepted,MM CERT ISSUED 08/21/2024;PROF EXAM 07/13/2024 [JOEL]
91390,11/26/2021,Petitioner,No Action,ML [31] CIR. 11/30/2021 [JOEL]
91390,05/20/2024,Regular,Accepted,RAISED [ 31 ] MMR 04/2024 CIR 05/20/2024 [JOEL]
91390,08/30/2024,Regular,Accepted,MM CERT ISSUED 08/21/2024;PROF EXAM 07/13/2024 [JOEL]
91391,11/26/2021,Petitioner,No Action,ML [31] CIR. 11/30/2021 [JOEL]
91391,08/30/2024,Petitioner,Accepted,PASSED [ 31 ] MMR 07/2024 [JOEL]
91392,11/26/2021,Petitioner,No Action,ML [31] CIR. 11/30/2021 [JOEL]
91392,05/28/2025,Petitioner,Accepted,INITIATED PER MMR 10/2022 [JOEL]
91393,11/26/2021,Petitioner,No Action,ML [31] CIR. 11/30/2021 [JOEL]
91393,07/25/2024,Regular,Accepted,RAISED [ 31 ] MMR 06/2024 CIR 07/30/2024 [JOEL]
91394,11/26/2021,Petitioner,No Action,ML [31] CIR. 03/30/2022 [JOEL]
91394,04/15/2024,Regular,Accepted,RAISED [ 51 ] MMR 03/2024 CIR 04/20/2024 [JOEL]
91394,08/30/2024,Regular,Accepted,MM CERT ISSUED 08/21/2024; PROF EXAM 07/13/2024 [JOEL]
91395,11/26/2021,Petitioner,No Action,ML [31] CIR. 11/30/2021 [JOEL]
91395,06/30/2023,Petitioner,Accepted,INITIATED [31] MMR 04/2023  [JOEL]
91395,06/21/2024,Petitioner,Accepted,PASSED [ 31] MMR 05/2024  [JOEL]
91396,11/26/2021,Petitioner,No Action,ML [31] CIR. 03/30/2022 [JOEL]
91396,05/20/2024,Regular,Accepted,RAISED [ 31 ] MMR 04/2024 CIR 05/20/2024 [JOEL]
91396,08/30/2024,Regular,Accepted,MM CERT ISSUED 08/21/2024;PROF EXAM 07/13/2024 [JOEL]
91519,12/29/2021,Petitioner,No Action,ML [352] CIR. 12/30/2021 [JOEL]
91519,02/16/2022,Petitioner,Accepted,REJECTED [352] MMR 01/08/2022 CIR. 02/20/2022  [JOEL]
91519,06/05/2025,Petitioner,Accepted,DROPPED PER APPROVED  LODGE RESOLUTION 12/07/2024 [JOEL]
91545,12/27/2021,Petitioner,No Action,ML [346] CIR. 12/30/2021 [JOEL]
91545,01/14/2023,Petitioner,Accepted,REJECTED [346] MMR 04/2022  [JOEL]
91545,11/23/2023,Petitioner,Accepted,INITIATED [346]  MMR 07/2023  [JOEL]
91545,02/20/2024,Regular,Accepted,+RAISED [346] MMR12/2023 CIR 02/20/2024 [JOEL]
91545,12/05/2024,Regular,Accepted,IMES GARDUATE APRIL 5 & 6 2024 [JOEL]
91545,12/09/2024,Regular,Accepted,MM CERT ISSUED 11/30/2024; PROF EXAM 04/20/2024 [JOEL]
91546,12/27/2021,Petitioner,No Action,ML [346] CIR. 12/30/2021 [JOEL]
91547,12/27/2021,Petitioner,No Action,ML [346] CIR. 12/30/2021 [JOEL]
91547,01/14/2023,Petitioner,Accepted,PASSED [346] MMR 11/2022 [JOEL]
91547,06/20/2023,Regular,Accepted,RAISED [346] MMR 04/2023 CIR 06/20/2023 [JOEL]
91547,11/15/2024,Regular,Accepted,MM CERT ISSUED 12/02/2023; PROF EXAM 12/02/2023 [JOEL]
91547,12/05/2024,Regular,Accepted,IMES GARDUATE APRIL 5 & 6 2024 [JOEL]
91548,12/27/2021,Petitioner,No Action,ML [346] CIR. 12/30/2021 [JOEL]
91548,01/14/2023,Petitioner,Accepted,PASSED [346] MMR 11/2022 [JOEL]
91548,03/10/2023,Regular,Accepted,RAISED [346] MMR 12/2022  CIR. 03/10/2023 [JOEL]
91548,12/05/2024,Regular,Accepted,IMES GARDUATE APRIL 5 & 6 2024 [JOEL]
91836,03/08/2022,Petitioner,No Action,"ML [15] CIR. 03/10/2022 [JOEL]\
"
91837,03/08/2022,Petitioner,No Action,ML [15] CIR. 03/10/2022 [JOEL]
91837,09/01/2023,Petitioner,Accepted,INITIATED [15] MMR 07/2023 [JOEL]
91837,09/11/2024,Petitioner,Accepted,PASSED [ 15 ] MMR 05/2024  [JOEL]
91837,05/23/2025,Regular,Accepted,RAISED [ 15] CIR 05/30/2025 [JOEL]
91838,03/08/2022,Petitioner,No Action,ML [15] CIR. 03/10/2022 [JOEL]
91838,01/27/2023,Petitioner,Accepted,INITIATED [15] MMR 11/2022 [JOEL]
91839,03/08/2022,Petitioner,No Action,ML [15] CIR. 03/10/2022 [JOEL]
91839,11/04/2022,Petitioner,Accepted,INITIATED [15] MMR 09/2022 [JOEL]
91839,12/09/2023,Regular,Accepted,RAISED [15] MMR 11/2023 CIR 12/10/2023 [JOEL]
91839,04/05/2024,Regular,Accepted,MM CERT ISSUED 09/12/2024; PROF EXAM 02/03/2024 [JOEL]
91949,03/29/2022,Petitioner,No Action,ML [15] CIR. 03/30/2022 [JOEL]
91949,12/18/2023,Petitioner,Accepted,PASSED [15] MMR 09/2023 [JOEL]
91949,03/25/2024,Regular,Accepted,RAISED [ 15 ] MMR 02/2024 CIR 03/30/2024  [JOEL]
91949,09/11/2024,Regular,Accepted,MM CERT ISSUED 09/12/2024; PROF EXAM 04/06/2024 [JOEL]
91950,03/29/2022,Petitioner,No Action,ML [15] CIR. 03/30/2022 [JOEL]
91950,09/01/2023,Petitioner,Accepted,INITIATED [15] MMR 07/2023 [JOEL]
92020,04/08/2022,Petitioner,No Action,ML [352]  CIR. 04/10/2022 [JOEL]
92309,05/30/2022,Petitioner,No Action,ML [51] CIR. 05/30/2022 [JOEL]
92309,05/10/2023,Petitioner,Accepted,REJECTED [ 51 ] MMR 01/2023 CIR. 05/10/2023 [JOEL]
92585,07/08/2022,Petitioner,No Action,ML [31] CIR. 07/10/2022 [JOEL]
92585,10/10/2023,Petitioner,Accepted,INITIATED [31] MMR 08/2023 [JOEL]
92585,10/21/2024,Petitioner,Accepted,PASSED [ 31 ] MMR 09/2024 [JOEL]
92679,07/25/2022,Petitioner,No Action,ML [69] CIR. 07/30/2022 [JOEL]
92679,07/20/2023,Regular,Accepted,RAISED [69] MMR 05/2023  CIR 07/20/2023 [JOEL]
92679,12/29/2022,Petitioner,Accepted,INITIATED [69] MMR 10/2022 [JOEL]
92679,05/23/2023,Petitioner,Accepted,PASSED [69] MMR 03/2023 [JOEL]
92679,12/12/2023,Regular,Accepted,MM CERT ISSUED 12/11/2023; PROF EXAM 07/01/2023 [JOEL]
93419,11/09/2022,Petitioner,No Action,ML [352] CIR. 02/10/2023 [JOEL]
93419,03/26/2025,Petitioner,Accepted,PASSED [ 352 ] MMR 09/2024 [JOEL]
93421,11/09/2022,Petitioner,No Action,ML [352] CIR. 11/10/2022 [JOEL]
93470,11/16/2022,Petitioner,No Action,ML [69] CIR. 11/20/2022 [JOEL]
93470,05/31/2023,Petitioner,Accepted,INITIATED [69] MMR 04/2023 [JOEL]
93470,11/24/2023,Petitioner,Accepted,PASSED [69] MMR 09/2023 [JOEL]
93470,10/03/2024,Petitioner,No Action,MM CERT ISUED 01/06/2025; PROF EXAM 07/06/2024 [ JOEL]
93470,11/30/2024,Regular,Accepted,RAISED [ 69 ] MMR 02/2024 CIR 11/30/2024 [JOEL]
93471,11/16/2022,Petitioner,No Action,ML [69] CIR. 11/20/2022 [JOEL]
93574,11/29/2022,Petitioner,No Action,ML [346] CIR. 11/30/2022 [JOEL]
93574,11/23/2023,Petitioner,Accepted,INITIATED [346]  MMR 08/2023  [JOEL]
93574,02/20/2024,Regular,Accepted,RAISED [346] MMR 01/2024 CIR 02/20/2024 [JOEL]
93574,12/05/2024,Regular,Accepted,MM CERT ISSUED 11/30/2024; PROF EXAM 02/24/2024 [JOEL]
93575,11/29/2022,Petitioner,No Action,ML [346] CIR. 11/30/2022 [JOEL]
93575,12/05/2024,Petitioner,Accepted,INITIATED & PASSED [ 346 ] MMR 04/2024 & 06/2024  [JOEL]
93601,11/29/2022,Petitioner,No Action,ML [69] CIR. 11/30/2022 [JOEL]
93601,05/31/2023,Petitioner,Accepted,INITIATED [69] MMR 04/2023 [JOEL]
93601,11/24/2023,Petitioner,Accepted,PASSED [69] MMR 09/2023 [JOEL]
93601,06/21/2024,Petitioner,No Action,MM CERT ISSUED 06/13/2024; PROF EXAM 05/25/2024 [JOEL]
93601,08/20/2024,Regular,Accepted,RAISED[69] MMR 05/2024 CIR 08/20/2024 [JOEL]
93601,10/03/2024,Regular,Accepted,IMES GRADUATE JUNE 13/14 2024 [JOEL]
93602,11/29/2022,Petitioner,No Action,ML [69] CIR. 11/30/2022 [JOEL]
93602,05/31/2023,Petitioner,Accepted,INITIATED [69] MMR 04/2023 [JOEL]
93602,11/24/2023,Petitioner,Accepted,PASSED [69] MMR 09/2023 [JOEL]
93602,06/20/2024,Regular,Accepted,RAISED [69] MMR 05/2024 CIR 06/20/2024  [JOEL]
93602,10/04/2024,Regular,Accepted,MM CERT ISSUED 01/05/2025; PROF EXAM 07/06/2024 [JOEL]
93617,12/07/2022,Petitioner,No Action,ML [458] CIR. 12/10/2022 [JOEL]
93617,04/22/2024,Petitioner,Accepted,INITIATED [448] MMR 01/2023 [JOEL]
93618,12/09/2022,Petitioner,No Action,ML [448] CIR. 12/10/2022 [JOEL]
93618,04/19/2024,Regular,Accepted,RAISED [448] MMR 10/2023 CIR 04/20/2024 [JOEL]
93619,12/09/2022,Petitioner,No Action,ML [448] CIR. 12/10/2022 [JOEL]
93619,04/19/2024,Regular,Accepted,RAISED [448] MMR 10/2023 CIR 04/20/2024 [JOEL]
93619,05/19/2025,Regular,No Action,"CO-EDITOR-IN-CHIEF, THE CABLE TOW, MY 2025 - 2026"
93620,12/09/2022,Petitioner,No Action,ML [448] CIR. 12/10/2022 [JOEL]
93620,04/22/2024,Petitioner,Accepted,INITIATED [448] MMR 01/2023 [JOEL]
93843,01/10/2023,Petitioner,No Action,ML [15] CIR. 01/10/2023 [JOEL]
93845,01/10/2023,Petitioner,No Action,ML [15] CIR. 01/10/2023 [JOEL]
93845,09/11/2024,Petitioner,Accepted,INITIATED [ 15 ] MMR 07/2024 [JOEL]
93845,05/21/2025,Petitioner,Accepted,PASSED [ 15 ] MMR 03/2025 [JOEL]
93846,01/10/2023,Petitioner,No Action,ML [15] CIR. 01/10/2023 [JOEL]
93846,11/05/2024,Petitioner,Accepted,INITIATED [ 15] MMR 09/2024 [JOEL]
93877,01/20/2023,Petitioner,No Action,ML [69] CIR. 01/20/2023 [JOEL]
93877,05/31/2023,Petitioner,Accepted,INITIATED [69] MMR 04/2023 [JOEL]
93877,11/24/2023,Petitioner,Accepted,PASSED [69] MMR 09/2023 [JOEL]
93877,07/03/2024,Petitioner,No Action,MM CERT ISSUED 01/10/2025; PROF EXAM 03/02/2024 [JOEL]
93877,11/30/2024,Regular,Accepted,RAISED [ 69 ] MMR 02/2024 CIR 11/30/2024 [JOEL]
94197,03/09/2023,Petitioner,No Action,ML [ 51 ]  CIR. 03/10/2023 [JOEL]
94197,10/31/2023,Petitioner,Accepted,PASSED [51] MMR 09/2023 [JOEL]
94197,12/29/2023,Regular,Accepted,RAISED [51] MMR 11/2023 CIR 01/10/2024 [JOEL]
94197,05/06/2024,Regular,Accepted,MM CERT ISSUED 03/13/2024; PROF EXAM 01/13/2024 [JOEL]
94198,03/09/2023,Petitioner,No Action,ML [ 51 ]  CIR. 03/10/2023 [JOEL]
94198,10/31/2023,Petitioner,Accepted,INITIATED [51] MMR 09/2023 [JOEL]
94198,08/14/2024,Petitioner,Accepted,PASSED [51] MMR 07/2024 [JOEL]
94198,10/07/2024,Regular,Accepted,RAISED [ 51 ] MMR 08/2024 CIR 10/10/2024 [JOEL]
94198,11/08/2024,Regular,Accepted,MM CERT ISSUED 01/18/2025; PROF EXAM 09/14/2024 [JOEL]
94199,03/09/2023,Petitioner,No Action,ML [ 51 ]  CIR. 03/10/2023 [JOEL]
94199,01/08/2024,Petitioner,Accepted,PASSED [51] MMR 11/2023 [JOEL]
94199,04/30/2024,Regular,Accepted,RAISED [ 51 ] MMR 12/2023 CIR 04/30/2024 [JOEL]
94199,06/04/2024,Regular,Accepted,MM CERT ISSUED 05/21/2024; PROF EXAM 01/13/2024 [JOEL]
94200,03/09/2023,Petitioner,No Action,ML [ 51 ]  CIR. 03/10/2023 [JOEL]
94200,10/31/2023,Petitioner,Accepted,PASSED [51] MMR 09/2023 [JOEL]
94200,12/29/2023,Regular,Accepted,RAISED [51] MMR 11/2023 CIR 01/10/2024 [JOEL]
94200,05/06/2024,Regular,Accepted,MM CERT ISSUED 03/13/2024; PROF EXAM 01/13/2024 [JOEL]
94222,03/10/2023,Petitioner,No Action,ML [31] CIR. 03/10/2023 [JOEL]
94222,10/10/2023,Petitioner,Accepted,INITIATED [31] MMR 08/2023 [JOEL]
94222,06/21/2024,Petitioner,Accepted,PASSED [ 31] MMR 05/2024  [JOEL]
94222,02/28/2025,Regular,Accepted,RAISED [ 31 ] MMR 01/2025 CIR 02/28/2025 [JOEL]
94223,03/10/2023,Petitioner,No Action,ML [31] CIR. 03/10/2023 [JOEL]
94223,10/10/2023,Petitioner,Accepted,INITIATED [31] MMR 08/2023 [JOEL]
94223,10/21/2024,Petitioner,Accepted,PASSED [ 31 ] MMR 09/2024 [JOEL]
94224,03/10/2023,Petitioner,No Action,ML [31] CIR. 03/10/2023 [JOEL]
94224,06/21/2024,Petitioner,Accepted,PASSED [ 31] MMR 05/2024  [JOEL]
94224,02/28/2025,Regular,Accepted,RAISED [ 31 ] MMR 01/2025 CIR 02/28/2025 [JOEL]
94225,03/10/2023,Petitioner,No Action,ML [31] CIR. 03/10/2023 [JOEL]
94225,10/08/2024,Petitioner,Accepted,INITIATED [ 31 ] MMR 08/2024 [JOEL]
94225,08/04/2025,Petitioner,Accepted,PASSED PER MMR 06/2025 [JOEL]
94226,03/10/2023,Petitioner,No Action,ML [31] CIR. 03/10/2023 [JOEL]
94226,08/30/2024,Petitioner,Accepted,PASSED [ 31 ] MMR 07/2024 [JOEL]
94226,07/18/2025,Regular,Accepted,RAISED PER MMR 04/2025 CIR 07/20/2025 [JOEL]
94440,04/20/2023,Petitioner,No Action,ML [51] CIR. 04/20/2023 [JOEL]
94440,10/31/2023,Petitioner,Accepted,INITIATED [51] MMR 09/2023 [JOEL]
94440,08/14/2024,Petitioner,Accepted,PASSED [51] MMR 07/2024 [JOEL]
94440,10/07/2024,Regular,Accepted,RAISED [ 51 ] MMR 08/2024 CIR 10/10/2024 [JOEL]
94440,11/28/2024,Regular,Accepted,MM CERT ISSUED 01/18/2025; PROF EXAM 10/12/2024 [JOEL]
94595,05/25/2023,Petitioner,No Action,ML [31] CIR 08/10/2023  [JOEL]
94595,01/30/2024,Petitioner,Accepted,REJECTED [31] MMR  10/2023 CIR 01/30/2024 [JOEL]
94595,10/08/2024,Petitioner,Accepted,INITIATED [ 31 ] MMR 08/2024 [JOEL]
94595,08/04/2025,Petitioner,Accepted,PASSED PER MMR 06/2025 [JOEL]
94596,05/25/2023,Petitioner,No Action,ML [31] CIR. 05/32023 [JOEL]
94596,01/30/2024,Petitioner,Accepted,REJECTED [31] MMR  10/2023 CIR 01/30/2024 [JOEL]
94597,05/25/2023,Petitioner,No Action,ML [31] CIR. 05/32023 [JOEL]
94597,10/08/2024,Petitioner,Accepted,INITIATED [ 31 ] MMR 08/2024 [JOEL]
94597,10/21/2024,Petitioner,Accepted,PASSED [ 31 ] MMR 09/2024 [JOEL]
94598,05/25/2023,Petitioner,No Action,ML [31] CIR. 05/32023 [JOEL]
94598,01/30/2024,Petitioner,Accepted,REJECTED [31] MMR  10/2023 CIR 01/30/2024 [JOEL]
94598,10/08/2024,Petitioner,Accepted,INITIATED [ 31 ] MMR 08/2024 [JOEL]
94598,08/04/2025,Petitioner,Accepted,PASSED PER MMR 06/2025 [JOEL]
94718,06/07/2023,Petitioner,No Action,ML [69] CIR. 06/10/2023 [JOEL]
94718,11/24/2023,Petitioner,Accepted,INITIATED [69] MMR 09/2023 [JOEL]
94718,10/03/2024,Regular,Accepted,RAISED [ 69 ] MMR 07/2024 CIR 10/10/2024  [JOEL]
94718,05/16/2025,Regular,Accepted,MM CERT ISSUED 01/24/2025; PROF EXAM 10/05/2024 [JOEL]
94719,06/07/2023,Petitioner,No Action,ML [69] CIR. 06/10/2023 [JOEL]
94719,11/24/2023,Petitioner,Accepted,INITIATED [69] MMR 09/2023 [JOEL]
94719,10/03/2024,Regular,Accepted,RAISED [ 69 ] MMR 07/2024 CIR 10/10/2024  [JOEL]
94719,05/16/2025,Regular,Accepted,MM CERT ISSUED 01/24/2025; PROF EXAM 10/05/2024 [JOEL]
95172,07/28/2023,Petitioner,No Action,ML [448] CIR 07/30/2023 [JOEL]
95172,04/22/2024,Petitioner,Accepted,INTIATED [448] MMR 10/2023 [JOEL]
95172,04/03/2025,Petitioner,Accepted,PASSED PER 2023 A/R [JOEL]
95172,04/10/2025,Regular,Accepted,RAISED [ 448 ] MMR  01/2024  CIR 04/10/2025 [JOEL]
95876,12/07/2023,Petitioner,No Action,ML [346] CIR 12/10/2023 [JOEL]
95876,12/05/2024,Petitioner,Accepted,INITIATED [ 346 ] MMR 07/2024  [JOEL]
95877,12/07/2023,Petitioner,No Action,ML [346] CIR 12/10/2023 [JOEL]
95877,12/05/2024,Petitioner,Accepted,INITIATED & PASSED [ 346 ] MMR 07/2024 & 10/2024  [JOEL]
95877,06/25/2025,Regular,Accepted,RAISED [346 ] PER MMR 03/2025 CIR 06/30/2025 [JOEL]
95880,12/09/2023,Petitioner,No Action,ML [51] CIR 12/10/2023 [JOEL]
95880,05/21/2024,Petitioner,Accepted,INITIATED [51] MMR 04/2024 [JOEL]
95880,08/14/2024,Petitioner,Accepted,PASSED [51] MMR 07/2024 [JOEL]
95880,10/07/2024,Regular,Accepted,RAISED [ 51 ] MMR 08/2024 CIR 10/10/2024 [JOEL]
95880,11/08/2024,Regular,Accepted,MM CERT ISSUED 01/18/2025; PROF EXAM 09/14/2024 [JOEL]
96404,03/20/2024,Petitioner,No Action,ML [ 51 ] CIR 03/20/2024  [JOEL]
96404,11/08/2024,Petitioner,Accepted,INITIATED [ 51 ] MMR 10/2024 [JOEL]
96404,05/21/2025,Petitioner,Accepted,PASSED PER MMR 03/2025 [JOEL]
96455,03/25/2024,Petitioner,No Action,ML [346] CIR 03/30/2024 [JOEL]
96455,12/05/2024,Petitioner,Accepted,INITIATED [ 346 ] MMR 07/2024  [JOEL]
96459,03/25/2024,Petitioner,No Action,ML [ 69 ] CIR 03/30/2024 [JOEL]
96459,10/03/2024,Petitioner,Accepted,INITIATED [ 69 ] MMR 07/2024 [JOEL]
96593,04/22/2024,Petitioner,No Action,ML [ 448 ] CIR 04/30/2024 [JOEL]
96593,04/11/2025,Petitioner,Accepted,INITIATED & PASSED PER MMR 07/2024 & 09/2024 [JOEL]
96594,04/22/2024,Petitioner,No Action,ML [ 448 ] CIR 04/30/2024 [JOEL]
96594,04/11/2025,Petitioner,Accepted,INITIATED & PASSED PER MMR 07/2024 & 09/2024 [JOEL]
97025,07/26/2024,Petitioner,No Action,ML [ 15 ] CIR 07/30/2024 [JOEL]
97107,08/15/2024,Petitioner,No Action,ML [ 352 ] CIR 08/20/2024 [JOEL]
97196,08/28/2024,Petitioner,No Action,ML [ 31 ] CIR 08/30/2024 [JOEL]
97230,09/02/2024,Petitioner,No Action,ML [ 51 ] CIR 09/10/2024 [JOEL]
97446,10/08/2024,Petitioner,No Action,ML [ 448 ] CIR 10/10/2024 [JOEL]
97447,10/08/2024,Petitioner,No Action,ML [ 448 ] CIR 10/10/2024 [JOEL]
97448,10/08/2024,Petitioner,No Action,ML [ 448 ] CIR 10/10/2024 [JOEL]
97452,10/08/2024,Petitioner,No Action,ML [ 346 ] CIR 10/10/2024 [JOEL] 
97452,05/19/2025,Petitioner,Accepted,REJECTED [ 346 ] MMR 12/2024 CIR 05/20/2025  [JOEL]
97835,01/23/2025,Petitioner,No Action,ML [ 51 ] CIR 01/30/2025 [JOEL]
97914,02/10/2025,Petitioner,No Action,ML [ 15 ] CIR 02/10/2025 [JOEL]
97915,02/10/2025,Petitioner,No Action,ML [ 15 ] CIR 02/20/2025 [JOEL]
97978,02/20/2025,Petitioner,No Action,ML [ 31 ] CIR 02/20/2025 [JOEL]
98264,05/06/2025,Petitioner,No Action,ML [ 31 ]  CIR 05/10/2025 [JOEL]
98297,05/13/2025,Petitioner,No Action,ML [ 346 ]  CIR 05/20/2025 [JOEL]
98318,05/19/2025,Petitioner,No Action,ML [ 346 ] CIR 06/10/2025 [JOEL]
98444,06/26/2025,Affiliate,No Action,PET FOR AFFILIATION [ 15 ] FROM PARK LODGE NO. 516- GL OF NEW YORK
98444,06/26/2025,Affiliate,No Action,PET FOR AFFILIATION [ 15 ] FROM PARK LODGE NO. 516- GL OF NEW YORK- INITIATED; 01/20/2017 PASSED; 03/17/2017 RAISED; 05/13/2017 CIR 06/30/2025 [JOEL]
98740,09/17/2025,Petitioner,No Action,ML [ 346 ] CIR 09/20/2025 [JOEL]
