ID,Date of Payment (Payment),OR Number (Payment),Year (Payment),Lodge (Payment),Amount (Payment),Posted (Payment),User (Payment)
607,1/7/2015,156315,2015,51,1875,1,ALLAN
607,1/7/2015,156315,2014,51,300,1,ALLAN
607,1/28/2014,152236,2014,51,1425,1,ALLAN
607,2/28/2014,13-478,2013,51,1425,1,ALLAN
1526,1/15/2025,199617,2025,51,2600,1,ALLAN
1526,1/15/2024,192998,2024,51,2600,1,ALLAN
1526,1/19/2023,186866,2023,51,2500,1,ALLAN
1526,1/31/2022,180826,2022,51,2500,1,ALLAN
1526,4/26/2021,21-036,2021,51,1725,1,ALLAN
1526,1/14/2020,174589,2020,51,1725,1,ALLAN
1526,7/22/2019,172812,2019,51,1725,1,CECILLE
1526,7/22/2019,172812,2013,51,1225,1,CECILLE
1535,10/1/2013,144890,2013,31,1425,1,ALLAN
1535,10/1/2013,144890,2011,31,1125,1,ALLAN
1542,11/19/2024,198847,2025,31,2600,1,ALLAN
1542,1/25/2024,193344,2024,31,2600,1,ALLAN
1542,2/17/2023,187523,2023,31,2500,1,ALLAN
1542,2/17/2023,187523,2022,31,2500,1,ALLAN
1542,2/17/2023,187523,2021,31,1725,1,ALLAN
1542,2/17/2023,187523,2005,31,885,1,ALLAN
2040,1/15/2025,199617,2025,51,400,1,ALLAN
2040,1/15/2024,192998,2024,51,400,1,ALLAN
2040,1/19/2023,186866,2023,51,400,1,ALLAN
2040,1/31/2022,180826,2022,51,400,1,ALLAN
2040,4/26/2021,21-036,2021,51,200,1,ALLAN
2040,1/14/2020,174589,2020,51,200,1,ALLAN
2040,2/26/2019,171339,2019,51,200,1,ALLAN
2040,3/7/2018,168289,2018,51,1725,1,ALLAN
2040,3/13/2017,164480,2017,51,1875,1,ALLAN
2040,2/10/2016,160667,2016,51,1875,1,CECILLE
2040,1/7/2015,156315,2015,51,1875,1,ALLAN
2040,1/7/2015,156315,2014,51,300,1,ALLAN
2040,12/17/2013,151708,2014,51,1425,1,CECILLE
2040,2/28/2014,13-478,2013,51,1425,1,ALLAN
2197,3/30/2015,157657,2015,51,1875,1,ALLAN
2197,1/7/2015,156315,2014,51,1725,1,ALLAN
2197,2/28/2014,13-478,2013,51,1425,1,ALLAN
2761,11/19/2024,198847,2025,31,2600,1,ALLAN
2761,1/25/2024,193344,2024,31,2600,1,ALLAN
2761,2/17/2023,187523,2023,31,2500,1,ALLAN
2761,2/22/2022,181252,2022,31,2500,1,ALLAN
2761,2/17/2021,177790,2021,31,1725,1,ALLAN
2761,1/30/2020,175050,2020,31,1725,1,ALLAN
2761,1/7/2019,170659,2019,31,1725,1,ALLAN
2761,1/11/2018,167533,2018,31,1725,1,ALLAN
2761,10/24/2016,162945,2017,31,1875,1,ALLAN
2761,10/24/2016,162945,2016,31,1875,1,ALLAN
2761,10/24/2016,162945,2007,31,935,1,ALLAN
3641,3/28/2025,434,2025,15,2600,1,ALLAN
3641,2/14/2024,193859,2024,15,2600,1,ALLAN
3641,2/7/2023,187280,2023,15,2500,1,ALLAN
3641,2/21/2022,181212,2022,15,2500,1,ALLAN
3641,1/20/2021,177272,2021,15,1725,1,ALLAN
3641,2/14/2020,175325,2020,15,1725,1,ALLAN
3641,3/18/2019,171697,2019,15,1725,1,ALLAN
3641,2/26/2018,168180,2018,15,1725,1,ALLAN
3641,3/15/2017,164578,2017,15,1875,1,ALLAN
3641,3/28/2016,161323,2016,15,1875,1,ALLAN
3641,3/31/2015,157758,2015,15,1875,1,ALLAN
3641,2/26/2015,157094,2014,15,1725,1,ALLAN
3641,3/6/2014,152776,2013,15,1425,1,ALLAN
3647,2/7/2023,187280,2023,15,2500,1,ALLAN
3647,2/21/2022,181212,2022,15,2500,1,ALLAN
3647,1/20/2021,177272,2021,15,1725,1,ALLAN
3647,2/14/2020,175325,2020,15,1725,1,ALLAN
3647,3/18/2019,171697,2019,15,1725,1,ALLAN
3647,2/26/2018,168180,2018,15,1725,1,ALLAN
3647,3/15/2017,164578,2017,15,1875,1,ALLAN
3647,3/28/2016,161323,2016,15,1875,1,ALLAN
3647,3/31/2015,157758,2015,15,1875,1,ALLAN
3647,2/26/2015,157094,2014,15,1725,1,ALLAN
3651,3/28/2025,434,2025,15,2600,1,ALLAN
3651,2/14/2024,193859,2024,15,2600,1,ALLAN
3651,2/7/2023,187280,2023,15,2500,1,ALLAN
3651,2/21/2022,181212,2022,15,2500,1,ALLAN
3651,1/20/2021,177272,2021,15,1725,1,ALLAN
3651,2/14/2020,175325,2020,15,1725,1,ALLAN
3651,3/18/2019,171697,2019,15,1725,1,ALLAN
3651,2/26/2018,168180,2018,15,1725,1,ALLAN
3651,3/15/2017,164578,2017,15,1875,1,ALLAN
3651,3/28/2016,161323,2016,15,1875,1,ALLAN
3651,1/20/2015,156486,2015,15,1875,1,CECILLE
3651,2/26/2015,157094,2014,15,1725,1,ALLAN
3651,1/20/2015,156486,2007,15,935,1,CECILLE
3918,2/14/2020,175325,2020,15,1725,1,ALLAN
3918,3/18/2019,171697,2019,15,1725,1,ALLAN
3918,2/26/2018,168180,2018,15,1725,1,ALLAN
3918,3/15/2017,164578,2017,15,1875,1,ALLAN
3918,3/28/2016,161323,2016,15,1875,1,ALLAN
3918,3/28/2016,161323,2015,15,1875,1,ALLAN
3919,3/28/2025,434,2025,15,2600,1,ALLAN
3919,2/14/2024,193859,2024,15,2600,1,ALLAN
3919,2/7/2023,187280,2023,15,2500,1,ALLAN
3919,2/21/2022,181212,2022,15,2500,1,ALLAN
3919,1/20/2021,177272,2021,15,1725,1,ALLAN
3919,2/14/2020,175325,2020,15,1725,1,ALLAN
3919,3/18/2019,171697,2019,15,1725,1,ALLAN
3919,2/26/2018,168180,2018,15,1725,1,ALLAN
3919,3/15/2017,164578,2017,15,1875,1,ALLAN
3919,3/28/2016,161323,2016,15,1875,1,ALLAN
3919,3/31/2015,157758,2015,15,1875,1,ALLAN
3919,2/26/2015,157094,2014,15,1725,1,ALLAN
3919,3/6/2014,152776,2013,15,1425,1,ALLAN
4030,3/7/2018,168289,2018,51,1725,1,ALLAN
4030,3/13/2017,164480,2017,51,1875,1,ALLAN
4030,2/10/2016,160667,2016,51,1875,1,CECILLE
4030,3/30/2015,157657,2015,51,1875,1,ALLAN
4030,8/12/2014,154737,2014,51,1725,1,ALLAN
4030,2/28/2014,13-478,2013,51,1425,1,ALLAN
4243,1/15/2025,199617,2025,51,2600,1,ALLAN
4243,1/15/2024,192998,2024,51,2600,1,ALLAN
4243,1/19/2023,186866,2023,51,2500,1,ALLAN
4243,1/31/2022,180826,2022,51,2500,1,ALLAN
4243,4/26/2021,21-036,2021,51,1725,1,ALLAN
4243,1/14/2020,174589,2020,51,1725,1,ALLAN
4243,2/26/2019,171339,2019,51,1725,1,ALLAN
4243,3/7/2018,168289,2018,51,1725,1,ALLAN
4243,3/13/2017,164480,2017,51,1875,1,ALLAN
4243,2/10/2016,160667,2016,51,1875,1,CECILLE
4243,3/30/2015,157657,2015,51,1875,1,ALLAN
4243,5/14/2014,153836,2014,51,1725,1,ALLAN
4243,5/22/2013,143316,2013,51,1425,1,ALLAN
4281,1/20/2025,199746,2025,69,2600,1,ALLAN
4281,1/31/2024,193512,2024,69,2600,1,ALLAN
4281,12/29/2022,186474,2023,69,2500,1,ALLAN
4281,4/11/2022,22-007,2022,69,2500,1,ALLAN
4281,4/26/2021,21-039,2021,69,1725,1,ALLAN
4281,1/16/2020,174693,2020,69,1725,1,ALLAN
4281,1/18/2019,170872,2019,69,1725,1,ALLAN
4281,1/8/2018,167477,2018,69,1725,1,ALLAN
4281,3/14/2017,164497,2017,69,1875,1,ALLAN
4281,3/1/2016,160883,2016,69,1875,1,ALLAN
4281,3/26/2015,157587,2015,69,1875,1,ALLAN
4281,3/26/2015,157587,2014,69,1725,1,ALLAN
4281,4/30/2014,14-019,2013,69,1425,1,ALLAN
4353,1/15/2025,199617,2025,51,2600,1,ALLAN
4353,1/15/2025,199617,2024,51,2600,1,ALLAN
4353,1/15/2025,199617,2013,51,1225,1,ALLAN
4354,2/26/2019,171339,2019,51,1725,1,ALLAN
4354,3/7/2018,168289,2018,51,1725,1,ALLAN
4354,11/28/2017,166823,2017,51,1875,1,CECILLE
4354,2/10/2016,160667,2016,51,1875,1,CECILLE
4354,3/30/2015,157657,2015,51,1875,1,ALLAN
4354,1/7/2015,156315,2014,51,1725,1,ALLAN
4354,12/17/2013,151708,2013,51,1425,1,CECILLE
4397,1/20/2025,199746,2025,69,400,1,ALLAN
4397,1/31/2024,193512,2024,69,400,1,ALLAN
4397,12/29/2022,186474,2023,69,400,1,ALLAN
4397,4/11/2022,22-007,2022,69,400,1,ALLAN
4397,2/28/2022,181404,2022,448,550,1,ALLAN
4397,4/26/2021,21-039,2021,69,200,1,ALLAN
4397,2/17/2021,177784,2021,448,450,1,ALLAN
4397,2/17/2021,177784,2020,448,450,1,ALLAN
4397,1/16/2020,174693,2020,69,200,1,ALLAN
4397,7/15/2019,19-097,2019,448,450,1,ALLAN
4397,1/18/2019,170872,2019,69,200,1,ALLAN
4397,7/15/2019,19-097,2018,448,450,1,ALLAN
4397,1/8/2018,167477,2018,69,1725,1,ALLAN
4397,3/14/2017,164497,2017,69,1875,1,ALLAN
4397,3/1/2016,160883,2016,69,1875,1,ALLAN
4397,3/26/2015,157587,2015,69,1875,1,ALLAN
4397,3/26/2015,157587,2014,69,1725,1,ALLAN
4397,4/30/2014,14-019,2013,69,1425,1,ALLAN
4714,11/19/2024,198847,2025,31,400,1,ALLAN
4714,1/25/2024,193344,2024,31,400,1,ALLAN
4714,3/7/2023,187908,2023,31,400,1,ALLAN
4714,2/22/2022,181252,2022,31,400,1,ALLAN
4714,2/17/2021,177790,2021,31,200,1,ALLAN
4714,1/30/2020,175050,2020,31,200,1,ALLAN
4714,1/7/2019,170659,2019,31,200,1,ALLAN
4714,1/11/2018,167533,2018,31,200,1,ALLAN
4714,1/5/2017,163486,2017,31,200,1,ALLAN
4714,3/30/2016,161338,2016,31,200,1,ALLAN
4714,4/14/2014,153449,2013,31,200,1,CECILLE
4823,3/28/2025,434,2025,15,2600,1,ALLAN
4823,2/14/2024,193859,2024,15,2600,1,ALLAN
4823,2/7/2023,187280,2023,15,2500,1,ALLAN
4823,2/21/2022,181212,2022,15,2500,1,ALLAN
4823,1/20/2021,177272,2021,15,1725,1,ALLAN
4823,2/14/2020,175325,2020,15,1725,1,ALLAN
4823,3/18/2019,171697,2019,15,1725,1,ALLAN
4823,2/26/2018,168180,2018,15,1725,1,ALLAN
4823,3/15/2017,164578,2017,15,1875,1,ALLAN
4823,3/28/2016,161323,2016,15,1875,1,ALLAN
4823,3/31/2015,157758,2015,15,1875,1,ALLAN
4823,2/26/2015,157094,2014,15,1725,1,ALLAN
4823,3/6/2014,152776,2013,15,1425,1,ALLAN
4885,1/20/2021,177272,2021,15,200,1,ALLAN
4885,2/14/2020,175325,2020,15,200,1,ALLAN
4885,3/18/2019,171697,2019,15,200,1,ALLAN
4885,2/26/2018,168180,2018,15,200,1,ALLAN
4885,3/15/2017,164578,2017,15,200,1,ALLAN
4885,3/28/2016,161323,2016,15,200,1,ALLAN
4885,3/31/2015,157758,2015,15,200,1,ALLAN
4885,2/26/2015,157094,2014,15,200,1,ALLAN
4885,3/6/2014,152776,2013,15,200,1,ALLAN
5519,3/28/2025,434,2025,15,400,1,ALLAN
5519,2/14/2024,193859,2024,15,400,1,ALLAN
5519,2/7/2023,187280,2023,15,400,1,ALLAN
5519,2/21/2022,181212,2022,15,400,1,ALLAN
5519,1/20/2021,177272,2021,15,200,1,ALLAN
5519,2/14/2020,175325,2020,15,200,1,ALLAN
5519,3/18/2019,171697,2019,15,200,1,ALLAN
5519,2/26/2018,168180,2018,15,200,1,ALLAN
5519,3/15/2017,164578,2017,15,200,1,ALLAN
5519,3/28/2016,161323,2016,15,200,1,ALLAN
5519,3/31/2015,157758,2015,15,200,1,ALLAN
5519,2/26/2015,157094,2014,15,200,1,ALLAN
5519,3/6/2014,152776,2013,15,200,1,ALLAN
5523,3/28/2016,161323,2016,15,200,1,ALLAN
5523,3/31/2015,157758,2015,15,200,1,ALLAN
5523,2/26/2015,157094,2014,15,200,1,ALLAN
5523,3/6/2014,152776,2013,15,200,1,ALLAN
5544,3/28/2025,434,2025,15,2600,1,ALLAN
5544,2/14/2024,193859,2024,15,2600,1,ALLAN
5544,2/7/2023,187280,2023,15,2500,1,ALLAN
5544,2/21/2022,181212,2022,15,2500,1,ALLAN
5544,1/20/2021,177272,2021,15,1725,1,ALLAN
5544,2/14/2020,175325,2020,15,1725,1,ALLAN
5544,3/18/2019,171697,2019,15,1725,1,ALLAN
5544,2/26/2018,168180,2018,15,1725,1,ALLAN
5544,3/15/2017,164578,2017,15,1875,1,ALLAN
5544,3/28/2016,161323,2016,15,1875,1,ALLAN
5544,3/31/2015,157758,2015,15,1875,1,ALLAN
5544,2/26/2015,157094,2014,15,300,1,ALLAN
5544,2/4/2014,152349,2014,15,1425,1,CECILLE
5544,3/6/2014,152776,2013,15,1425,1,ALLAN
5544,2/4/2014,152349,1991,15,276,1,CECILLE
5573,3/28/2025,434,2025,15,2600,1,ALLAN
5573,2/14/2024,193859,2024,15,2600,1,ALLAN
5573,2/7/2023,187280,2023,15,2500,1,ALLAN
5573,2/21/2022,181212,2022,15,2500,1,ALLAN
5573,1/20/2021,177272,2021,15,1725,1,ALLAN
5573,1/20/2021,177272,2020,15,1725,1,ALLAN
5573,1/20/2021,177272,1996,15,421,1,ALLAN
6787,3/31/2015,157758,2015,15,200,1,ALLAN
6787,2/26/2015,157094,2014,15,200,1,ALLAN
6787,3/6/2014,152776,2013,15,200,1,ALLAN
7698,3/28/2016,161323,2016,15,200,1,ALLAN
7698,3/31/2015,157758,2015,15,200,1,ALLAN
7698,2/26/2015,157094,2014,15,200,1,ALLAN
7698,3/6/2014,152776,2013,15,200,1,ALLAN
7703,3/28/2025,434,2025,15,400,1,ALLAN
7703,2/14/2024,193859,2024,15,400,1,ALLAN
7703,2/7/2023,187280,2023,15,400,1,ALLAN
7703,2/21/2022,181212,2022,15,2500,1,ALLAN
7703,1/20/2021,177272,2021,15,1725,1,ALLAN
7703,2/14/2020,175325,2020,15,1725,1,ALLAN
7703,3/18/2019,171697,2019,15,1725,1,ALLAN
7703,2/26/2018,168180,2018,15,1725,1,ALLAN
7703,3/15/2017,164578,2017,15,1875,1,ALLAN
7703,3/28/2016,161323,2016,15,1875,1,ALLAN
7703,3/31/2015,157758,2015,15,1875,1,ALLAN
7703,2/26/2015,157094,2014,15,1725,1,ALLAN
7703,3/6/2014,152776,2013,15,1425,1,ALLAN
7723,3/28/2016,161323,2016,15,200,1,ALLAN
7723,3/31/2015,157758,2015,15,200,1,ALLAN
7723,2/26/2015,157094,2014,15,200,1,ALLAN
7723,3/6/2014,152776,2013,15,200,1,ALLAN
7733,3/31/2015,157758,2015,15,1875,1,ALLAN
7733,2/26/2015,157094,2014,15,1725,1,ALLAN
7733,3/6/2014,152776,2013,15,1425,1,ALLAN
7735,3/31/2015,157758,2015,15,1875,1,ALLAN
7735,2/26/2015,157094,2014,15,1725,1,ALLAN
7735,8/1/2013,144162,2013,15,1425,1,CECILLE
7753,3/28/2025,434,2025,15,2600,1,ALLAN
7753,2/14/2024,193859,2024,15,2600,1,ALLAN
7753,2/7/2023,187280,2023,15,2500,1,ALLAN
7753,2/21/2022,181212,2022,15,2500,1,ALLAN
7753,2/21/2022,181212,2021,15,1725,1,ALLAN
7753,2/21/2022,181212,1983,15,88,1,ALLAN
7757,3/28/2025,434,2025,15,400,1,ALLAN
7757,2/14/2024,193859,2024,15,400,1,ALLAN
7757,2/7/2023,187280,2023,15,400,1,ALLAN
7757,2/21/2022,181212,2022,15,400,1,ALLAN
7757,1/20/2021,177272,2021,15,200,1,ALLAN
7757,2/14/2020,175325,2020,15,200,1,ALLAN
7757,3/18/2019,171697,2019,15,200,1,ALLAN
7757,2/26/2018,168180,2018,15,200,1,ALLAN
7757,3/15/2017,164578,2017,15,200,1,ALLAN
7757,3/28/2016,161323,2016,15,200,1,ALLAN
7757,3/31/2015,157758,2015,15,200,1,ALLAN
7757,2/26/2015,157094,2014,15,200,1,ALLAN
7757,3/6/2014,152776,2013,15,200,1,ALLAN
7760,2/26/2015,157094,2014,15,200,1,ALLAN
7760,3/6/2014,152776,2013,15,200,1,ALLAN
7771,2/21/2022,181212,2022,15,400,1,ALLAN
7771,1/20/2021,177272,2021,15,200,1,ALLAN
7771,2/14/2020,175325,2020,15,200,1,ALLAN
7771,3/18/2019,171697,2019,15,200,1,ALLAN
7771,2/26/2018,168180,2018,15,200,1,ALLAN
7771,3/15/2017,164578,2017,15,200,1,ALLAN
7771,3/28/2016,161323,2016,15,200,1,ALLAN
7771,3/31/2015,157758,2015,15,200,1,ALLAN
7771,2/26/2015,157094,2014,15,200,1,ALLAN
7771,3/6/2014,152776,2013,15,200,1,ALLAN
7779,3/28/2016,161323,2016,15,200,1,ALLAN
7779,3/31/2015,157758,2015,15,200,1,ALLAN
7779,2/26/2015,157094,2014,15,200,1,ALLAN
7779,3/6/2014,152776,2013,15,200,1,ALLAN
7804,3/28/2016,161323,2016,15,200,1,ALLAN
7804,3/31/2015,157758,2015,15,200,1,ALLAN
7804,2/26/2015,157094,2014,15,200,1,ALLAN
7804,3/6/2014,152776,2013,15,200,1,ALLAN
7818,3/28/2025,434,2025,15,2600,1,ALLAN
7818,2/14/2024,193859,2024,15,2600,1,ALLAN
7818,2/7/2023,187280,2023,15,2500,1,ALLAN
7818,2/21/2022,181212,2022,15,2500,1,ALLAN
7818,1/20/2021,177272,2021,15,1725,1,ALLAN
7818,2/14/2020,175325,2020,15,1725,1,ALLAN
7818,3/18/2019,171697,2019,15,1725,1,ALLAN
7818,2/26/2018,168180,2018,15,1725,1,ALLAN
7818,3/15/2017,164578,2017,15,1875,1,ALLAN
7818,3/28/2016,161323,2016,15,1875,1,ALLAN
7818,3/9/2015,157286,2015,15,1875,1,CECILLE
7818,2/26/2015,157094,2014,15,300,1,ALLAN
7818,1/30/2014,152293,2014,15,1425,1,CECILLE
7818,3/6/2014,152776,2013,15,1425,1,ALLAN
7850,3/28/2025,434,2025,15,2600,1,ALLAN
7850,2/14/2024,193859,2024,15,2600,1,ALLAN
7850,2/7/2023,187280,2023,15,2500,1,ALLAN
7850,2/21/2022,181212,2022,15,2500,1,ALLAN
7850,1/20/2021,177272,2021,15,1725,1,ALLAN
7850,2/14/2020,175325,2020,15,1725,1,ALLAN
7850,3/18/2019,171697,2019,15,1725,1,ALLAN
7850,2/26/2018,168180,2018,15,1725,1,ALLAN
7850,3/15/2017,164578,2017,15,1875,1,ALLAN
7850,3/28/2016,161323,2016,15,1875,1,ALLAN
7850,3/28/2016,161323,2015,15,1875,1,ALLAN
7915,3/28/2025,434,2025,15,2600,1,ALLAN
7915,2/14/2024,193859,2024,15,2600,1,ALLAN
7915,2/7/2023,187280,2023,15,2500,1,ALLAN
7915,2/21/2022,181212,2022,15,2500,1,ALLAN
7915,1/20/2021,177272,2021,15,1725,1,ALLAN
7915,2/3/2020,175114,2020,15,1725,1,CECILLE
7915,3/18/2019,171697,2019,15,1725,1,ALLAN
7915,1/19/2018,167708,2018,15,1725,1,ALLAN
7915,2/3/2017,163968,2017,15,1875,1,CECILLE
7915,2/5/2016,160628,2016,15,1875,1,CECILLE
7915,1/27/2015,156640,2015,15,1875,1,CECILLE
7915,2/26/2015,157094,2014,15,300,1,ALLAN
7915,1/30/2014,152293,2014,15,1425,1,CECILLE
7915,12/27/2013,13-371,2013,15,1425,1,ALLAN
7927,3/28/2025,434,2025,15,400,1,ALLAN
7927,2/14/2024,193859,2024,15,400,1,ALLAN
7927,2/7/2023,187280,2023,15,400,1,ALLAN
7927,2/21/2022,181212,2022,15,400,1,ALLAN
7927,1/20/2021,177272,2021,15,200,1,ALLAN
7927,1/20/2021,177272,2020,15,200,1,ALLAN
7927,3/28/2016,161323,2016,15,200,1,ALLAN
7927,3/31/2015,157758,2015,15,200,1,ALLAN
7927,2/26/2015,157094,2014,15,200,1,ALLAN
7927,3/6/2014,152776,2013,15,200,1,ALLAN
7939,3/28/2025,434,2025,15,400,1,ALLAN
7939,2/14/2024,193859,2024,15,400,1,ALLAN
7939,2/7/2023,187280,2023,15,400,1,ALLAN
7939,2/21/2022,181212,2022,15,400,1,ALLAN
7939,1/20/2021,177272,2021,15,200,1,ALLAN
7939,2/14/2020,175325,2020,15,200,1,ALLAN
7939,3/18/2019,171697,2019,15,200,1,ALLAN
7939,2/26/2018,168180,2018,15,200,1,ALLAN
7939,3/15/2017,164578,2017,15,200,1,ALLAN
7939,3/28/2016,161323,2016,15,200,1,ALLAN
7939,3/31/2015,157758,2015,15,200,1,ALLAN
7939,2/26/2015,157094,2014,15,200,1,ALLAN
7939,3/6/2014,152776,2013,15,200,1,ALLAN
7955,3/28/2025,434,2025,15,2600,1,ALLAN
7955,2/14/2024,193859,2024,15,2600,1,ALLAN
7955,2/7/2023,187280,2023,15,2500,1,ALLAN
7955,2/21/2022,181212,2022,15,2500,1,ALLAN
7955,1/20/2021,177272,2021,15,1725,1,ALLAN
7955,2/14/2020,175325,2020,15,1725,1,ALLAN
7955,3/18/2019,171697,2019,15,1725,1,ALLAN
7955,2/26/2018,168180,2018,15,1725,1,ALLAN
7955,3/15/2017,164578,2017,15,1875,1,ALLAN
7955,3/28/2016,161323,2016,15,1875,1,ALLAN
7955,3/31/2015,157758,2015,15,1875,1,ALLAN
7955,2/26/2015,157094,2014,15,1725,1,ALLAN
7955,3/6/2014,152776,2013,15,1425,1,ALLAN
7962,3/28/2016,161323,2016,15,1875,1,ALLAN
7962,3/31/2015,157758,2015,15,1875,1,ALLAN
7962,2/26/2015,157094,2014,15,1725,1,ALLAN
7962,8/1/2013,144163,2013,15,1425,1,CECILLE
7977,3/28/2016,161323,2016,15,200,1,ALLAN
7977,3/31/2015,157758,2015,15,200,1,ALLAN
7977,2/26/2015,157094,2014,15,200,1,ALLAN
7977,3/6/2014,152776,2013,15,200,1,ALLAN
7989,3/28/2025,434,2025,15,400,1,ALLAN
7989,2/14/2024,193859,2024,15,400,1,ALLAN
7989,2/7/2023,187280,2023,15,400,1,ALLAN
7989,2/21/2022,181212,2022,15,400,1,ALLAN
7989,1/20/2021,177272,2021,15,200,1,ALLAN
7989,2/14/2020,175325,2020,15,200,1,ALLAN
7989,3/18/2019,171697,2019,15,200,1,ALLAN
7989,2/26/2018,168180,2018,15,200,1,ALLAN
7989,3/15/2017,164578,2017,15,200,1,ALLAN
7989,3/28/2016,161323,2016,15,200,1,ALLAN
7989,3/31/2015,157758,2015,15,200,1,ALLAN
7989,2/26/2015,157094,2014,15,200,1,ALLAN
7989,3/6/2014,152776,2013,15,200,1,ALLAN
8009,3/28/2016,161323,2016,15,200,1,ALLAN
8009,3/31/2015,157758,2015,15,200,1,ALLAN
8009,2/26/2015,157094,2014,15,200,1,ALLAN
8009,3/6/2014,152776,2013,15,200,1,ALLAN
8035,3/28/2025,434,2025,15,400,1,ALLAN
8035,2/14/2024,193859,2024,15,400,1,ALLAN
8035,2/7/2023,187280,2023,15,400,1,ALLAN
8035,2/21/2022,181212,2022,15,400,1,ALLAN
8035,1/20/2021,177272,2021,15,200,1,ALLAN
8035,2/14/2020,175325,2020,15,1725,1,ALLAN
8035,3/18/2019,171697,2019,15,1725,1,ALLAN
8035,2/26/2018,168180,2018,15,1725,1,ALLAN
8035,3/15/2017,164578,2017,15,1875,1,ALLAN
8035,3/28/2016,161323,2016,15,1875,1,ALLAN
8035,3/31/2015,157758,2015,15,1875,1,ALLAN
8035,2/26/2015,157094,2014,15,1725,1,ALLAN
8035,3/6/2014,152776,2013,15,1425,1,ALLAN
8040,3/28/2025,434,2025,15,400,1,ALLAN
8040,2/14/2024,193859,2024,15,400,1,ALLAN
8040,2/7/2023,187280,2023,15,400,1,ALLAN
8040,2/21/2022,181212,2022,15,400,1,ALLAN
8040,1/20/2021,177272,2021,15,200,1,ALLAN
8040,2/14/2020,175325,2020,15,200,1,ALLAN
8040,3/18/2019,171697,2019,15,200,1,ALLAN
8040,2/26/2018,168180,2018,15,200,1,ALLAN
8040,3/15/2017,164578,2017,15,200,1,ALLAN
8040,3/28/2016,161323,2016,15,200,1,ALLAN
8040,3/31/2015,157758,2015,15,200,1,ALLAN
8040,2/26/2015,157094,2014,15,200,1,ALLAN
8040,3/6/2014,152776,2013,15,200,1,ALLAN
8050,3/28/2025,434,2025,15,2600,1,ALLAN
8050,2/14/2024,193859,2024,15,2600,1,ALLAN
8050,2/7/2023,187280,2023,15,2500,1,ALLAN
8050,2/21/2022,181212,2022,15,2500,1,ALLAN
8050,1/20/2021,177272,2021,15,1725,1,ALLAN
8050,2/14/2020,175325,2020,15,1725,1,ALLAN
8050,3/18/2019,171697,2019,15,1725,1,ALLAN
8050,2/26/2018,168180,2018,15,1725,1,ALLAN
8050,3/15/2017,164578,2017,15,1875,1,ALLAN
8050,3/28/2016,161323,2016,15,1875,1,ALLAN
8050,3/9/2015,157286,2015,15,1875,1,CECILLE
8050,3/5/2014,152739,2014,15,1425,1,CECILLE
8050,3/5/2014,152739,1991,15,276,1,CECILLE
8060,8/27/2014,154882,2014,15,1725,1,CECILLE
8060,8/27/2014,154882,1991,15,276,1,CECILLE
8065,3/28/2025,434,2025,15,400,1,ALLAN
8065,2/14/2024,193859,2024,15,400,1,ALLAN
8065,2/7/2023,187280,2023,15,400,1,ALLAN
8065,2/21/2022,181212,2022,15,400,1,ALLAN
8065,1/20/2021,177272,2021,15,200,1,ALLAN
8065,2/14/2020,175325,2020,15,200,1,ALLAN
8065,3/18/2019,171697,2019,15,200,1,ALLAN
8065,2/26/2018,168180,2018,15,200,1,ALLAN
8065,3/15/2017,164578,2017,15,200,1,ALLAN
8065,3/28/2016,161323,2016,15,200,1,ALLAN
8065,3/31/2015,157758,2015,15,200,1,ALLAN
8065,2/26/2015,157094,2014,15,200,1,ALLAN
8065,3/6/2014,152776,2013,15,200,1,ALLAN
8069,3/28/2016,161323,2016,15,200,1,ALLAN
8069,3/31/2015,157758,2015,15,200,1,ALLAN
8069,2/26/2015,157094,2014,15,200,1,ALLAN
8069,3/6/2014,152776,2013,15,200,1,ALLAN
8071,3/28/2025,434,2025,15,2600,1,ALLAN
8071,2/14/2024,193859,2024,15,2600,1,ALLAN
8071,2/7/2023,187280,2023,15,2500,1,ALLAN
8071,2/21/2022,181212,2022,15,2500,1,ALLAN
8071,1/20/2021,177272,2021,15,1725,1,ALLAN
8071,2/14/2020,175325,2020,15,1725,1,ALLAN
8071,3/18/2019,171697,2019,15,1725,1,ALLAN
8071,2/26/2018,168180,2018,15,1725,1,ALLAN
8071,3/15/2017,164578,2017,15,1875,1,ALLAN
8071,3/28/2016,161323,2016,15,1875,1,ALLAN
8071,3/31/2015,157758,2015,15,1875,1,ALLAN
8071,2/26/2015,157094,2014,15,1725,1,ALLAN
8071,3/6/2014,152776,2013,15,1425,1,ALLAN
8075,3/28/2025,434,2025,15,2600,1,ALLAN
8075,2/14/2024,193859,2024,15,2600,1,ALLAN
8075,2/7/2023,187280,2023,15,2500,1,ALLAN
8075,2/21/2022,181212,2022,15,2500,1,ALLAN
8075,1/20/2021,177272,2021,15,1725,1,ALLAN
8075,2/14/2020,175325,2020,15,1725,1,ALLAN
8075,3/18/2019,171697,2019,15,1725,1,ALLAN
8075,3/18/2019,171697,2018,15,1725,1,ALLAN
8075,3/18/2019,171697,2001,15,835,1,ALLAN
8078,3/28/2025,434,2025,15,400,1,ALLAN
8078,2/14/2024,193859,2024,15,400,1,ALLAN
8078,2/7/2023,187280,2023,15,400,1,ALLAN
8078,2/21/2022,181212,2022,15,400,1,ALLAN
8078,1/20/2021,177272,2021,15,200,1,ALLAN
8078,2/14/2020,175325,2020,15,200,1,ALLAN
8078,3/18/2019,171697,2019,15,200,1,ALLAN
8078,2/26/2018,168180,2018,15,200,1,ALLAN
8078,3/15/2017,164578,2017,15,200,1,ALLAN
8078,3/28/2016,161323,2016,15,200,1,ALLAN
8078,3/31/2015,157758,2015,15,200,1,ALLAN
8078,2/26/2015,157094,2014,15,200,1,ALLAN
8078,3/6/2014,152776,2013,15,200,1,ALLAN
8092,3/28/2016,161323,2016,15,200,1,ALLAN
8092,3/31/2015,157758,2015,15,200,1,ALLAN
8092,2/26/2015,157094,2014,15,200,1,ALLAN
8092,3/6/2014,152776,2013,15,200,1,ALLAN
8093,2/7/2023,187280,2023,15,2500,1,ALLAN
8093,2/21/2022,181212,2022,15,2500,1,ALLAN
8093,1/20/2021,177272,2021,15,1725,1,ALLAN
8093,2/14/2020,175325,2020,15,1725,1,ALLAN
8093,3/18/2019,171697,2019,15,1725,1,ALLAN
8093,2/26/2018,168180,2018,15,1725,1,ALLAN
8093,3/15/2017,164578,2017,15,1875,1,ALLAN
8093,3/28/2016,161323,2016,15,1875,1,ALLAN
8093,3/31/2015,157758,2015,15,1875,1,ALLAN
8093,2/26/2015,157094,2014,15,1725,1,ALLAN
8093,9/19/2013,144775,2013,15,1425,1,CECILLE
8101,3/28/2025,434,2025,15,2600,1,ALLAN
8101,2/14/2024,193859,2024,15,2600,1,ALLAN
8101,2/7/2023,187280,2023,15,2500,1,ALLAN
8101,2/21/2022,181212,2022,15,2500,1,ALLAN
8101,1/20/2021,177272,2021,15,1725,1,ALLAN
8101,2/3/2020,175114,2020,15,1725,1,CECILLE
8101,3/18/2019,171697,2019,15,1725,1,ALLAN
8101,2/26/2018,168180,2018,15,1725,1,ALLAN
8101,3/15/2017,164578,2017,15,1875,1,ALLAN
8101,3/28/2016,161323,2016,15,1875,1,ALLAN
8101,3/31/2015,157758,2015,15,1875,1,ALLAN
8101,5/9/2014,153796,2014,15,1725,1,ALLAN
8101,6/28/2013,13-086,2013,15,1425,1,ALLAN
8108,3/28/2025,434,2025,15,400,1,ALLAN
8108,2/14/2024,193859,2024,15,400,1,ALLAN
8108,2/7/2023,187280,2023,15,400,1,ALLAN
8108,2/21/2022,181212,2022,15,400,1,ALLAN
8108,1/20/2021,177272,2021,15,200,1,ALLAN
8108,2/14/2020,175325,2020,15,200,1,ALLAN
8108,3/18/2019,171697,2019,15,200,1,ALLAN
8108,3/18/2019,171697,2018,15,200,1,ALLAN
8108,3/28/2016,161323,2016,15,200,1,ALLAN
8108,3/31/2015,157758,2015,15,200,1,ALLAN
8108,2/26/2015,157094,2014,15,200,1,ALLAN
8108,3/6/2014,152776,2013,15,200,1,ALLAN
8111,3/28/2025,434,2025,15,2600,1,ALLAN
8111,2/14/2024,193859,2024,15,2600,1,ALLAN
8111,2/7/2023,187280,2023,15,2500,1,ALLAN
8111,2/21/2022,181212,2022,15,2500,1,ALLAN
8111,1/20/2021,177272,2021,15,1725,1,ALLAN
8111,2/14/2020,175325,2020,15,1725,1,ALLAN
8111,3/18/2019,171697,2019,15,1725,1,ALLAN
8111,2/26/2018,168180,2018,15,1725,1,ALLAN
8111,3/15/2017,164578,2017,15,1875,1,ALLAN
8111,2/5/2016,160628,2016,15,1875,1,CECILLE
8111,3/31/2015,157758,2015,15,1875,1,ALLAN
8111,2/27/2015,14-474,2014,15,1725,1,ALLAN
8111,4/17/2013,142901,2013,15,1425,1,ALLAN
8154,3/28/2025,434,2025,15,400,1,ALLAN
8154,2/14/2024,193859,2024,15,400,1,ALLAN
8154,2/7/2023,187280,2023,15,400,1,ALLAN
8154,2/21/2022,181212,2022,15,400,1,ALLAN
8154,1/20/2021,177272,2021,15,200,1,ALLAN
8154,2/14/2020,175325,2020,15,200,1,ALLAN
8154,3/18/2019,171697,2019,15,200,1,ALLAN
8154,2/26/2018,168180,2018,15,200,1,ALLAN
8154,3/15/2017,164578,2017,15,200,1,ALLAN
8154,3/28/2016,161323,2016,15,200,1,ALLAN
8154,3/31/2015,157758,2015,15,200,1,ALLAN
8154,2/26/2015,157094,2014,15,200,1,ALLAN
8154,3/6/2014,152776,2013,15,200,1,ALLAN
8160,3/28/2025,434,2025,15,2600,1,ALLAN
8160,2/14/2024,193859,2024,15,2600,1,ALLAN
8160,2/7/2023,187280,2023,15,2500,1,ALLAN
8160,2/21/2022,181212,2022,15,2500,1,ALLAN
8160,1/20/2021,177272,2021,15,1725,1,ALLAN
8160,2/14/2020,175325,2020,15,1725,1,ALLAN
8160,3/18/2019,171697,2019,15,1725,1,ALLAN
8160,12/12/2017,167043,2018,15,1725,1,CECILLE
8160,2/20/2017,164136,2017,15,1875,1,CECILLE
8160,2/5/2016,160628,2016,15,1875,1,CECILLE
8160,3/31/2015,157758,2015,15,1875,1,ALLAN
8160,2/26/2015,157094,2014,15,1725,1,ALLAN
8160,2/4/2014,152348,2013,15,1425,1,CECILLE
8161,3/28/2025,434,2025,15,2600,1,ALLAN
8161,2/14/2024,193859,2024,15,2600,1,ALLAN
8161,2/7/2023,187280,2023,15,2500,1,ALLAN
8161,2/21/2022,181212,2022,15,2500,1,ALLAN
8161,1/20/2021,177272,2021,15,1725,1,ALLAN
8161,2/14/2020,175325,2020,15,1725,1,ALLAN
8161,3/18/2019,171697,2019,15,1725,1,ALLAN
8161,2/26/2018,168180,2018,15,1725,1,ALLAN
8161,3/15/2017,164578,2017,15,1875,1,ALLAN
8161,2/5/2016,160628,2016,15,1875,1,CECILLE
8161,3/31/2015,157758,2015,15,1875,1,ALLAN
8161,2/26/2015,157094,2014,15,1725,1,ALLAN
8161,11/7/2013,151052,2013,15,1425,1,CECILLE
8162,3/28/2025,434,2025,15,2600,1,ALLAN
8162,2/14/2024,193859,2024,15,2600,1,ALLAN
8162,2/7/2023,187280,2023,15,2500,1,ALLAN
8162,2/21/2022,181212,2022,15,2500,1,ALLAN
8162,1/20/2021,177272,2021,15,1725,1,ALLAN
8162,2/14/2020,175325,2020,15,1725,1,ALLAN
8162,3/18/2019,171697,2019,15,1725,1,ALLAN
8162,2/26/2018,168180,2018,15,1725,1,ALLAN
8162,3/15/2017,164578,2017,15,1875,1,ALLAN
8162,2/5/2016,160628,2016,15,1875,1,CECILLE
8162,3/31/2015,157758,2015,15,1875,1,ALLAN
8162,2/26/2015,157094,2014,15,1725,1,ALLAN
8162,2/4/2014,152348,2013,15,1425,1,CECILLE
8165,3/28/2025,434,2025,15,2600,1,ALLAN
8165,2/14/2024,193859,2024,15,2600,1,ALLAN
8165,2/7/2023,187280,2023,15,2500,1,ALLAN
8165,2/21/2022,181212,2022,15,2500,1,ALLAN
8165,1/20/2021,177272,2021,15,1725,1,ALLAN
8165,2/14/2020,175325,2020,15,1725,1,ALLAN
8165,3/18/2019,171697,2019,15,1725,1,ALLAN
8165,2/26/2018,168180,2018,15,1725,1,ALLAN
8165,3/13/2018,168410,2017,15,1875,1,ALLAN
8165,3/13/2018,168410,1984,15,108,1,ALLAN
8178,3/28/2016,161323,2016,15,200,1,ALLAN
8178,3/31/2015,157758,2015,15,200,1,ALLAN
8178,2/26/2015,157094,2014,15,200,1,ALLAN
8178,3/6/2014,152776,2013,15,200,1,ALLAN
8179,3/28/2016,161323,2016,15,200,1,ALLAN
8179,3/31/2015,157758,2015,15,200,1,ALLAN
8179,2/26/2015,157094,2014,15,200,1,ALLAN
8179,3/6/2014,152776,2013,15,200,1,ALLAN
8233,3/28/2016,161323,2016,15,1875,1,ALLAN
8233,3/31/2015,157758,2015,15,1875,1,ALLAN
8233,2/26/2015,157094,2014,15,1725,1,ALLAN
8233,3/6/2014,152776,2013,15,1425,1,ALLAN
8238,3/28/2025,434,2025,15,2600,1,ALLAN
8238,2/14/2024,193859,2024,15,2600,1,ALLAN
8238,2/7/2023,187280,2023,15,2500,1,ALLAN
8238,2/21/2022,181212,2022,15,2500,1,ALLAN
8238,1/20/2021,177272,2021,15,1725,1,ALLAN
8238,2/14/2020,175325,2020,15,1725,1,ALLAN
8238,3/18/2019,171697,2019,15,1725,1,ALLAN
8238,2/26/2018,168180,2018,15,1725,1,ALLAN
8238,3/15/2017,164578,2017,15,1875,1,ALLAN
8238,3/28/2016,161323,2016,15,1875,1,ALLAN
8238,3/31/2015,157758,2015,15,1875,1,ALLAN
8238,2/26/2015,157094,2014,15,1725,1,ALLAN
8238,3/6/2014,152776,2013,15,1425,1,ALLAN
8286,3/28/2025,434,2025,15,2600,1,ALLAN
8286,2/14/2024,193859,2024,15,2600,1,ALLAN
8286,2/7/2023,187280,2023,15,2500,1,ALLAN
8286,2/21/2022,181212,2022,15,2500,1,ALLAN
8286,1/20/2021,177272,2021,15,1725,1,ALLAN
8286,2/14/2020,175325,2020,15,1725,1,ALLAN
8286,3/18/2019,171697,2019,15,1725,1,ALLAN
8286,2/26/2018,168180,2018,15,1725,1,ALLAN
8286,3/15/2017,164578,2017,15,1875,1,ALLAN
8286,3/28/2016,161323,2016,15,1875,1,ALLAN
8286,3/31/2015,157758,2015,15,1875,1,ALLAN
8286,2/26/2015,157094,2014,15,1725,1,ALLAN
8286,3/6/2014,152776,2013,15,1425,1,ALLAN
8311,3/28/2016,161323,2016,15,200,1,ALLAN
8311,3/31/2015,157758,2015,15,200,1,ALLAN
8311,2/26/2015,157094,2014,15,200,1,ALLAN
8311,3/6/2014,152776,2013,15,200,1,ALLAN
8325,3/28/2025,434,2025,15,400,1,ALLAN
8325,2/14/2024,193859,2024,15,400,1,ALLAN
8325,2/7/2023,187280,2023,15,400,1,ALLAN
8325,2/21/2022,181212,2022,15,400,1,ALLAN
8325,1/20/2021,177272,2021,15,200,1,ALLAN
8325,2/14/2020,175325,2020,15,200,1,ALLAN
8325,3/18/2019,171697,2019,15,200,1,ALLAN
8325,2/26/2018,168180,2018,15,200,1,ALLAN
8325,3/15/2017,164578,2017,15,200,1,ALLAN
8325,3/28/2016,161323,2016,15,200,1,ALLAN
8325,3/31/2015,157758,2015,15,200,1,ALLAN
8325,2/26/2015,157094,2014,15,200,1,ALLAN
8325,3/6/2014,152776,2013,15,200,1,ALLAN
8351,3/28/2025,434,2025,15,400,1,ALLAN
8351,2/14/2024,193859,2024,15,400,1,ALLAN
8351,2/7/2023,187280,2023,15,400,1,ALLAN
8351,2/21/2022,181212,2022,15,400,1,ALLAN
8351,1/20/2021,177272,2021,15,200,1,ALLAN
8351,2/14/2020,175325,2020,15,200,1,ALLAN
8351,3/18/2019,171697,2019,15,200,1,ALLAN
8351,2/26/2018,168180,2018,15,200,1,ALLAN
8351,3/15/2017,164578,2017,15,200,1,ALLAN
8351,3/28/2016,161323,2016,15,200,1,ALLAN
8351,3/31/2015,157758,2015,15,200,1,ALLAN
8351,2/26/2015,157094,2014,15,200,1,ALLAN
8351,3/6/2014,152776,2013,15,200,1,ALLAN
8352,3/28/2025,434,2025,15,2600,1,ALLAN
8352,2/14/2024,193859,2024,15,2600,1,ALLAN
8352,2/7/2023,187280,2023,15,2500,1,ALLAN
8352,2/21/2022,181212,2022,15,2500,1,ALLAN
8352,1/20/2021,177272,2021,15,1725,1,ALLAN
8352,2/14/2020,175325,2020,15,1725,1,ALLAN
8352,3/18/2019,171697,2019,15,1725,1,ALLAN
8352,2/26/2018,168180,2018,15,1725,1,ALLAN
8352,3/15/2017,164578,2017,15,1875,1,ALLAN
8352,2/5/2016,160630,2016,15,1875,1,ALLAN
8352,3/31/2015,157758,2015,15,1875,1,ALLAN
8352,2/26/2015,157094,2014,15,300,1,ALLAN
8352,1/8/2014,151933,2014,15,1425,1,CECILLE
8352,8/1/2013,144162,2013,15,1425,1,CECILLE
8352,8/1/2013,144162,2007,15,935,1,CECILLE
8365,3/28/2016,161323,2016,15,200,1,ALLAN
8365,3/31/2015,157758,2015,15,200,1,ALLAN
8365,2/26/2015,157094,2014,15,200,1,ALLAN
8365,3/6/2014,152776,2013,15,200,1,ALLAN
9717,2/22/2022,181252,2022,31,2500,1,ALLAN
9717,2/17/2021,177790,2021,31,1725,1,ALLAN
9717,1/30/2020,175050,2020,31,1725,1,ALLAN
9717,1/7/2019,170659,2019,31,1725,1,ALLAN
9717,1/11/2018,167533,2018,31,1725,1,ALLAN
9717,1/5/2017,163486,2017,31,1875,1,ALLAN
9717,3/30/2016,161338,2016,31,1875,1,ALLAN
9717,4/1/2015,157799,2015,31,1875,1,ALLAN
9717,11/19/2014,155880,2014,31,1725,1,ALLAN
9717,11/7/2013,151060,2013,31,1425,1,CECILLE
12332,11/19/2024,198847,2025,31,2600,1,ALLAN
12332,7/25/2024,196931,2024,31,2600,1,ALLAN
12332,7/25/2024,196931,1997,31,495,1,ALLAN
12445,11/19/2024,198847,2025,31,2600,1,ALLAN
12445,1/25/2024,193344,2024,31,2600,1,ALLAN
12445,2/17/2023,187523,2023,31,2500,1,ALLAN
12445,2/22/2022,181252,2022,31,2500,1,ALLAN
12445,2/17/2021,177790,2021,31,1725,1,ALLAN
12445,1/30/2020,175050,2020,31,1725,1,ALLAN
12445,1/7/2019,170659,2019,31,1725,1,ALLAN
12445,1/11/2018,167533,2018,31,1725,1,ALLAN
12445,1/5/2017,163486,2017,31,1875,1,ALLAN
12445,3/30/2016,161338,2016,31,1875,1,ALLAN
12445,4/1/2015,157799,2015,31,1875,1,ALLAN
12445,12/3/2014,156020,2014,31,1725,1,ALLAN
12445,4/14/2014,153449,2013,31,1425,1,CECILLE
12455,3/30/2016,161338,2016,31,1875,1,ALLAN
12455,1/26/2015,156621,2015,31,1875,1,CECILLE
12455,1/26/2015,156621,2005,31,885,1,CECILLE
12485,11/19/2024,198847,2025,31,2600,1,ALLAN
12485,1/25/2024,193344,2024,31,2600,1,ALLAN
12485,2/17/2023,187523,2023,31,2500,1,ALLAN
12485,2/22/2022,181252,2022,31,2500,1,ALLAN
12485,2/17/2021,177790,2021,31,1725,1,ALLAN
12485,1/30/2020,175050,2020,31,1725,1,ALLAN
12485,1/7/2019,170659,2019,31,1725,1,ALLAN
12485,1/11/2018,167533,2018,31,1725,1,ALLAN
12485,1/5/2017,163486,2017,31,1875,1,ALLAN
12485,3/30/2016,161338,2016,31,1875,1,ALLAN
12485,4/1/2015,157799,2015,31,1875,1,ALLAN
12485,10/1/2014,155270,2014,31,1725,1,CECILLE
12485,6/28/2013,13-090,2013,31,1425,1,ALLAN
12563,4/11/2023,23-003,2023,31,400,1,ALLAN
12563,2/22/2022,181252,2022,31,400,1,ALLAN
12563,2/17/2021,177790,2021,31,200,1,ALLAN
12563,1/30/2020,175050,2020,31,200,1,ALLAN
12563,1/7/2019,170659,2019,31,200,1,ALLAN
12563,1/11/2018,167533,2018,31,200,1,ALLAN
12563,1/5/2017,163486,2017,31,200,1,ALLAN
12563,3/30/2016,161338,2016,31,200,1,ALLAN
12563,4/14/2014,153449,2013,31,200,1,CECILLE
12565,4/14/2014,153449,2013,31,1425,1,CECILLE
12572,11/19/2024,198847,2025,31,2600,1,ALLAN
12572,1/25/2024,193344,2024,31,2600,1,ALLAN
12572,2/17/2023,187523,2023,31,2500,1,ALLAN
12572,2/22/2022,181252,2022,31,2500,1,ALLAN
12572,2/17/2021,177790,2021,31,1725,1,ALLAN
12572,1/30/2020,175050,2020,31,1725,1,ALLAN
12572,1/7/2019,170659,2019,31,1725,1,ALLAN
12572,1/11/2018,167533,2018,31,1725,1,ALLAN
12572,1/5/2017,163486,2017,31,1875,1,ALLAN
12572,10/29/2015,15-297,2016,31,1875,1,ALLAN
12572,4/1/2015,157799,2015,31,1875,1,ALLAN
12572,9/3/2014,154963,2014,31,1725,1,CECILLE
12572,4/11/2013,142761,2013,31,1425,1,ALLAN
12976,11/19/2024,198847,2025,31,2600,1,ALLAN
12976,1/25/2024,193344,2024,31,2600,1,ALLAN
12976,2/17/2023,187523,2023,31,2500,1,ALLAN
12976,2/22/2022,181252,2022,31,2500,1,ALLAN
12976,2/17/2021,177790,2021,31,1725,1,ALLAN
12976,1/30/2020,175050,2020,31,1725,1,ALLAN
12976,1/7/2019,170659,2019,31,1725,1,ALLAN
12976,1/11/2018,167533,2018,31,1725,1,ALLAN
12976,7/21/2017,165592,2017,31,1875,1,CECILLE
12976,7/21/2017,165592,2001,31,835,1,CECILLE
13010,11/19/2024,198847,2025,31,2600,1,ALLAN
13010,1/25/2024,193344,2024,31,2600,1,ALLAN
13010,2/17/2023,187523,2023,31,2500,1,ALLAN
13010,2/22/2022,181252,2022,31,2500,1,ALLAN
13010,2/17/2021,177790,2021,31,1725,1,ALLAN
13010,1/30/2020,175050,2020,31,1725,1,ALLAN
13010,1/7/2019,170659,2019,31,1725,1,ALLAN
13010,11/20/2017,166630,2018,31,1725,1,ALLAN
13010,1/5/2017,163486,2017,31,1875,1,ALLAN
13010,3/30/2016,161338,2016,31,1875,1,ALLAN
13010,4/1/2015,157799,2015,31,1875,1,ALLAN
13010,3/31/2015,157729,2014,31,300,1,ALLAN
13010,3/28/2014,153203,2014,31,1425,1,CECILLE
13010,3/28/2014,153203,2008,31,1125,1,CECILLE
13034,11/19/2024,198847,2025,31,2600,1,ALLAN
13034,1/25/2024,193344,2024,31,2600,1,ALLAN
13034,2/17/2023,187523,2023,31,2500,1,ALLAN
13034,2/22/2022,181252,2022,31,2500,1,ALLAN
13034,2/17/2021,177790,2021,31,1725,1,ALLAN
13034,1/30/2020,175050,2020,31,1725,1,ALLAN
13034,1/7/2019,170659,2019,31,1725,1,ALLAN
13034,1/11/2018,167533,2018,31,1725,1,ALLAN
13034,1/5/2017,163486,2017,31,1875,1,ALLAN
13034,3/30/2016,161338,2016,31,1875,1,ALLAN
13034,4/1/2015,157799,2015,31,1875,1,ALLAN
13034,3/31/2015,157729,2014,31,300,1,ALLAN
13034,3/28/2014,153203,2014,31,1425,1,CECILLE
13034,3/28/2014,153203,2011,31,1125,1,CECILLE
13063,2/22/2022,181252,2022,31,2500,1,ALLAN
13063,2/17/2021,177790,2021,31,1725,1,ALLAN
13063,1/30/2020,175050,2020,31,1725,1,ALLAN
13063,1/7/2019,170659,2019,31,1725,1,ALLAN
13063,11/20/2017,166630,2018,31,1725,1,ALLAN
13063,1/5/2017,163486,2017,31,1875,1,ALLAN
13063,3/10/2016,161018,2016,31,1875,1,ALLAN
13063,1/26/2015,156623,2015,31,1875,1,ALLAN
13063,8/1/2014,154585,2014,31,1725,1,CECILLE
13063,9/30/2013,13-235,2013,31,1425,1,ALLAN
13066,11/19/2024,198847,2025,31,2600,1,ALLAN
13066,1/25/2024,193344,2024,31,2600,1,ALLAN
13066,2/17/2023,187523,2023,31,2500,1,ALLAN
13066,2/22/2022,181252,2022,31,2500,1,ALLAN
13066,2/17/2021,177790,2021,31,1725,1,ALLAN
13066,1/30/2020,175050,2020,31,1725,1,ALLAN
13066,1/7/2019,170659,2019,31,1725,1,ALLAN
13066,1/11/2018,167533,2018,31,1725,1,ALLAN
13066,3/27/2017,164746,2017,31,1875,1,ALLAN
13066,3/27/2017,164746,1993,31,401,1,ALLAN
13084,11/19/2024,198847,2025,31,400,1,ALLAN
13084,1/25/2024,193344,2024,31,400,1,ALLAN
13084,2/17/2023,187523,2023,31,400,1,ALLAN
13084,2/22/2022,181252,2022,31,400,1,ALLAN
13084,2/17/2021,177790,2021,31,200,1,ALLAN
13084,1/30/2020,175050,2020,31,200,1,ALLAN
13084,1/7/2019,170659,2019,31,200,1,ALLAN
13084,1/11/2018,167533,2018,31,200,1,ALLAN
13084,1/5/2017,163486,2017,31,200,1,ALLAN
13084,3/30/2016,161338,2016,31,200,1,ALLAN
13084,4/14/2014,153449,2013,31,200,1,CECILLE
13177,3/30/2016,161338,2016,31,1875,1,ALLAN
13177,4/1/2015,157799,2015,31,1875,1,ALLAN
13177,10/1/2014,155270,2014,31,1725,1,CECILLE
13177,10/1/2013,144890,2013,31,1425,1,ALLAN
13177,10/1/2013,144890,1997,31,495,1,ALLAN
13343,11/19/2024,198847,2025,31,2600,1,ALLAN
13343,1/25/2024,193344,2024,31,2600,1,ALLAN
13343,2/17/2023,187523,2023,31,2500,1,ALLAN
13343,2/22/2022,181252,2022,31,2500,1,ALLAN
13343,2/17/2021,177790,2021,31,1725,1,ALLAN
13343,1/30/2020,175050,2020,31,1725,1,ALLAN
13343,1/7/2019,170659,2019,31,1725,1,ALLAN
13343,1/11/2018,167533,2018,31,1725,1,ALLAN
13343,1/5/2017,163486,2017,31,1875,1,ALLAN
13343,3/30/2016,161338,2016,31,1875,1,ALLAN
13343,4/1/2015,157799,2015,31,1875,1,ALLAN
13343,10/1/2014,155270,2014,31,1725,1,CECILLE
13343,6/28/2013,13-090,2013,31,1425,1,ALLAN
13344,11/19/2024,198847,2025,31,2600,1,ALLAN
13344,1/25/2024,193344,2024,31,2600,1,ALLAN
13344,2/17/2023,187523,2023,31,2500,1,ALLAN
13344,2/22/2022,181252,2022,31,2500,1,ALLAN
13344,2/17/2021,177790,2021,31,1725,1,ALLAN
13344,1/30/2020,175050,2020,31,1725,1,ALLAN
13344,1/7/2019,170659,2019,31,1725,1,ALLAN
13344,1/11/2018,167533,2018,31,1725,1,ALLAN
13344,9/23/2016,16-198,2017,31,1875,1,ALLAN
13344,2/19/2016,160788,2016,31,1875,1,CECILLE
13344,3/2/2015,157154,2015,31,1875,1,CECILLE
13344,10/1/2014,155270,2014,31,1725,1,CECILLE
13344,6/28/2013,13-090,2013,31,1425,1,ALLAN
13437,11/19/2024,198847,2025,31,2600,1,ALLAN
13437,1/25/2024,193344,2024,31,2600,1,ALLAN
13437,2/17/2023,187523,2023,31,2500,1,ALLAN
13437,2/22/2022,181252,2022,31,2500,1,ALLAN
13437,2/17/2021,177790,2021,31,1725,1,ALLAN
13437,1/30/2020,175050,2020,31,1725,1,ALLAN
13437,1/7/2019,170659,2019,31,1725,1,ALLAN
13437,11/20/2017,166630,2018,31,1725,1,ALLAN
13437,4/24/2017,165005,2017,31,1875,1,ALLAN
13437,4/24/2017,165005,1988,31,202,1,ALLAN
13503,8/6/2025,2322,2025,31,2600,1,CECILLE
13503,8/6/2025,2322,1997,31,495,1,CECILLE
13526,11/19/2024,198847,2025,31,2600,1,ALLAN
13526,1/25/2024,193344,2024,31,2600,1,ALLAN
13526,2/17/2023,187523,2023,31,2500,1,ALLAN
13526,2/22/2022,181252,2022,31,2500,1,ALLAN
13526,2/17/2021,177790,2021,31,1725,1,ALLAN
13526,1/30/2020,175050,2020,31,1725,1,ALLAN
13526,1/7/2019,170659,2019,31,1725,1,ALLAN
13526,11/20/2017,166630,2018,31,1725,1,ALLAN
13526,1/5/2017,163486,2017,31,1875,1,ALLAN
13526,3/10/2016,161018,2016,31,1875,1,ALLAN
13526,3/2/2015,157154,2015,31,1875,1,CECILLE
13526,8/1/2014,154585,2014,31,1725,1,CECILLE
13526,4/11/2013,142761,2013,31,1425,1,ALLAN
13541,3/30/2016,161338,2016,31,200,1,ALLAN
13541,4/14/2014,153449,2013,31,200,1,CECILLE
13589,11/19/2024,198847,2025,31,400,1,ALLAN
13589,1/25/2024,193344,2024,31,400,1,ALLAN
13589,2/17/2023,187523,2023,31,400,1,ALLAN
13589,2/22/2022,181252,2022,31,400,1,ALLAN
13589,2/17/2021,177790,2021,31,200,1,ALLAN
13589,1/30/2020,175050,2020,31,200,1,ALLAN
13589,1/7/2019,170659,2019,31,200,1,ALLAN
13589,1/11/2018,167533,2018,31,200,1,ALLAN
13589,1/5/2017,163486,2017,31,200,1,ALLAN
13589,3/30/2016,161338,2016,31,200,1,ALLAN
13589,4/14/2014,153449,2013,31,200,1,CECILLE
13592,8/6/2025,2322,2026,31,2850,1,CECILLE
13592,11/19/2024,198847,2025,31,2600,1,ALLAN
13592,7/25/2024,196931,2024,31,2600,1,ALLAN
13592,7/25/2024,196931,2001,31,835,1,ALLAN
13684,11/19/2024,198847,2025,31,2600,1,ALLAN
13684,1/25/2024,193344,2024,31,2600,1,ALLAN
13684,2/17/2023,187523,2023,31,2500,1,ALLAN
13684,2/22/2022,181252,2022,31,2500,1,ALLAN
13684,2/17/2021,177790,2021,31,1725,1,ALLAN
13684,1/30/2020,175050,2020,31,1725,1,ALLAN
13684,1/7/2019,170659,2019,31,1725,1,ALLAN
13684,1/11/2018,167533,2018,31,1725,1,ALLAN
13684,1/5/2017,163486,2017,31,1875,1,ALLAN
13684,3/30/2016,161338,2016,31,1875,1,ALLAN
13684,1/26/2015,156621,2015,31,1875,1,CECILLE
13684,1/26/2015,156621,2008,31,1125,1,CECILLE
18445,1/15/2025,199617,2025,51,2600,1,ALLAN
18445,1/15/2024,192998,2024,51,2600,1,ALLAN
18445,1/19/2023,186866,2023,51,2500,1,ALLAN
18445,1/31/2022,180826,2022,51,2500,1,ALLAN
18445,4/26/2021,21-036,2021,51,1725,1,ALLAN
18445,1/14/2020,174589,2020,51,1725,1,ALLAN
18445,2/26/2019,171339,2019,51,1725,1,ALLAN
18445,3/7/2018,168289,2018,51,1725,1,ALLAN
18445,3/13/2017,164480,2017,51,1875,1,ALLAN
18445,2/10/2016,160667,2016,51,1875,1,CECILLE
18445,1/7/2015,156315,2015,51,1875,1,ALLAN
18445,1/7/2015,156315,2014,51,300,1,ALLAN
18445,2/11/2014,152437,2014,51,1425,1,ALLAN
18445,2/28/2014,13-478,2013,51,1425,1,ALLAN
18627,1/15/2025,199617,2025,51,400,1,ALLAN
18627,1/15/2024,192998,2024,51,400,1,ALLAN
18627,1/19/2023,186866,2023,51,400,1,ALLAN
18627,1/31/2022,180826,2022,51,400,1,ALLAN
18627,4/26/2021,21-036,2021,51,200,1,ALLAN
18627,1/14/2020,174589,2020,51,200,1,ALLAN
18627,2/26/2019,171339,2019,51,200,1,ALLAN
18627,3/7/2018,168289,2018,51,200,1,ALLAN
18627,3/13/2017,164480,2017,51,200,1,ALLAN
18627,2/10/2016,160667,2016,51,200,1,CECILLE
18627,3/30/2015,157657,2015,51,200,1,ALLAN
18627,1/7/2015,156315,2014,51,200,1,ALLAN
18627,6/28/2013,13-094,2013,51,200,1,ALLAN
21390,12/29/2022,186474,2023,69,400,1,ALLAN
21390,4/11/2022,22-007,2022,69,400,1,ALLAN
21390,4/26/2021,21-039,2021,69,200,1,ALLAN
21390,1/16/2020,174693,2020,69,200,1,ALLAN
21390,1/18/2019,170872,2019,69,200,1,ALLAN
21390,1/24/2018,167766,2018,69,200,1,ALLAN
21390,3/14/2017,164497,2017,69,200,1,ALLAN
21390,3/1/2016,160883,2016,69,200,1,ALLAN
21390,3/26/2015,157587,2015,69,200,1,ALLAN
21390,3/26/2015,157587,2014,69,200,1,ALLAN
21390,4/30/2014,14-019,2013,69,200,1,ALLAN
21400,1/20/2025,199746,2025,69,400,1,ALLAN
21400,1/31/2024,193512,2024,69,400,1,ALLAN
21400,12/29/2022,186474,2023,69,400,1,ALLAN
21400,4/11/2022,22-007,2022,69,400,1,ALLAN
21400,4/26/2021,21-039,2021,69,200,1,ALLAN
21400,1/16/2020,174693,2020,69,200,1,ALLAN
21400,1/18/2019,170872,2019,69,200,1,ALLAN
21400,1/24/2018,167766,2018,69,200,1,ALLAN
21400,3/14/2017,164497,2017,69,200,1,ALLAN
21400,3/1/2016,160883,2016,69,200,1,ALLAN
21400,3/26/2015,157587,2015,69,200,1,ALLAN
21400,3/26/2015,157587,2014,69,200,1,ALLAN
21400,4/30/2014,14-019,2013,69,200,1,ALLAN
21419,1/20/2025,199746,2025,69,400,1,ALLAN
21419,1/31/2024,193512,2024,69,400,1,ALLAN
21419,12/29/2022,186474,2023,69,400,1,ALLAN
21419,4/11/2022,22-007,2022,69,400,1,ALLAN
21419,4/26/2021,21-039,2021,69,200,1,ALLAN
21419,1/16/2020,174693,2020,69,200,1,ALLAN
21419,1/18/2019,170872,2019,69,200,1,ALLAN
21419,1/24/2018,167766,2018,69,200,1,ALLAN
21419,3/14/2017,164497,2017,69,200,1,ALLAN
21419,3/1/2016,160883,2016,69,200,1,ALLAN
21419,3/26/2015,157587,2015,69,200,1,ALLAN
21419,3/26/2015,157587,2014,69,200,1,ALLAN
21419,4/30/2014,14-019,2013,69,200,1,ALLAN
21420,4/26/2021,21-039,2021,69,1725,1,ALLAN
21420,2/26/2021,178052,2020,69,1725,1,ALLAN
21420,2/26/2021,178052,1996,69,421,1,ALLAN
21450,12/29/2022,186474,2023,69,400,1,ALLAN
21450,4/11/2022,22-007,2022,69,400,1,ALLAN
21450,4/26/2021,21-039,2021,69,200,1,ALLAN
21450,1/16/2020,174693,2020,69,200,1,ALLAN
21450,1/18/2019,170872,2019,69,200,1,ALLAN
21450,1/24/2018,167766,2018,69,200,1,ALLAN
21450,3/14/2017,164497,2017,69,200,1,ALLAN
21450,3/1/2016,160883,2016,69,1875,1,ALLAN
21450,3/26/2015,157587,2015,69,1875,1,ALLAN
21450,3/26/2015,157587,2014,69,1725,1,ALLAN
21450,4/30/2014,14-019,2013,69,1425,1,ALLAN
21458,4/26/2021,21-039,2021,69,200,1,ALLAN
21458,1/16/2020,174693,2020,69,200,1,ALLAN
21458,1/18/2019,170872,2019,69,200,1,ALLAN
21458,1/24/2018,167766,2018,69,200,1,ALLAN
21458,3/14/2017,164497,2017,69,200,1,ALLAN
21458,3/1/2016,160883,2016,69,200,1,ALLAN
21458,3/26/2015,157587,2015,69,200,1,ALLAN
21458,3/26/2015,157587,2014,69,200,1,ALLAN
21458,4/30/2014,14-019,2013,69,200,1,ALLAN
21463,12/29/2022,186474,2023,69,400,1,ALLAN
21463,4/11/2022,22-007,2022,69,400,1,ALLAN
21463,4/26/2021,21-039,2021,69,200,1,ALLAN
21463,1/16/2020,174693,2020,69,200,1,ALLAN
21463,1/18/2019,170872,2019,69,200,1,ALLAN
21463,1/24/2018,167766,2018,69,200,1,ALLAN
21463,3/14/2017,164497,2017,69,200,1,ALLAN
21463,3/1/2016,160883,2016,69,200,1,ALLAN
21463,3/26/2015,157587,2015,69,200,1,ALLAN
21463,3/26/2015,157587,2014,69,200,1,ALLAN
21463,4/30/2014,14-019,2013,69,200,1,ALLAN
21486,12/29/2022,186474,2023,69,400,1,ALLAN
21486,4/11/2022,22-007,2022,69,400,1,ALLAN
21486,4/26/2021,21-039,2021,69,200,1,ALLAN
21486,1/16/2020,174693,2020,69,200,1,ALLAN
21486,1/18/2019,170872,2019,69,200,1,ALLAN
21486,1/24/2018,167766,2018,69,200,1,ALLAN
21486,3/14/2017,164497,2017,69,200,1,ALLAN
21486,3/1/2016,160883,2016,69,200,1,ALLAN
21486,3/26/2015,157587,2015,69,200,1,ALLAN
21486,3/26/2015,157587,2014,69,200,1,ALLAN
21486,4/30/2014,14-019,2013,69,200,1,ALLAN
21491,12/29/2022,186474,2023,69,400,1,ALLAN
21491,4/11/2022,22-007,2022,69,400,1,ALLAN
21491,4/26/2021,21-039,2021,69,200,1,ALLAN
21491,1/16/2020,174693,2020,69,200,1,ALLAN
21491,1/18/2019,170872,2019,69,200,1,ALLAN
21491,1/24/2018,167766,2018,69,200,1,ALLAN
21491,3/14/2017,164497,2017,69,200,1,ALLAN
21491,3/1/2016,160883,2016,69,200,1,ALLAN
21491,3/26/2015,157587,2015,69,200,1,ALLAN
21491,3/26/2015,157587,2014,69,200,1,ALLAN
21491,4/30/2014,14-019,2013,69,200,1,ALLAN
21497,12/29/2022,186474,2023,69,400,1,ALLAN
21497,4/11/2022,22-007,2022,69,400,1,ALLAN
21497,4/26/2021,21-039,2021,69,200,1,ALLAN
21497,1/16/2020,174693,2020,69,200,1,ALLAN
21497,1/18/2019,170872,2019,69,200,1,ALLAN
21497,1/24/2018,167766,2018,69,200,1,ALLAN
21497,3/14/2017,164497,2017,69,200,1,ALLAN
21497,3/1/2016,160883,2016,69,200,1,ALLAN
21497,3/26/2015,157587,2015,69,200,1,ALLAN
21497,3/26/2015,157587,2014,69,200,1,ALLAN
21497,4/30/2014,14-019,2013,69,200,1,ALLAN
21499,12/29/2022,186474,2023,69,400,1,ALLAN
21499,4/11/2022,22-007,2022,69,400,1,ALLAN
21499,4/26/2021,21-039,2021,69,200,1,ALLAN
21499,1/16/2020,174693,2020,69,200,1,ALLAN
21499,1/18/2019,170872,2019,69,200,1,ALLAN
21499,1/24/2018,167766,2018,69,200,1,ALLAN
21499,3/14/2017,164497,2017,69,200,1,ALLAN
21499,3/1/2016,160883,2016,69,200,1,ALLAN
21499,3/26/2015,157587,2015,69,200,1,ALLAN
21499,3/26/2015,157587,2014,69,200,1,ALLAN
21499,4/30/2014,14-019,2013,69,200,1,ALLAN
21533,1/20/2025,199746,2025,69,2600,1,ALLAN
21533,1/31/2024,193512,2024,69,2600,1,ALLAN
21533,12/29/2022,186474,2023,69,2500,1,ALLAN
21533,4/11/2022,22-007,2022,69,2500,1,ALLAN
21533,4/26/2021,21-039,2021,69,1725,1,ALLAN
21533,1/16/2020,174693,2020,69,1725,1,ALLAN
21533,1/18/2019,170872,2019,69,1725,1,ALLAN
21533,1/8/2018,167477,2018,69,1725,1,ALLAN
21533,3/14/2017,164497,2017,69,1875,1,ALLAN
21533,3/1/2016,160883,2016,69,1875,1,ALLAN
21533,3/26/2015,157587,2015,69,1875,1,ALLAN
21533,3/26/2015,157587,2014,69,1725,1,ALLAN
21533,4/30/2014,14-019,2013,69,1425,1,ALLAN
21536,12/29/2022,186474,2023,69,400,1,ALLAN
21536,4/11/2022,22-007,2022,69,400,1,ALLAN
21536,4/26/2021,21-039,2021,69,200,1,ALLAN
21536,1/16/2020,174693,2020,69,200,1,ALLAN
21536,1/18/2019,170872,2019,69,200,1,ALLAN
21536,1/24/2018,167766,2018,69,200,1,ALLAN
21536,3/14/2017,164497,2017,69,200,1,ALLAN
21536,3/1/2016,160883,2016,69,200,1,ALLAN
21536,3/26/2015,157587,2015,69,200,1,ALLAN
21536,3/26/2015,157587,2014,69,200,1,ALLAN
21536,4/30/2014,14-019,2013,69,200,1,ALLAN
21550,12/29/2022,186474,2023,69,400,1,ALLAN
21550,4/11/2022,22-007,2022,69,400,1,ALLAN
21550,4/26/2021,21-039,2021,69,200,1,ALLAN
21550,1/16/2020,174693,2020,69,200,1,ALLAN
21550,1/18/2019,170872,2019,69,200,1,ALLAN
21550,1/24/2018,167766,2018,69,200,1,ALLAN
21550,3/14/2017,164497,2017,69,200,1,ALLAN
21550,3/1/2016,160883,2016,69,200,1,ALLAN
21550,3/26/2015,157587,2015,69,200,1,ALLAN
21550,3/26/2015,157587,2014,69,200,1,ALLAN
21550,4/30/2014,14-019,2013,69,200,1,ALLAN
21735,4/30/2014,14-019,2013,69,200,1,ALLAN
21755,12/29/2022,186474,2023,69,400,1,ALLAN
21755,4/11/2022,22-007,2022,69,400,1,ALLAN
21755,4/26/2021,21-039,2021,69,200,1,ALLAN
21755,1/16/2020,174693,2020,69,200,1,ALLAN
21755,1/18/2019,170872,2019,69,200,1,ALLAN
21755,1/24/2018,167766,2018,69,200,1,ALLAN
21755,3/14/2017,164497,2017,69,200,1,ALLAN
21755,3/1/2016,160883,2016,69,200,1,ALLAN
21755,3/26/2015,157587,2015,69,200,1,ALLAN
21755,3/26/2015,157587,2014,69,200,1,ALLAN
21755,4/30/2014,14-019,2013,69,200,1,ALLAN
21762,3/26/2015,157587,2015,69,200,1,ALLAN
21762,3/26/2015,157587,2014,69,200,1,ALLAN
21762,4/30/2014,14-019,2013,69,200,1,ALLAN
21772,1/20/2025,199746,2025,69,2600,1,ALLAN
21772,1/31/2024,193512,2024,69,2600,1,ALLAN
21772,1/31/2024,193512,2023,69,2500,1,ALLAN
21772,1/31/2024,193512,2022,69,2500,1,ALLAN
21772,1/31/2024,193512,1982,69,73,1,ALLAN
21776,12/29/2022,186474,2023,69,400,1,ALLAN
21776,4/11/2022,22-007,2022,69,400,1,ALLAN
21776,4/26/2021,21-039,2021,69,200,1,ALLAN
21776,1/16/2020,174693,2020,69,200,1,ALLAN
21776,1/18/2019,170872,2019,69,200,1,ALLAN
21776,1/24/2018,167766,2018,69,200,1,ALLAN
21776,3/14/2017,164497,2017,69,200,1,ALLAN
21776,3/1/2016,160883,2016,69,200,1,ALLAN
21776,3/26/2015,157587,2015,69,200,1,ALLAN
21776,3/26/2015,157587,2014,69,200,1,ALLAN
21776,4/30/2014,14-019,2013,69,200,1,ALLAN
21785,12/29/2022,186474,2023,69,400,1,ALLAN
21785,4/11/2022,22-007,2022,69,400,1,ALLAN
21785,4/26/2021,21-039,2021,69,200,1,ALLAN
21785,1/16/2020,174693,2020,69,200,1,ALLAN
21785,1/18/2019,170872,2019,69,200,1,ALLAN
21785,1/24/2018,167766,2018,69,200,1,ALLAN
21785,3/14/2017,164497,2017,69,200,1,ALLAN
21785,3/1/2016,160883,2016,69,200,1,ALLAN
21785,3/26/2015,157587,2015,69,200,1,ALLAN
21785,3/26/2015,157587,2014,69,200,1,ALLAN
21785,4/30/2014,14-019,2013,69,200,1,ALLAN
21792,4/26/2021,21-039,2021,69,200,1,ALLAN
21792,1/16/2020,174693,2020,69,200,1,ALLAN
21792,1/18/2019,170872,2019,69,200,1,ALLAN
21792,1/24/2018,167766,2018,69,200,1,ALLAN
21792,3/14/2017,164497,2017,69,200,1,ALLAN
21792,3/1/2016,160883,2016,69,200,1,ALLAN
21792,3/26/2015,157587,2015,69,200,1,ALLAN
21792,3/26/2015,157587,2014,69,200,1,ALLAN
21792,4/30/2014,14-019,2013,69,200,1,ALLAN
21808,1/16/2020,174693,2020,69,200,1,ALLAN
21808,1/18/2019,170872,2019,69,200,1,ALLAN
21808,1/24/2018,167766,2018,69,200,1,ALLAN
21808,3/14/2017,164497,2017,69,200,1,ALLAN
21808,3/1/2016,160883,2016,69,1875,1,ALLAN
21808,3/26/2015,157587,2015,69,1875,1,ALLAN
21808,3/26/2015,157587,2014,69,1725,1,ALLAN
21808,4/30/2014,14-019,2013,69,1425,1,ALLAN
21823,4/26/2021,21-039,2021,69,200,1,ALLAN
21823,1/16/2020,174693,2020,69,200,1,ALLAN
21823,1/18/2019,170872,2019,69,200,1,ALLAN
21823,1/24/2018,167766,2018,69,200,1,ALLAN
21823,3/14/2017,164497,2017,69,200,1,ALLAN
21823,3/1/2016,160883,2016,69,200,1,ALLAN
21823,3/26/2015,157587,2015,69,200,1,ALLAN
21823,3/26/2015,157587,2014,69,200,1,ALLAN
21823,4/30/2014,14-019,2013,69,200,1,ALLAN
21828,12/29/2022,186474,2023,69,400,1,ALLAN
21828,4/11/2022,22-007,2022,69,400,1,ALLAN
21828,4/26/2021,21-039,2021,69,200,1,ALLAN
21828,1/16/2020,174693,2020,69,200,1,ALLAN
21828,1/18/2019,170872,2019,69,200,1,ALLAN
21828,1/24/2018,167766,2018,69,200,1,ALLAN
21828,3/14/2017,164497,2017,69,200,1,ALLAN
21828,3/1/2016,160883,2016,69,200,1,ALLAN
21828,3/26/2015,157587,2015,69,200,1,ALLAN
21828,3/26/2015,157587,2014,69,200,1,ALLAN
21828,4/30/2014,14-019,2013,69,200,1,ALLAN
21832,12/29/2022,186474,2023,69,400,1,ALLAN
21832,4/11/2022,22-007,2022,69,400,1,ALLAN
21832,4/26/2021,21-039,2021,69,200,1,ALLAN
21832,1/16/2020,174693,2020,69,200,1,ALLAN
21832,1/18/2019,170872,2019,69,200,1,ALLAN
21832,1/24/2018,167766,2018,69,200,1,ALLAN
21832,3/14/2017,164497,2017,69,200,1,ALLAN
21832,3/1/2016,160883,2016,69,200,1,ALLAN
21832,3/26/2015,157587,2015,69,200,1,ALLAN
21832,3/26/2015,157587,2014,69,200,1,ALLAN
21832,4/30/2014,14-019,2013,69,200,1,ALLAN
21847,12/29/2022,186474,2023,69,400,1,ALLAN
21847,4/11/2022,22-007,2022,69,400,1,ALLAN
21847,4/26/2021,21-039,2021,69,200,1,ALLAN
21847,1/16/2020,174693,2020,69,200,1,ALLAN
21847,1/18/2019,170872,2019,69,200,1,ALLAN
21847,1/24/2018,167766,2018,69,200,1,ALLAN
21847,3/14/2017,164497,2017,69,200,1,ALLAN
21847,3/1/2016,160883,2016,69,200,1,ALLAN
21847,3/26/2015,157587,2015,69,200,1,ALLAN
21847,3/26/2015,157587,2014,69,200,1,ALLAN
21847,4/30/2014,14-019,2013,69,200,1,ALLAN
21849,1/18/2019,170872,2019,69,200,1,ALLAN
21849,1/24/2018,167766,2018,69,200,1,ALLAN
21849,3/14/2017,164497,2017,69,200,1,ALLAN
21849,3/1/2016,160883,2016,69,200,1,ALLAN
21849,3/26/2015,157587,2015,69,200,1,ALLAN
21849,3/26/2015,157587,2014,69,200,1,ALLAN
21849,4/30/2014,14-019,2013,69,200,1,ALLAN
21856,12/29/2022,186474,2023,69,400,1,ALLAN
21856,4/11/2022,22-007,2022,69,400,1,ALLAN
21856,4/26/2021,21-039,2021,69,200,1,ALLAN
21856,1/16/2020,174693,2020,69,200,1,ALLAN
21856,1/18/2019,170872,2019,69,200,1,ALLAN
21856,1/24/2018,167766,2018,69,200,1,ALLAN
21856,3/14/2017,164497,2017,69,200,1,ALLAN
21856,3/1/2016,160883,2016,69,200,1,ALLAN
21856,3/26/2015,157587,2015,69,200,1,ALLAN
21856,3/26/2015,157587,2014,69,200,1,ALLAN
21856,4/30/2014,14-019,2013,69,200,1,ALLAN
21858,1/24/2018,167766,2018,69,200,1,ALLAN
21858,3/14/2017,164497,2017,69,200,1,ALLAN
21858,3/1/2016,160883,2016,69,200,1,ALLAN
21858,3/26/2015,157587,2015,69,200,1,ALLAN
21858,3/26/2015,157587,2014,69,200,1,ALLAN
21858,4/30/2014,14-019,2013,69,200,1,ALLAN
21860,4/26/2021,21-039,2021,69,200,1,ALLAN
21860,1/16/2020,174693,2020,69,200,1,ALLAN
21860,1/18/2019,170872,2019,69,200,1,ALLAN
21860,1/24/2018,167766,2018,69,200,1,ALLAN
21860,3/14/2017,164497,2017,69,200,1,ALLAN
21860,3/1/2016,160883,2016,69,200,1,ALLAN
21860,3/26/2015,157587,2015,69,200,1,ALLAN
21860,3/26/2015,157587,2014,69,200,1,ALLAN
21860,4/30/2014,14-019,2013,69,200,1,ALLAN
21868,4/26/2021,21-039,2021,69,200,1,ALLAN
21868,1/16/2020,174693,2020,69,200,1,ALLAN
21868,1/18/2019,170872,2019,69,200,1,ALLAN
21868,1/24/2018,167766,2018,69,200,1,ALLAN
21868,3/14/2017,164497,2017,69,200,1,ALLAN
21868,3/1/2016,160883,2016,69,1875,1,ALLAN
21868,3/26/2015,157587,2015,69,1875,1,ALLAN
21868,3/26/2015,157587,2014,69,1725,1,ALLAN
21868,4/30/2014,14-019,2013,69,1425,1,ALLAN
21871,12/29/2022,186474,2023,69,400,1,ALLAN
21871,4/11/2022,22-007,2022,69,400,1,ALLAN
21871,4/26/2021,21-039,2021,69,200,1,ALLAN
21871,1/16/2020,174693,2020,69,200,1,ALLAN
21871,1/18/2019,170872,2019,69,200,1,ALLAN
21871,1/24/2018,167766,2018,69,200,1,ALLAN
21871,3/14/2017,164497,2017,69,200,1,ALLAN
21871,3/1/2016,160883,2016,69,200,1,ALLAN
21871,3/26/2015,157587,2015,69,200,1,ALLAN
21871,3/26/2015,157587,2014,69,200,1,ALLAN
21871,4/30/2014,14-019,2013,69,200,1,ALLAN
21875,3/26/2015,157587,2015,69,200,1,ALLAN
21875,3/26/2015,157587,2014,69,200,1,ALLAN
21875,4/30/2014,14-019,2013,69,200,1,ALLAN
23127,3/28/2025,437,2025,448,550,1,ALLAN
23127,1/20/2025,199746,2025,69,400,1,ALLAN
23127,4/4/2024,195011,2024,448,550,1,ALLAN
23127,1/31/2024,193512,2024,69,400,1,ALLAN
23127,3/6/2023,187883,2023,448,550,1,ALLAN
23127,12/29/2022,186474,2023,69,400,1,ALLAN
23127,4/11/2022,22-007,2022,69,400,1,ALLAN
23127,2/28/2022,181404,2022,448,550,1,ALLAN
23127,4/26/2021,21-039,2021,69,200,1,ALLAN
23127,2/17/2021,177784,2021,448,450,1,ALLAN
23127,2/17/2021,177784,2020,448,450,1,ALLAN
23127,1/16/2020,174693,2020,69,1725,1,ALLAN
23127,7/15/2019,19-097,2019,448,450,1,ALLAN
23127,1/18/2019,170872,2019,69,1725,1,ALLAN
23127,7/15/2019,19-097,2018,448,450,1,ALLAN
23127,1/8/2018,167477,2018,69,1725,1,ALLAN
23127,3/14/2017,164497,2017,69,1875,1,ALLAN
23127,3/1/2016,160883,2016,69,1875,1,ALLAN
23127,3/26/2015,157587,2015,69,1875,1,ALLAN
23127,3/26/2015,157587,2014,69,300,1,ALLAN
23127,3/14/2014,152931,2014,69,1425,1,CECILLE
23127,4/30/2014,14-019,2013,69,1425,1,ALLAN
23561,1/18/2019,170872,2019,69,200,1,ALLAN
23561,1/24/2018,167766,2018,69,200,1,ALLAN
23561,3/14/2017,164497,2017,69,200,1,ALLAN
23561,3/1/2016,160883,2016,69,200,1,ALLAN
23561,3/26/2015,157587,2015,69,200,1,ALLAN
23561,3/26/2015,157587,2014,69,200,1,ALLAN
23561,4/30/2014,14-019,2013,69,200,1,ALLAN
23576,1/20/2025,199746,2025,69,400,1,ALLAN
23576,1/31/2024,193512,2024,69,400,1,ALLAN
23576,12/29/2022,186474,2023,69,400,1,ALLAN
23576,12/29/2022,186474,2022,69,400,1,ALLAN
23576,12/29/2022,186474,2021,69,200,1,ALLAN
23585,3/31/2015,157761,2015,346,450,1,ALLAN
23585,3/26/2015,157587,2015,69,200,1,ALLAN
23585,3/31/2015,157761,2014,346,450,1,ALLAN
23585,3/26/2015,157587,2014,69,200,1,ALLAN
23585,4/30/2014,14-019,2013,69,200,1,ALLAN
23585,3/19/2014,153082,2013,346,450,1,ALLAN
23591,4/26/2021,21-039,2021,69,200,1,ALLAN
23591,1/16/2020,174693,2020,69,200,1,ALLAN
23591,1/18/2019,170872,2019,69,200,1,ALLAN
23591,1/24/2018,167766,2018,69,200,1,ALLAN
23591,3/14/2017,164497,2017,69,200,1,ALLAN
23591,3/1/2016,160883,2016,69,200,1,ALLAN
23591,3/26/2015,157587,2015,69,200,1,ALLAN
23591,3/26/2015,157587,2014,69,200,1,ALLAN
23591,4/30/2014,14-019,2013,69,200,1,ALLAN
23622,12/29/2022,186474,2023,69,400,1,ALLAN
23622,4/11/2022,22-007,2022,69,400,1,ALLAN
23622,4/26/2021,21-039,2021,69,200,1,ALLAN
23622,1/16/2020,174693,2020,69,200,1,ALLAN
23622,1/18/2019,170872,2019,69,200,1,ALLAN
23622,1/24/2018,167766,2018,69,200,1,ALLAN
23622,3/14/2017,164497,2017,69,200,1,ALLAN
23622,3/1/2016,160883,2016,69,200,1,ALLAN
23622,3/26/2015,157587,2015,69,200,1,ALLAN
23622,3/26/2015,157587,2014,69,200,1,ALLAN
23622,4/30/2014,14-019,2013,69,200,1,ALLAN
23636,4/26/2021,21-039,2021,69,200,1,ALLAN
23636,1/16/2020,174693,2020,69,200,1,ALLAN
23636,1/18/2019,170872,2019,69,200,1,ALLAN
23636,1/24/2018,167766,2018,69,200,1,ALLAN
23636,3/14/2017,164497,2017,69,200,1,ALLAN
23636,3/1/2016,160883,2016,69,200,1,ALLAN
23636,3/26/2015,157587,2015,69,200,1,ALLAN
23636,3/26/2015,157587,2014,69,200,1,ALLAN
23636,4/30/2014,14-019,2013,69,200,1,ALLAN
23638,4/26/2021,21-039,2021,69,200,1,ALLAN
23638,1/16/2020,174693,2020,69,200,1,ALLAN
23638,1/18/2019,170872,2019,69,200,1,ALLAN
23638,1/24/2018,167766,2018,69,200,1,ALLAN
23638,3/14/2017,164497,2017,69,200,1,ALLAN
23638,3/1/2016,160883,2016,69,200,1,ALLAN
23638,3/26/2015,157587,2015,69,200,1,ALLAN
23638,3/26/2015,157587,2014,69,200,1,ALLAN
23638,4/30/2014,14-019,2013,69,200,1,ALLAN
23652,1/20/2025,199746,2025,69,2600,1,ALLAN
23652,1/31/2024,193512,2024,69,2600,1,ALLAN
23652,12/29/2022,186474,2023,69,2500,1,ALLAN
23652,4/11/2022,22-007,2022,69,2500,1,ALLAN
23652,4/26/2021,21-039,2021,69,1725,1,ALLAN
23652,1/16/2020,174693,2020,69,1725,1,ALLAN
23652,1/18/2019,170872,2019,69,1725,1,ALLAN
23652,1/8/2018,167477,2018,69,1725,1,ALLAN
23652,3/14/2017,164497,2017,69,1875,1,ALLAN
23652,3/1/2016,160883,2016,69,1875,1,ALLAN
23652,2/5/2015,156810,2015,69,1875,1,CECILLE
23652,3/26/2015,157587,2014,69,1725,1,ALLAN
23652,4/30/2014,14-019,2013,69,1425,1,ALLAN
23658,12/29/2022,186474,2023,69,400,1,ALLAN
23658,4/11/2022,22-007,2022,69,400,1,ALLAN
23658,4/26/2021,21-039,2021,69,200,1,ALLAN
23658,1/16/2020,174693,2020,69,200,1,ALLAN
23658,1/18/2019,170872,2019,69,200,1,ALLAN
23658,1/24/2018,167766,2018,69,200,1,ALLAN
23658,3/14/2017,164497,2017,69,200,1,ALLAN
23658,3/1/2016,160883,2016,69,1875,1,ALLAN
23658,3/26/2015,157587,2015,69,1875,1,ALLAN
23658,3/26/2015,157587,2014,69,300,1,ALLAN
23658,3/14/2014,152931,2014,69,1425,1,CECILLE
23658,4/30/2014,14-019,2013,69,1425,1,ALLAN
23675,12/29/2022,186474,2023,69,400,1,ALLAN
23675,4/11/2022,22-007,2022,69,400,1,ALLAN
23675,4/26/2021,21-039,2021,69,200,1,ALLAN
23675,1/16/2020,174693,2020,69,200,1,ALLAN
23675,1/18/2019,170872,2019,69,200,1,ALLAN
23675,1/24/2018,167766,2018,69,200,1,ALLAN
23675,3/14/2017,164497,2017,69,200,1,ALLAN
23675,3/1/2016,160883,2016,69,200,1,ALLAN
23675,3/26/2015,157587,2015,69,200,1,ALLAN
23675,3/26/2015,157587,2014,69,200,1,ALLAN
23675,4/30/2014,14-019,2013,69,200,1,ALLAN
23676,12/29/2022,186474,2023,69,400,1,ALLAN
23676,4/11/2022,22-007,2022,69,400,1,ALLAN
23676,4/26/2021,21-039,2021,69,200,1,ALLAN
23676,1/16/2020,174693,2020,69,200,1,ALLAN
23676,1/18/2019,170872,2019,69,200,1,ALLAN
23676,1/24/2018,167766,2018,69,200,1,ALLAN
23676,3/14/2017,164497,2017,69,200,1,ALLAN
23676,3/1/2016,160883,2016,69,200,1,ALLAN
23676,3/26/2015,157587,2015,69,200,1,ALLAN
23676,3/26/2015,157587,2014,69,200,1,ALLAN
23676,4/30/2014,14-019,2013,69,200,1,ALLAN
23677,12/29/2022,186474,2023,69,400,1,ALLAN
23677,4/11/2022,22-007,2022,69,400,1,ALLAN
23677,4/26/2021,21-039,2021,69,200,1,ALLAN
23677,1/16/2020,174693,2020,69,200,1,ALLAN
23677,1/18/2019,170872,2019,69,200,1,ALLAN
23677,1/24/2018,167766,2018,69,200,1,ALLAN
23677,3/14/2017,164497,2017,69,200,1,ALLAN
23677,3/1/2016,160883,2016,69,200,1,ALLAN
23677,3/26/2015,157587,2015,69,200,1,ALLAN
23677,3/26/2015,157587,2014,69,200,1,ALLAN
23677,4/30/2014,14-019,2013,69,200,1,ALLAN
23681,1/20/2025,199746,2025,69,400,1,ALLAN
23681,1/31/2024,193512,2024,69,400,1,ALLAN
23681,12/29/2022,186474,2023,69,400,1,ALLAN
23681,4/11/2022,22-007,2022,69,400,1,ALLAN
23681,4/26/2021,21-039,2021,69,200,1,ALLAN
23681,1/16/2020,174693,2020,69,200,1,ALLAN
23681,1/18/2019,170872,2019,69,200,1,ALLAN
23681,1/24/2018,167766,2018,69,200,1,ALLAN
23681,3/14/2017,164497,2017,69,200,1,ALLAN
23681,3/1/2016,160883,2016,69,200,1,ALLAN
23681,3/26/2015,157587,2015,69,200,1,ALLAN
23681,3/26/2015,157587,2014,69,200,1,ALLAN
23681,4/30/2014,14-019,2013,69,200,1,ALLAN
23682,1/20/2025,199746,2025,69,400,1,ALLAN
23682,1/31/2024,193512,2024,69,400,1,ALLAN
23682,12/29/2022,186474,2023,69,400,1,ALLAN
23682,4/11/2022,22-007,2022,69,400,1,ALLAN
23682,4/26/2021,21-039,2021,69,200,1,ALLAN
23682,1/16/2020,174693,2020,69,200,1,ALLAN
23682,1/18/2019,170872,2019,69,200,1,ALLAN
23682,1/24/2018,167766,2018,69,200,1,ALLAN
23682,3/14/2017,164497,2017,69,200,1,ALLAN
23682,3/1/2016,160883,2016,69,200,1,ALLAN
23682,3/26/2015,157587,2015,69,200,1,ALLAN
23682,3/26/2015,157587,2014,69,200,1,ALLAN
23682,4/30/2014,14-019,2013,69,200,1,ALLAN
23684,1/24/2018,167766,2018,69,200,1,ALLAN
23684,3/14/2017,164497,2017,69,200,1,ALLAN
23684,3/1/2016,160883,2016,69,200,1,ALLAN
23684,3/26/2015,157587,2015,69,200,1,ALLAN
23684,3/26/2015,157587,2014,69,200,1,ALLAN
23684,4/30/2014,14-019,2013,69,200,1,ALLAN
23695,12/29/2022,186474,2023,69,400,1,ALLAN
23695,4/11/2022,22-007,2022,69,400,1,ALLAN
23695,4/26/2021,21-039,2021,69,200,1,ALLAN
23695,1/16/2020,174693,2020,69,200,1,ALLAN
23695,1/18/2019,170872,2019,69,200,1,ALLAN
23695,1/24/2018,167766,2018,69,200,1,ALLAN
23695,3/14/2017,164497,2017,69,200,1,ALLAN
23695,3/1/2016,160883,2016,69,200,1,ALLAN
23695,3/26/2015,157587,2015,69,200,1,ALLAN
23695,3/26/2015,157587,2014,69,200,1,ALLAN
23695,4/30/2014,14-019,2013,69,200,1,ALLAN
23696,1/20/2025,199746,2025,69,400,1,ALLAN
23696,1/31/2024,193512,2024,69,400,1,ALLAN
23696,12/29/2022,186474,2023,69,400,1,ALLAN
23696,4/11/2022,22-007,2022,69,400,1,ALLAN
23696,4/26/2021,21-039,2021,69,200,1,ALLAN
23696,1/16/2020,174693,2020,69,200,1,ALLAN
23696,1/18/2019,170872,2019,69,200,1,ALLAN
23696,1/24/2018,167766,2018,69,200,1,ALLAN
23696,3/14/2017,164497,2017,69,200,1,ALLAN
23696,3/1/2016,160883,2016,69,200,1,ALLAN
23696,3/26/2015,157587,2015,69,200,1,ALLAN
23696,3/26/2015,157587,2014,69,200,1,ALLAN
23696,4/30/2014,14-019,2013,69,200,1,ALLAN
23716,12/29/2022,186474,2023,69,400,1,ALLAN
23716,4/11/2022,22-007,2022,69,400,1,ALLAN
23716,4/26/2021,21-039,2021,69,200,1,ALLAN
23716,1/16/2020,174693,2020,69,200,1,ALLAN
23716,1/18/2019,170872,2019,69,200,1,ALLAN
23716,1/24/2018,167766,2018,69,200,1,ALLAN
23716,3/14/2017,164497,2017,69,200,1,ALLAN
23716,3/1/2016,160883,2016,69,1875,1,ALLAN
23716,3/26/2015,157587,2015,69,1875,1,ALLAN
23716,3/26/2015,157587,2014,69,1725,1,ALLAN
23716,4/30/2014,14-019,2013,69,1425,1,ALLAN
23717,1/20/2025,199746,2025,69,400,1,ALLAN
23717,1/31/2024,193512,2024,69,400,1,ALLAN
23717,12/29/2022,186474,2023,69,400,1,ALLAN
23717,4/11/2022,22-007,2022,69,400,1,ALLAN
23717,4/26/2021,21-039,2021,69,200,1,ALLAN
23717,1/16/2020,174693,2020,69,200,1,ALLAN
23717,1/18/2019,170872,2019,69,200,1,ALLAN
23717,1/24/2018,167766,2018,69,200,1,ALLAN
23717,3/14/2017,164497,2017,69,200,1,ALLAN
23717,3/1/2016,160883,2016,69,200,1,ALLAN
23717,3/26/2015,157587,2015,69,200,1,ALLAN
23717,3/26/2015,157587,2014,69,200,1,ALLAN
23717,4/30/2014,14-019,2013,69,200,1,ALLAN
23719,12/29/2022,186474,2023,69,400,1,ALLAN
23719,4/11/2022,22-007,2022,69,400,1,ALLAN
23719,4/26/2021,21-039,2021,69,200,1,ALLAN
23719,1/16/2020,174693,2020,69,200,1,ALLAN
23719,1/18/2019,170872,2019,69,200,1,ALLAN
23719,1/24/2018,167766,2018,69,200,1,ALLAN
23719,3/14/2017,164497,2017,69,200,1,ALLAN
23719,3/1/2016,160883,2016,69,200,1,ALLAN
23719,3/26/2015,157587,2015,69,200,1,ALLAN
23719,3/26/2015,157587,2014,69,200,1,ALLAN
23719,4/30/2014,14-019,2013,69,200,1,ALLAN
23739,12/29/2022,186474,2023,69,400,1,ALLAN
23739,4/11/2022,22-007,2022,69,400,1,ALLAN
23739,4/26/2021,21-039,2021,69,200,1,ALLAN
23739,1/16/2020,174693,2020,69,200,1,ALLAN
23739,1/18/2019,170872,2019,69,200,1,ALLAN
23739,1/24/2018,167766,2018,69,200,1,ALLAN
23739,3/14/2017,164497,2017,69,200,1,ALLAN
23739,3/1/2016,160883,2016,69,200,1,ALLAN
23739,3/26/2015,157587,2015,69,200,1,ALLAN
23739,10/21/2014,155548,2014,69,200,1,ALLAN
23739,4/30/2014,14-019,2013,69,200,1,ALLAN
23741,3/26/2015,157587,2015,69,200,1,ALLAN
23741,3/26/2015,157587,2014,69,200,1,ALLAN
23741,4/30/2014,14-019,2013,69,200,1,ALLAN
23742,1/24/2018,167766,2018,69,200,1,ALLAN
23742,3/14/2017,164497,2017,69,200,1,ALLAN
23742,3/1/2016,160883,2016,69,200,1,ALLAN
23742,3/26/2015,157587,2015,69,200,1,ALLAN
23742,3/26/2015,157587,2014,69,200,1,ALLAN
23742,4/30/2014,14-019,2013,69,200,1,ALLAN
23744,12/29/2022,186474,2023,69,400,1,ALLAN
23744,4/11/2022,22-007,2022,69,400,1,ALLAN
23744,4/26/2021,21-039,2021,69,200,1,ALLAN
23744,1/16/2020,174693,2020,69,200,1,ALLAN
23744,1/18/2019,170872,2019,69,200,1,ALLAN
23744,1/24/2018,167766,2018,69,200,1,ALLAN
23744,3/14/2017,164497,2017,69,200,1,ALLAN
23744,3/1/2016,160883,2016,69,200,1,ALLAN
23744,3/26/2015,157587,2015,69,200,1,ALLAN
23744,3/26/2015,157587,2014,69,200,1,ALLAN
23744,4/30/2014,14-019,2013,69,200,1,ALLAN
23748,1/20/2025,199746,2025,69,2600,1,ALLAN
23748,1/31/2024,193512,2024,69,2600,1,ALLAN
23748,12/29/2022,186474,2023,69,2500,1,ALLAN
23748,4/11/2022,22-007,2022,69,2500,1,ALLAN
23748,4/26/2021,21-039,2021,69,1725,1,ALLAN
23748,1/16/2020,174693,2020,69,1725,1,ALLAN
23748,1/18/2019,170872,2019,69,1725,1,ALLAN
23748,1/8/2018,167477,2018,69,1725,1,ALLAN
23748,3/14/2017,164497,2017,69,1875,1,ALLAN
23748,3/1/2016,160883,2016,69,1875,1,ALLAN
23748,3/26/2015,157587,2015,69,1875,1,ALLAN
23748,3/26/2015,157587,2014,69,1725,1,ALLAN
23748,4/30/2014,14-019,2013,69,1425,1,ALLAN
24478,1/15/2025,199617,2025,51,400,1,ALLAN
24478,1/15/2024,192998,2024,51,400,1,ALLAN
24478,1/19/2023,186866,2023,51,400,1,ALLAN
24478,1/31/2022,180826,2022,51,400,1,ALLAN
24478,4/26/2021,21-036,2021,51,200,1,ALLAN
24478,1/14/2020,174589,2020,51,200,1,ALLAN
24478,2/26/2019,171339,2019,51,200,1,ALLAN
24478,3/7/2018,168289,2018,51,200,1,ALLAN
24478,3/13/2017,164480,2017,51,200,1,ALLAN
24478,2/10/2016,160667,2016,51,200,1,CECILLE
24478,3/30/2015,157657,2015,51,200,1,ALLAN
24478,5/14/2014,153836,2014,51,200,1,ALLAN
24478,6/28/2013,13-094,2013,51,200,1,ALLAN
24495,3/30/2015,157657,2015,51,200,1,ALLAN
24495,1/7/2015,156315,2014,51,200,1,ALLAN
24496,3/30/2015,157657,2015,51,200,1,ALLAN
24496,1/7/2015,156315,2014,51,200,1,ALLAN
24536,2/10/2016,160667,2016,51,200,1,CECILLE
24536,3/30/2015,157657,2015,51,200,1,ALLAN
24536,1/7/2015,156315,2014,51,200,1,ALLAN
24559,3/30/2015,157657,2015,51,200,1,ALLAN
24559,1/7/2015,156315,2014,51,200,1,ALLAN
24565,3/30/2015,157657,2015,51,200,1,ALLAN
24565,1/7/2015,156315,2014,51,200,1,ALLAN
24565,2/28/2014,13-478,2013,51,200,1,ALLAN
24575,1/15/2025,199617,2025,51,400,1,ALLAN
24575,1/15/2024,192998,2024,51,400,1,ALLAN
24575,1/19/2023,186866,2023,51,400,1,ALLAN
24575,1/31/2022,180826,2022,51,400,1,ALLAN
24575,4/26/2021,21-036,2021,51,200,1,ALLAN
24575,1/14/2020,174589,2020,51,200,1,ALLAN
24575,2/26/2019,171339,2019,51,200,1,ALLAN
24575,3/7/2018,168289,2018,51,200,1,ALLAN
24575,3/13/2017,164480,2017,51,200,1,ALLAN
24575,2/10/2016,160667,2016,51,200,1,CECILLE
24575,3/30/2015,157657,2015,51,200,1,ALLAN
24575,9/29/2014,155244,2014,51,200,1,ALLAN
24575,8/13/2013,144288,2013,51,200,1,CECILLE
24578,2/10/2016,160667,2016,51,200,1,CECILLE
24578,3/30/2015,157657,2015,51,200,1,ALLAN
24578,1/7/2015,156315,2014,51,1725,1,ALLAN
24578,2/28/2014,13-478,2013,51,1425,1,ALLAN
24592,1/15/2025,199617,2025,51,400,1,ALLAN
24592,1/15/2024,192998,2024,51,400,1,ALLAN
24592,1/19/2023,186866,2023,51,400,1,ALLAN
24592,1/31/2022,180826,2022,51,400,1,ALLAN
24592,4/26/2021,21-036,2021,51,200,1,ALLAN
24592,1/14/2020,174589,2020,51,200,1,ALLAN
24592,2/26/2019,171339,2019,51,200,1,ALLAN
24592,3/7/2018,168289,2018,51,200,1,ALLAN
24592,3/13/2017,164480,2017,51,200,1,ALLAN
24592,3/30/2015,157657,2015,51,200,1,ALLAN
24592,1/7/2015,156315,2014,51,200,1,ALLAN
24593,1/15/2025,199617,2025,51,400,1,ALLAN
24593,1/15/2024,192998,2024,51,400,1,ALLAN
24593,1/19/2023,186866,2023,51,400,1,ALLAN
24593,1/31/2022,180826,2022,51,400,1,ALLAN
24593,4/26/2021,21-036,2021,51,200,1,ALLAN
24593,1/14/2020,174589,2020,51,200,1,ALLAN
24593,1/14/2020,174589,2019,51,200,1,ALLAN
24593,1/14/2020,174589,2018,51,200,1,ALLAN
24593,1/14/2020,174589,2017,51,200,1,ALLAN
24593,1/14/2020,174589,2016,51,200,1,ALLAN
24593,1/14/2020,174589,2015,51,200,1,ALLAN
24593,1/14/2020,174589,2014,51,200,1,ALLAN
24593,1/14/2020,174589,2013,51,200,1,ALLAN
24593,1/14/2020,174589,2012,51,200,1,ALLAN
24634,1/7/2015,156315,2014,51,300,1,ALLAN
24634,2/11/2014,152437,2014,51,1425,1,ALLAN
24634,2/28/2014,13-478,2013,51,1425,1,ALLAN
24640,2/26/2019,171339,2019,51,200,1,ALLAN
24640,3/7/2018,168289,2018,51,200,1,ALLAN
24640,3/13/2017,164480,2017,51,200,1,ALLAN
24640,2/10/2016,160667,2016,51,200,1,CECILLE
24640,3/30/2015,157657,2015,51,200,1,ALLAN
24640,1/7/2015,156315,2014,51,200,1,ALLAN
24640,2/28/2014,13-478,2013,51,1425,1,ALLAN
24643,1/15/2025,199617,2025,51,2600,1,ALLAN
24643,1/15/2024,192998,2024,51,2600,1,ALLAN
24643,1/19/2023,186866,2023,51,2500,1,ALLAN
24643,1/31/2022,180826,2022,51,2500,1,ALLAN
24643,4/26/2021,21-036,2021,51,1725,1,ALLAN
24643,1/14/2020,174589,2020,51,1725,1,ALLAN
24643,7/22/2019,172812,2019,51,1725,1,CECILLE
24643,7/22/2019,172812,2005,51,885,1,CECILLE
24649,1/15/2025,199617,2025,51,400,1,ALLAN
24649,1/15/2024,192998,2024,51,400,1,ALLAN
24649,1/19/2023,186866,2023,51,400,1,ALLAN
24649,1/31/2022,180826,2022,51,400,1,ALLAN
24649,4/26/2021,21-036,2021,51,200,1,ALLAN
24649,1/14/2020,174589,2020,51,200,1,ALLAN
24649,2/26/2019,171339,2019,51,200,1,ALLAN
24649,3/7/2018,168289,2018,51,200,1,ALLAN
24649,3/13/2017,164480,2017,51,200,1,ALLAN
24649,2/10/2016,160667,2016,51,200,1,CECILLE
24649,3/30/2015,157657,2015,51,200,1,ALLAN
24649,1/28/2014,152236,2014,51,200,1,ALLAN
24649,2/28/2014,13-478,2013,51,200,1,ALLAN
24657,3/30/2015,157657,2015,51,1875,1,ALLAN
24657,8/12/2014,154737,2014,51,1725,1,ALLAN
24657,8/12/2014,154737,1998,51,515,1,ALLAN
24665,1/15/2025,199617,2025,51,400,1,ALLAN
24665,1/15/2024,192998,2024,51,400,1,ALLAN
24665,1/19/2023,186866,2023,51,400,1,ALLAN
24665,1/31/2022,180826,2022,51,400,1,ALLAN
24665,4/26/2021,21-036,2021,51,200,1,ALLAN
24665,1/14/2020,174589,2020,51,200,1,ALLAN
24665,2/26/2019,171339,2019,51,200,1,ALLAN
24665,3/7/2018,168289,2018,51,200,1,ALLAN
24665,3/13/2017,164480,2017,51,200,1,ALLAN
24665,2/10/2016,160667,2016,51,200,1,CECILLE
24665,3/30/2015,157657,2015,51,200,1,ALLAN
24665,2/11/2014,152437,2014,51,200,1,ALLAN
24665,6/28/2013,13-094,2013,51,200,1,ALLAN
24671,3/13/2017,164480,2017,51,200,1,ALLAN
24671,3/30/2015,157657,2015,51,200,1,ALLAN
24671,11/12/2014,155795,2014,51,200,1,ALLAN
24677,3/30/2015,157657,2015,51,200,1,ALLAN
24677,9/29/2014,155244,2014,51,200,1,ALLAN
24677,5/22/2013,143316,2013,51,200,1,ALLAN
24692,1/19/2023,186866,2023,51,400,1,ALLAN
24692,1/31/2022,180826,2022,51,400,1,ALLAN
24692,4/26/2021,21-036,2021,51,200,1,ALLAN
24692,1/14/2020,174589,2020,51,200,1,ALLAN
24692,2/26/2019,171339,2019,51,200,1,ALLAN
24692,3/7/2018,168289,2018,51,200,1,ALLAN
24692,3/13/2017,164480,2017,51,200,1,ALLAN
24692,3/30/2015,157657,2015,51,200,1,ALLAN
24692,1/7/2015,156315,2014,51,200,1,ALLAN
24698,1/15/2025,199617,2025,51,400,1,ALLAN
24698,1/15/2024,192998,2024,51,400,1,ALLAN
24698,1/19/2023,186866,2023,51,400,1,ALLAN
24698,1/31/2022,180826,2022,51,400,1,ALLAN
24698,4/26/2021,21-036,2021,51,200,1,ALLAN
24698,1/14/2020,174589,2020,51,200,1,ALLAN
24698,2/26/2019,171339,2019,51,200,1,ALLAN
24698,3/7/2018,168289,2018,51,200,1,ALLAN
24698,3/13/2017,164480,2017,51,200,1,ALLAN
24698,2/10/2016,160667,2016,51,200,1,CECILLE
24698,3/30/2015,157657,2015,51,200,1,ALLAN
24698,5/14/2014,153836,2014,51,1725,1,ALLAN
24698,2/28/2014,13-478,2013,51,1425,1,ALLAN
24701,1/15/2025,199617,2025,51,2600,1,ALLAN
24701,1/15/2024,192998,2024,51,2600,1,ALLAN
24701,1/19/2023,186866,2023,51,2500,1,ALLAN
24701,1/31/2022,180826,2022,51,2500,1,ALLAN
24701,4/26/2021,21-036,2021,51,1725,1,ALLAN
24701,1/14/2020,174589,2020,51,1725,1,ALLAN
24701,2/26/2019,171339,2019,51,1725,1,ALLAN
24701,3/7/2018,168289,2018,51,1725,1,ALLAN
24701,3/13/2017,164480,2017,51,1875,1,ALLAN
24701,2/10/2016,160667,2016,51,1875,1,CECILLE
24701,3/30/2015,157657,2015,51,1875,1,ALLAN
24701,1/7/2015,156315,2014,51,300,1,ALLAN
24701,11/18/2013,151235,2014,51,1425,1,CECILLE
24701,11/18/2013,151235,2013,51,1425,1,CECILLE
24728,3/30/2015,157657,2015,51,200,1,ALLAN
24728,1/7/2015,156315,2014,51,200,1,ALLAN
24732,1/15/2025,199617,2025,51,400,1,ALLAN
24732,1/15/2024,192998,2024,51,400,1,ALLAN
24732,1/19/2023,186866,2023,51,400,1,ALLAN
24732,1/31/2022,180826,2022,51,400,1,ALLAN
24732,4/26/2021,21-036,2021,51,200,1,ALLAN
24732,1/14/2020,174589,2020,51,200,1,ALLAN
24732,2/26/2019,171339,2019,51,200,1,ALLAN
24732,3/7/2018,168289,2018,51,200,1,ALLAN
24732,3/13/2017,164480,2017,51,200,1,ALLAN
24732,2/10/2016,160667,2016,51,200,1,CECILLE
24732,3/30/2015,157657,2015,51,200,1,ALLAN
24732,1/7/2015,156315,2014,51,1725,1,ALLAN
24732,2/28/2014,13-478,2013,51,1425,1,ALLAN
24761,1/15/2025,199617,2025,51,400,1,ALLAN
24761,1/15/2024,192998,2024,51,400,1,ALLAN
24761,1/19/2023,186866,2023,51,400,1,ALLAN
24761,1/31/2022,180826,2022,51,400,1,ALLAN
24761,4/26/2021,21-036,2021,51,200,1,ALLAN
24761,1/14/2020,174589,2020,51,200,1,ALLAN
24761,2/26/2019,171339,2019,51,200,1,ALLAN
24761,3/7/2018,168289,2018,51,200,1,ALLAN
24761,3/13/2017,164480,2017,51,200,1,ALLAN
24761,2/10/2016,160667,2016,51,200,1,CECILLE
24761,3/30/2015,157657,2015,51,200,1,ALLAN
24761,1/7/2015,156315,2014,51,200,1,ALLAN
24770,3/30/2015,157657,2015,51,1875,1,ALLAN
24770,1/7/2015,156315,2014,51,1725,1,ALLAN
24770,5/22/2013,143316,2013,51,1425,1,ALLAN
24771,1/15/2025,199617,2025,51,2600,1,ALLAN
24771,1/15/2024,192998,2024,51,2600,1,ALLAN
24771,1/15/2024,192998,2023,51,2500,1,ALLAN
24771,1/31/2022,180826,2022,51,2500,1,ALLAN
24771,4/26/2021,21-036,2021,51,1725,1,ALLAN
24771,1/14/2020,174589,2020,51,1725,1,ALLAN
24771,2/26/2019,171339,2019,51,1725,1,ALLAN
24771,3/7/2018,168289,2018,51,1725,1,ALLAN
24771,3/13/2017,164480,2017,51,1875,1,ALLAN
24771,2/10/2016,160667,2016,51,1875,1,CECILLE
24771,3/30/2015,157657,2015,51,1875,1,ALLAN
24771,1/7/2015,156315,2014,51,1725,1,ALLAN
24771,5/22/2013,143316,2013,51,1425,1,ALLAN
24773,1/15/2025,199617,2025,51,400,1,ALLAN
24773,1/15/2024,192998,2024,51,2600,1,ALLAN
24773,1/19/2023,186866,2023,51,2500,1,ALLAN
24773,1/31/2022,180826,2022,51,2500,1,ALLAN
24773,4/26/2021,21-036,2021,51,1725,1,ALLAN
24773,1/14/2020,174589,2020,51,1725,1,ALLAN
24773,2/26/2019,171339,2019,51,1725,1,ALLAN
24773,3/7/2018,168289,2018,51,1725,1,ALLAN
24773,3/13/2017,164480,2017,51,1875,1,ALLAN
24773,2/10/2016,160667,2016,51,1875,1,CECILLE
24773,3/30/2015,157657,2015,51,1875,1,ALLAN
24773,1/7/2015,156315,2014,51,300,1,ALLAN
24773,1/28/2014,152236,2014,51,1425,1,ALLAN
24773,2/28/2014,13-478,2013,51,1425,1,ALLAN
24774,2/26/2019,171339,2019,51,1725,1,ALLAN
24774,3/7/2018,168289,2018,51,1725,1,ALLAN
24774,3/13/2017,164480,2017,51,1875,1,ALLAN
24774,2/10/2016,160667,2016,51,1875,1,CECILLE
24774,3/30/2015,157657,2015,51,1875,1,ALLAN
24774,1/7/2015,156315,2014,51,1725,1,ALLAN
24774,2/28/2014,13-478,2013,51,1425,1,ALLAN
24785,3/30/2015,157657,2015,51,200,1,ALLAN
24785,1/7/2015,156315,2014,51,1725,1,ALLAN
24785,2/28/2014,13-478,2013,51,1425,1,ALLAN
24790,1/31/2022,180826,2022,51,400,1,ALLAN
24790,4/26/2021,21-036,2021,51,200,1,ALLAN
24790,1/14/2020,174589,2020,51,200,1,ALLAN
24790,2/26/2019,171339,2019,51,200,1,ALLAN
24790,3/7/2018,168289,2018,51,200,1,ALLAN
24790,3/13/2017,164480,2017,51,200,1,ALLAN
24790,2/10/2016,160667,2016,51,200,1,CECILLE
24790,3/30/2015,157657,2015,51,200,1,ALLAN
24790,2/11/2014,152437,2014,51,200,1,ALLAN
24790,6/28/2013,13-094,2013,51,200,1,ALLAN
24815,6/28/2013,13-094,2013,51,200,1,ALLAN
24819,2/26/2019,171339,2019,51,200,1,ALLAN
24819,3/7/2018,168289,2018,51,200,1,ALLAN
24819,3/13/2017,164480,2017,51,200,1,ALLAN
24819,2/10/2016,160667,2016,51,200,1,CECILLE
24819,3/30/2015,157657,2015,51,200,1,ALLAN
24819,9/29/2014,155244,2014,51,200,1,ALLAN
24819,6/28/2013,13-094,2013,51,200,1,ALLAN
24830,1/19/2023,186866,2023,51,2500,1,ALLAN
24830,1/31/2022,180826,2022,51,2500,1,ALLAN
24830,4/26/2021,21-036,2021,51,1725,1,ALLAN
24830,1/14/2020,174589,2020,51,1725,1,ALLAN
24830,2/26/2019,171339,2019,51,1725,1,ALLAN
24830,2/26/2019,171339,2018,51,1725,1,ALLAN
24830,2/10/2016,160667,2016,51,1875,1,CECILLE
24830,3/30/2015,157657,2015,51,1875,1,ALLAN
24830,1/7/2015,156315,2014,51,1725,1,ALLAN
24830,2/28/2014,13-478,2013,51,1425,1,ALLAN
24841,1/15/2025,199617,2025,51,400,1,ALLAN
24841,1/15/2024,192998,2024,51,400,1,ALLAN
24841,1/19/2023,186866,2023,51,400,1,ALLAN
24841,1/31/2022,180826,2022,51,400,1,ALLAN
24841,4/26/2021,21-036,2021,51,200,1,ALLAN
24841,1/14/2020,174589,2020,51,200,1,ALLAN
24841,2/26/2019,171339,2019,51,200,1,ALLAN
24841,3/7/2018,168289,2018,51,200,1,ALLAN
24841,3/13/2017,164480,2017,51,200,1,ALLAN
24841,2/10/2016,160667,2016,51,200,1,CECILLE
24841,3/30/2015,157657,2015,51,200,1,ALLAN
24841,2/11/2014,152437,2014,51,200,1,ALLAN
24841,6/28/2013,13-094,2013,51,200,1,ALLAN
24846,1/14/2020,174589,2020,51,1725,1,ALLAN
24846,2/26/2019,171339,2019,51,1725,1,ALLAN
24846,3/7/2018,168289,2018,51,1725,1,ALLAN
24846,3/13/2017,164480,2017,51,1875,1,ALLAN
24846,2/10/2016,160667,2016,51,1875,1,CECILLE
24846,3/30/2015,157657,2015,51,1875,1,ALLAN
24846,1/7/2015,156315,2014,51,300,1,ALLAN
24846,2/11/2014,152437,2014,51,1425,1,ALLAN
24846,2/28/2014,13-478,2013,51,1425,1,ALLAN
24854,2/26/2019,171339,2019,51,1725,1,ALLAN
24854,3/7/2018,168289,2018,51,1725,1,ALLAN
24854,3/13/2017,164480,2017,51,1875,1,ALLAN
24854,2/10/2016,160667,2016,51,1875,1,CECILLE
24854,3/30/2015,157657,2015,51,1875,1,ALLAN
24854,1/7/2015,156315,2014,51,1725,1,ALLAN
24854,2/28/2014,13-478,2013,51,1425,1,ALLAN
24862,1/15/2025,199617,2025,51,400,1,ALLAN
24862,1/15/2024,192998,2024,51,400,1,ALLAN
24862,1/19/2023,186866,2023,51,400,1,ALLAN
24862,1/31/2022,180826,2022,51,400,1,ALLAN
24862,4/26/2021,21-036,2021,51,200,1,ALLAN
24862,1/14/2020,174589,2020,51,200,1,ALLAN
24862,2/26/2019,171339,2019,51,200,1,ALLAN
24862,3/7/2018,168289,2018,51,200,1,ALLAN
24862,3/13/2017,164480,2017,51,200,1,ALLAN
24862,2/10/2016,160667,2016,51,200,1,CECILLE
24862,3/30/2015,157657,2015,51,200,1,ALLAN
24862,1/7/2015,156315,2014,51,300,1,ALLAN
24862,12/17/2013,151708,2014,51,1425,1,CECILLE
24862,2/28/2014,13-478,2013,51,1425,1,ALLAN
24870,1/15/2025,199617,2025,51,400,1,ALLAN
24870,1/15/2024,192998,2024,51,400,1,ALLAN
24870,1/19/2023,186866,2023,51,400,1,ALLAN
24870,1/31/2022,180826,2022,51,400,1,ALLAN
24870,4/26/2021,21-036,2021,51,200,1,ALLAN
24870,1/14/2020,174589,2020,51,200,1,ALLAN
24870,2/26/2019,171339,2019,51,200,1,ALLAN
24870,3/7/2018,168289,2018,51,200,1,ALLAN
24870,3/13/2017,164480,2017,51,200,1,ALLAN
24870,3/30/2015,157657,2015,51,200,1,ALLAN
24870,1/7/2015,156315,2014,51,200,1,ALLAN
24873,1/15/2025,199617,2025,51,400,1,ALLAN
24873,1/15/2024,192998,2024,51,400,1,ALLAN
24873,1/19/2023,186866,2023,51,400,1,ALLAN
24873,1/31/2022,180826,2022,51,400,1,ALLAN
24873,4/26/2021,21-036,2021,51,200,1,ALLAN
24873,1/14/2020,174589,2020,51,200,1,ALLAN
24873,2/26/2019,171339,2019,51,200,1,ALLAN
24873,3/7/2018,168289,2018,51,200,1,ALLAN
24873,3/13/2017,164480,2017,51,200,1,ALLAN
24873,2/10/2016,160667,2016,51,200,1,CECILLE
24873,3/30/2015,157657,2015,51,200,1,ALLAN
24873,4/2/2014,153250,2014,51,200,1,ALLAN
24916,1/15/2025,199617,2025,51,2600,1,ALLAN
24916,1/15/2024,192998,2024,51,2600,1,ALLAN
24916,1/19/2023,186866,2023,51,2500,1,ALLAN
24916,1/31/2022,180826,2022,51,2500,1,ALLAN
24916,4/26/2021,21-036,2021,51,1725,1,ALLAN
24916,1/14/2020,174589,2020,51,1725,1,ALLAN
24916,2/26/2019,171339,2019,51,1725,1,ALLAN
24916,3/7/2018,168289,2018,51,1725,1,ALLAN
24916,3/13/2017,164480,2017,51,1875,1,ALLAN
24916,2/10/2016,160667,2016,51,1875,1,CECILLE
24916,3/30/2015,157657,2015,51,1875,1,ALLAN
24916,5/14/2014,153836,2014,51,1725,1,ALLAN
24916,5/22/2013,143316,2013,51,1425,1,ALLAN
24917,6/28/2013,13-094,2013,51,200,1,ALLAN
24954,1/15/2025,199617,2025,51,400,1,ALLAN
24954,1/15/2024,192998,2024,51,400,1,ALLAN
24954,1/19/2023,186866,2023,51,400,1,ALLAN
24954,1/31/2022,180826,2022,51,400,1,ALLAN
24954,4/26/2021,21-036,2021,51,200,1,ALLAN
24954,1/14/2020,174589,2020,51,200,1,ALLAN
24954,2/26/2019,171339,2019,51,200,1,ALLAN
24954,3/7/2018,168289,2018,51,200,1,ALLAN
24954,3/13/2017,164480,2017,51,200,1,ALLAN
24954,3/30/2015,157657,2015,51,200,1,ALLAN
24954,1/7/2015,156315,2014,51,200,1,ALLAN
24954,7/25/2013,144083,2013,51,200,1,CECILLE
24956,2/10/2016,160667,2016,51,200,1,CECILLE
24956,3/30/2015,157657,2015,51,200,1,ALLAN
24956,1/7/2015,156315,2014,51,200,1,ALLAN
24961,1/28/2014,152236,2014,51,200,1,ALLAN
24961,2/28/2014,13-478,2013,51,200,1,ALLAN
24962,1/7/2015,156315,2014,51,1725,1,ALLAN
24962,2/28/2014,13-478,2013,51,1425,1,ALLAN
24976,1/15/2025,199617,2025,51,400,1,ALLAN
24976,1/15/2024,192998,2024,51,400,1,ALLAN
24976,1/19/2023,186866,2023,51,400,1,ALLAN
24976,1/31/2022,180826,2022,51,400,1,ALLAN
24976,4/26/2021,21-036,2021,51,200,1,ALLAN
24976,1/14/2020,174589,2020,51,200,1,ALLAN
24976,2/26/2019,171339,2019,51,200,1,ALLAN
24976,3/7/2018,168289,2018,51,200,1,ALLAN
24976,3/13/2017,164480,2017,51,200,1,ALLAN
24976,2/10/2016,160667,2016,51,200,1,CECILLE
24976,3/30/2015,157657,2015,51,200,1,ALLAN
24976,9/29/2014,155244,2014,51,200,1,ALLAN
24976,2/28/2014,13-478,2013,51,200,1,ALLAN
24989,1/31/2022,180826,2022,51,2500,1,ALLAN
24989,4/26/2021,21-036,2021,51,1725,1,ALLAN
24989,1/14/2020,174589,2020,51,1725,1,ALLAN
24989,2/26/2019,171339,2019,51,1725,1,ALLAN
24989,3/7/2018,168289,2018,51,1725,1,ALLAN
24989,3/13/2017,164480,2017,51,1875,1,ALLAN
24989,2/10/2016,160667,2016,51,1875,1,CECILLE
24989,3/30/2015,157657,2015,51,1875,1,ALLAN
24989,11/12/2014,155795,2014,51,1725,1,ALLAN
24989,10/2/2013,144900,2013,51,1425,1,CECILLE
24993,2/26/2019,171339,2019,51,1725,1,ALLAN
24993,3/7/2018,168289,2018,51,1725,1,ALLAN
24993,3/13/2017,164480,2017,51,1875,1,ALLAN
24993,2/10/2016,160667,2016,51,1875,1,CECILLE
24993,3/30/2015,157657,2015,51,1875,1,ALLAN
24993,5/14/2014,153836,2014,51,1725,1,ALLAN
24993,5/14/2014,153836,2005,51,885,1,ALLAN
24994,1/15/2025,199617,2025,51,400,1,ALLAN
24994,1/15/2024,192998,2024,51,400,1,ALLAN
24994,1/19/2023,186866,2023,51,400,1,ALLAN
24994,1/31/2022,180826,2022,51,400,1,ALLAN
24994,4/26/2021,21-036,2021,51,200,1,ALLAN
24994,1/14/2020,174589,2020,51,200,1,ALLAN
24994,2/26/2019,171339,2019,51,200,1,ALLAN
24994,3/7/2018,168289,2018,51,200,1,ALLAN
24994,3/13/2017,164480,2017,51,200,1,ALLAN
24994,2/10/2016,160667,2016,51,200,1,CECILLE
24994,1/7/2015,156315,2015,51,200,1,ALLAN
24994,1/28/2014,152236,2014,51,200,1,ALLAN
24994,6/28/2013,13-094,2013,51,200,1,ALLAN
24998,1/15/2025,199617,2025,51,400,1,ALLAN
24998,1/15/2024,192998,2024,51,400,1,ALLAN
24998,1/19/2023,186866,2023,51,400,1,ALLAN
24998,1/31/2022,180826,2022,51,400,1,ALLAN
24998,4/26/2021,21-036,2021,51,200,1,ALLAN
24998,1/14/2020,174589,2020,51,200,1,ALLAN
24998,2/26/2019,171339,2019,51,200,1,ALLAN
24998,3/7/2018,168289,2018,51,200,1,ALLAN
24998,3/13/2017,164480,2017,51,200,1,ALLAN
24998,2/10/2016,160667,2016,51,200,1,CECILLE
24998,3/30/2015,157657,2015,51,200,1,ALLAN
24998,1/7/2015,156315,2014,51,200,1,ALLAN
24998,12/27/2013,13-373,2013,51,200,1,ALLAN
25008,1/15/2025,199617,2025,51,2600,1,ALLAN
25008,1/15/2024,192998,2024,51,2600,1,ALLAN
25008,1/19/2023,186866,2023,51,2500,1,ALLAN
25008,1/31/2022,180826,2022,51,2500,1,ALLAN
25008,4/26/2021,21-036,2021,51,1725,1,ALLAN
25008,1/14/2020,174589,2020,51,1725,1,ALLAN
25008,2/26/2019,171339,2019,51,1725,1,ALLAN
25008,3/7/2018,168289,2018,51,1725,1,ALLAN
25008,3/13/2017,164480,2017,51,1875,1,ALLAN
25008,2/10/2016,160667,2016,51,1875,1,CECILLE
25008,1/7/2015,156315,2015,51,1875,1,ALLAN
25008,1/7/2015,156315,2014,51,300,1,ALLAN
25008,1/28/2014,152236,2014,51,1425,1,ALLAN
25008,1/28/2014,152236,2007,51,935,1,ALLAN
25034,3/30/2015,157657,2015,51,200,1,ALLAN
25034,1/7/2015,156315,2014,51,200,1,ALLAN
25049,1/15/2025,199617,2025,51,400,1,ALLAN
25049,1/15/2024,192998,2024,51,400,1,ALLAN
25049,1/19/2023,186866,2023,51,400,1,ALLAN
25049,1/31/2022,180826,2022,51,400,1,ALLAN
25049,4/26/2021,21-036,2021,51,200,1,ALLAN
25049,1/14/2020,174589,2020,51,200,1,ALLAN
25049,2/26/2019,171339,2019,51,200,1,ALLAN
25049,3/7/2018,168289,2018,51,200,1,ALLAN
25049,3/13/2017,164480,2017,51,200,1,ALLAN
25049,3/30/2015,157657,2015,51,200,1,ALLAN
25049,1/7/2015,156315,2014,51,200,1,ALLAN
25058,1/15/2025,199617,2025,51,400,1,ALLAN
25058,1/15/2024,192998,2024,51,400,1,ALLAN
25058,1/19/2023,186866,2023,51,400,1,ALLAN
25058,1/31/2022,180826,2022,51,400,1,ALLAN
25058,4/26/2021,21-036,2021,51,200,1,ALLAN
25058,1/14/2020,174589,2020,51,200,1,ALLAN
25058,2/26/2019,171339,2019,51,200,1,ALLAN
25058,3/7/2018,168289,2018,51,200,1,ALLAN
25058,3/13/2017,164480,2017,51,200,1,ALLAN
25058,2/10/2016,160667,2016,51,200,1,CECILLE
25058,3/30/2015,157657,2015,51,200,1,ALLAN
25058,2/11/2014,152437,2014,51,200,1,ALLAN
25058,6/28/2013,13-094,2013,51,200,1,ALLAN
25066,1/15/2025,199617,2025,51,400,1,ALLAN
25066,1/15/2024,192998,2024,51,400,1,ALLAN
25066,1/19/2023,186866,2023,51,400,1,ALLAN
25066,1/31/2022,180826,2022,51,400,1,ALLAN
25066,4/26/2021,21-036,2021,51,200,1,ALLAN
25066,1/14/2020,174589,2020,51,200,1,ALLAN
25066,2/26/2019,171339,2019,51,200,1,ALLAN
25066,3/7/2018,168289,2018,51,200,1,ALLAN
25066,3/13/2017,164480,2017,51,200,1,ALLAN
25066,2/10/2016,160667,2016,51,200,1,CECILLE
25066,3/30/2015,157657,2015,51,200,1,ALLAN
25066,1/7/2015,156315,2014,51,200,1,ALLAN
25074,1/15/2025,199617,2025,51,400,1,ALLAN
25074,1/15/2024,192998,2024,51,400,1,ALLAN
25074,1/19/2023,186866,2023,51,400,1,ALLAN
25074,1/31/2022,180826,2022,51,400,1,ALLAN
25074,4/26/2021,21-036,2021,51,200,1,ALLAN
25074,1/14/2020,174589,2020,51,200,1,ALLAN
25074,2/26/2019,171339,2019,51,200,1,ALLAN
25074,3/7/2018,168289,2018,51,200,1,ALLAN
25074,3/13/2017,164480,2017,51,200,1,ALLAN
25074,2/10/2016,160667,2016,51,200,1,CECILLE
25074,3/30/2015,157657,2015,51,200,1,ALLAN
25074,1/7/2015,156315,2014,51,1725,1,ALLAN
25074,5/22/2013,143316,2013,51,1425,1,ALLAN
25076,5/22/2013,143316,2013,51,1425,1,ALLAN
25081,1/15/2025,199617,2025,51,2600,1,ALLAN
25081,1/15/2024,192998,2024,51,2600,1,ALLAN
25081,1/19/2023,186866,2023,51,2500,1,ALLAN
25081,1/31/2022,180826,2022,51,2500,1,ALLAN
25081,4/26/2021,21-036,2021,51,1725,1,ALLAN
25081,1/14/2020,174589,2020,51,1725,1,ALLAN
25081,2/26/2019,171339,2019,51,1725,1,ALLAN
25081,3/7/2018,168289,2018,51,1725,1,ALLAN
25081,3/13/2017,164480,2017,51,1875,1,ALLAN
25081,2/10/2016,160667,2016,51,1875,1,CECILLE
25081,1/7/2015,156315,2015,51,1875,1,ALLAN
25081,1/7/2015,156315,2014,51,300,1,ALLAN
25081,2/11/2014,152437,2014,51,1425,1,ALLAN
25081,2/28/2014,13-478,2013,51,1425,1,ALLAN
29032,3/26/2025,389,2025,346,2600,1,ALLAN
29032,2/15/2024,193889,2024,346,2600,1,ALLAN
29032,1/13/2023,186720,2023,346,2500,1,ALLAN
29032,2/18/2022,181196,2022,346,2500,1,ALLAN
29032,2/18/2021,177813,2021,346,1725,1,ALLAN
29032,3/3/2020,175616,2020,346,1725,1,ALLAN
29032,1/11/2019,170733,2019,346,1725,1,ALLAN
29032,3/14/2018,168447,2018,346,1725,1,ALLAN
29032,3/15/2017,164589,2017,346,1875,1,ALLAN
29032,7/30/2016,16-148,2016,346,1875,1,ALLAN
29032,3/31/2015,157761,2015,346,1875,1,ALLAN
29032,3/31/2015,157761,2014,346,1725,1,ALLAN
29032,3/19/2014,153082,2013,346,1425,1,ALLAN
32235,1/15/2024,192998,2024,51,400,1,ALLAN
32235,1/19/2023,186866,2023,51,400,1,ALLAN
32235,1/31/2022,180826,2022,51,400,1,ALLAN
32235,4/26/2021,21-036,2021,51,200,1,ALLAN
32235,1/14/2020,174589,2020,51,200,1,ALLAN
32235,2/26/2019,171339,2019,51,200,1,ALLAN
32235,3/7/2018,168289,2018,51,200,1,ALLAN
32235,3/13/2017,164480,2017,51,200,1,ALLAN
32235,3/30/2015,157657,2015,51,200,1,ALLAN
32235,1/7/2015,156315,2014,51,200,1,ALLAN
32456,1/15/2025,199617,2025,51,400,1,ALLAN
32456,1/15/2024,192998,2024,51,400,1,ALLAN
32456,1/19/2023,186866,2023,51,400,1,ALLAN
32456,1/31/2022,180826,2022,51,400,1,ALLAN
32456,4/26/2021,21-036,2021,51,200,1,ALLAN
32456,1/14/2020,174589,2020,51,200,1,ALLAN
32456,2/26/2019,171339,2019,51,200,1,ALLAN
32456,3/7/2018,168289,2018,51,200,1,ALLAN
32456,3/13/2017,164480,2017,51,200,1,ALLAN
32456,2/10/2016,160667,2016,51,200,1,CECILLE
32456,3/30/2015,157657,2015,51,200,1,ALLAN
32456,6/27/2014,154243,2014,51,200,1,CECILLE
32456,7/25/2013,144083,2013,51,200,1,CECILLE
32459,3/7/2018,168289,2018,51,200,1,ALLAN
32459,3/13/2017,164480,2017,51,200,1,ALLAN
32459,2/10/2016,160667,2016,51,200,1,CECILLE
32459,3/30/2015,157657,2015,51,200,1,ALLAN
32459,2/11/2014,152437,2014,51,200,1,ALLAN
32459,2/28/2014,13-478,2013,51,200,1,ALLAN
35256,12/29/2022,186474,2023,69,400,1,ALLAN
35256,4/11/2022,22-007,2022,69,400,1,ALLAN
35256,4/26/2021,21-039,2021,69,200,1,ALLAN
35256,1/16/2020,174693,2020,69,200,1,ALLAN
35256,1/18/2019,170872,2019,69,200,1,ALLAN
35256,1/24/2018,167766,2018,69,200,1,ALLAN
35256,3/14/2017,164497,2017,69,200,1,ALLAN
35256,3/1/2016,160883,2016,69,200,1,ALLAN
35256,3/26/2015,157587,2015,69,200,1,ALLAN
35256,3/26/2015,157587,2014,69,200,1,ALLAN
35256,4/30/2014,14-019,2013,69,200,1,ALLAN
49899,1/20/2025,199746,2025,69,400,1,ALLAN
49899,1/31/2024,193512,2024,69,400,1,ALLAN
49899,12/29/2022,186474,2023,69,400,1,ALLAN
49899,4/11/2022,22-007,2022,69,400,1,ALLAN
49899,4/26/2021,21-039,2021,69,200,1,ALLAN
49899,1/16/2020,174693,2020,69,200,1,ALLAN
49899,1/18/2019,170872,2019,69,200,1,ALLAN
49899,1/24/2018,167766,2018,69,200,1,ALLAN
49899,3/14/2017,164497,2017,69,200,1,ALLAN
49899,3/1/2016,160883,2016,69,1875,1,ALLAN
49899,3/26/2015,157587,2015,69,1875,1,ALLAN
49899,3/26/2015,157587,2014,69,300,1,ALLAN
49899,3/14/2014,152931,2014,69,1425,1,CECILLE
49899,4/30/2014,14-019,2013,69,1425,1,ALLAN
49901,4/26/2021,21-039,2021,69,200,1,ALLAN
49901,1/16/2020,174693,2020,69,200,1,ALLAN
49901,1/18/2019,170872,2019,69,200,1,ALLAN
49901,1/24/2018,167766,2018,69,200,1,ALLAN
49901,3/14/2017,164497,2017,69,200,1,ALLAN
49901,3/1/2016,160883,2016,69,200,1,ALLAN
49901,3/26/2015,157587,2015,69,200,1,ALLAN
49901,10/21/2014,155548,2014,69,200,1,ALLAN
49901,4/30/2014,14-019,2013,69,200,1,ALLAN
56846,1/20/2025,199746,2025,69,400,1,ALLAN
56846,1/31/2024,193512,2024,69,400,1,ALLAN
56846,12/29/2022,186474,2023,69,400,1,ALLAN
56846,4/11/2022,22-007,2022,69,400,1,ALLAN
56846,4/26/2021,21-039,2021,69,200,1,ALLAN
56846,1/16/2020,174693,2020,69,1725,1,ALLAN
56846,1/18/2019,170872,2019,69,1725,1,ALLAN
56846,1/8/2018,167477,2018,69,1725,1,ALLAN
56846,3/14/2017,164497,2017,69,1875,1,ALLAN
56846,3/1/2016,160883,2016,69,1875,1,ALLAN
56846,3/26/2015,157587,2015,69,1875,1,ALLAN
56846,3/26/2015,157587,2014,69,1725,1,ALLAN
56846,4/30/2014,14-019,2013,69,1425,1,ALLAN
56847,1/20/2025,199746,2025,69,400,1,ALLAN
56847,1/31/2024,193512,2024,69,400,1,ALLAN
56847,12/29/2022,186474,2023,69,400,1,ALLAN
56847,4/11/2022,22-007,2022,69,400,1,ALLAN
56847,4/26/2021,21-039,2021,69,200,1,ALLAN
56847,1/16/2020,174693,2020,69,1725,1,ALLAN
56847,1/18/2019,170872,2019,69,1725,1,ALLAN
56847,1/8/2018,167477,2018,69,1725,1,ALLAN
56847,3/14/2017,164497,2017,69,1875,1,ALLAN
56847,3/1/2016,160883,2016,69,1875,1,ALLAN
56847,3/26/2015,157587,2015,69,1875,1,ALLAN
56847,10/21/2014,155548,2014,69,1725,1,ALLAN
56847,4/30/2014,14-019,2013,69,1425,1,ALLAN
57409,1/15/2025,199617,2025,51,400,1,ALLAN
57409,1/15/2024,192998,2024,51,400,1,ALLAN
57409,1/19/2023,186866,2023,51,400,1,ALLAN
57409,1/31/2022,180826,2022,51,400,1,ALLAN
57409,4/26/2021,21-036,2021,51,200,1,ALLAN
57409,1/14/2020,174589,2020,51,200,1,ALLAN
57409,2/26/2019,171339,2019,51,200,1,ALLAN
57409,3/7/2018,168289,2018,51,200,1,ALLAN
57409,3/13/2017,164480,2017,51,200,1,ALLAN
57409,2/10/2016,160667,2016,51,200,1,CECILLE
57409,1/7/2015,156315,2015,51,200,1,ALLAN
57409,4/2/2014,153250,2014,51,200,1,ALLAN
57409,6/28/2013,13-094,2013,51,200,1,ALLAN
57426,1/15/2025,199617,2025,51,2600,1,ALLAN
57426,1/15/2024,192998,2024,51,2600,1,ALLAN
57426,1/19/2023,186866,2023,51,2500,1,ALLAN
57426,1/31/2022,180826,2022,51,2500,1,ALLAN
57426,4/26/2021,21-036,2021,51,1725,1,ALLAN
57426,1/14/2020,174589,2020,51,1725,1,ALLAN
57426,2/26/2019,171339,2019,51,1725,1,ALLAN
57426,3/7/2018,168289,2018,51,1725,1,ALLAN
57426,3/13/2017,164480,2017,51,1875,1,ALLAN
57426,2/10/2016,160667,2016,51,1875,1,CECILLE
57426,3/30/2015,157657,2015,51,1875,1,ALLAN
57426,5/14/2014,153836,2014,51,1725,1,ALLAN
57426,2/28/2014,13-478,2013,51,1425,1,ALLAN
57437,3/30/2015,157657,2015,51,1875,1,ALLAN
57437,11/12/2014,155795,2014,51,1725,1,ALLAN
57437,10/11/2013,145049,2013,51,1425,1,CECILLE
57437,10/11/2013,145049,2007,51,935,1,CECILLE
58007,1/20/2025,199746,2025,69,400,1,ALLAN
58007,1/31/2024,193512,2024,69,400,1,ALLAN
58007,12/29/2022,186474,2023,69,400,1,ALLAN
58007,4/11/2022,22-007,2022,69,400,1,ALLAN
58007,4/26/2021,21-039,2021,69,200,1,ALLAN
58007,1/16/2020,174693,2020,69,1725,1,ALLAN
58007,1/18/2019,170872,2019,69,1725,1,ALLAN
58007,1/8/2018,167477,2018,69,1725,1,ALLAN
58007,3/14/2017,164497,2017,69,1875,1,ALLAN
58007,3/1/2016,160883,2016,69,1875,1,ALLAN
58007,3/26/2015,157587,2015,69,1875,1,ALLAN
58007,3/26/2015,157587,2014,69,300,1,ALLAN
58007,3/14/2014,152931,2014,69,1425,1,CECILLE
58007,4/30/2014,14-019,2013,69,1425,1,ALLAN
58098,1/15/2025,199617,2025,51,2600,1,ALLAN
58098,1/15/2024,192998,2024,51,2600,1,ALLAN
58098,1/19/2023,186866,2023,51,2500,1,ALLAN
58098,1/31/2022,180826,2022,51,2500,1,ALLAN
58098,4/26/2021,21-036,2021,51,1725,1,ALLAN
58098,1/14/2020,174589,2020,51,1725,1,ALLAN
58098,2/26/2019,171339,2019,51,1725,1,ALLAN
58098,3/7/2018,168289,2018,51,1725,1,ALLAN
58098,3/13/2017,164480,2017,51,1875,1,ALLAN
58098,2/10/2016,160667,2016,51,1875,1,CECILLE
58098,3/30/2015,157657,2015,51,1875,1,ALLAN
58098,1/7/2015,156315,2014,51,1725,1,ALLAN
58098,6/18/2013,143629,2013,51,1425,1,CECILLE
58398,11/19/2024,198847,2025,31,2600,1,ALLAN
58398,1/25/2024,193344,2024,31,2600,1,ALLAN
58398,2/17/2023,187523,2023,31,2500,1,ALLAN
58398,2/22/2022,181252,2022,31,2500,1,ALLAN
58398,2/17/2021,177790,2021,31,1725,1,ALLAN
58398,1/30/2020,175050,2020,31,1725,1,ALLAN
58398,1/7/2019,170659,2019,31,1725,1,ALLAN
58398,1/11/2018,167533,2018,31,1725,1,ALLAN
58398,1/5/2017,163486,2017,31,1875,1,ALLAN
58398,3/30/2016,161338,2016,31,1875,1,ALLAN
58398,3/30/2016,161338,2000,31,585,1,ALLAN
58725,1/15/2025,199617,2025,51,400,1,ALLAN
58725,1/15/2024,192998,2024,51,400,1,ALLAN
58725,1/19/2023,186866,2023,51,400,1,ALLAN
58725,2/28/2022,181404,2022,448,550,1,ALLAN
58725,1/31/2022,180826,2022,51,400,1,ALLAN
58725,4/26/2021,21-036,2021,51,200,1,ALLAN
58725,2/17/2021,177784,2021,448,450,1,ALLAN
58725,2/17/2021,177784,2020,448,450,1,ALLAN
58725,1/14/2020,174589,2020,51,1725,1,ALLAN
58725,7/15/2019,19-097,2019,448,450,1,ALLAN
58725,2/26/2019,171339,2019,51,1725,1,ALLAN
58725,7/15/2019,19-097,2018,448,450,1,ALLAN
58725,3/7/2018,168289,2018,51,1725,1,ALLAN
58725,3/13/2017,164480,2017,51,1875,1,ALLAN
58725,2/10/2016,160667,2016,51,1875,1,CECILLE
58725,3/30/2015,157657,2015,51,1875,1,ALLAN
58725,8/12/2014,154748,2014,51,1725,1,CECILLE
58725,2/28/2014,13-478,2013,51,1425,1,ALLAN
58957,1/20/2025,199746,2025,69,2600,1,ALLAN
58957,1/31/2024,193512,2024,69,2600,1,ALLAN
58957,12/29/2022,186474,2023,69,2500,1,ALLAN
58957,4/11/2022,22-007,2022,69,2500,1,ALLAN
58957,4/26/2021,21-039,2021,69,1725,1,ALLAN
58957,1/16/2020,174693,2020,69,1725,1,ALLAN
58957,1/16/2020,174693,2019,69,1725,1,ALLAN
58957,1/16/2020,174693,2009,69,1125,1,ALLAN
58983,1/20/2025,199746,2025,69,400,1,ALLAN
58983,1/31/2024,193512,2024,69,400,1,ALLAN
58983,12/29/2022,186474,2023,69,400,1,ALLAN
58983,4/11/2022,22-007,2022,69,2500,1,ALLAN
58983,4/26/2021,21-039,2021,69,1725,1,ALLAN
58983,1/16/2020,174693,2020,69,1725,1,ALLAN
58983,1/18/2019,170872,2019,69,1725,1,ALLAN
58983,1/8/2018,167477,2018,69,1725,1,ALLAN
58983,3/14/2017,164497,2017,69,1875,1,ALLAN
58983,3/1/2016,160883,2016,69,1875,1,ALLAN
58983,3/26/2015,157587,2015,69,1875,1,ALLAN
58983,3/26/2015,157587,2014,69,1725,1,ALLAN
58983,4/30/2014,14-019,2013,69,1425,1,ALLAN
58985,1/15/2025,199617,2025,51,2600,1,ALLAN
58985,1/15/2024,192998,2024,51,2600,1,ALLAN
58985,1/19/2023,186866,2023,51,2500,1,ALLAN
58985,1/19/2023,186866,2022,51,2500,1,ALLAN
58985,1/19/2023,186866,2008,51,1125,1,ALLAN
59064,12/19/2013,151757,2013,31,1425,1,CECILLE
59097,11/19/2024,198847,2025,31,2600,1,ALLAN
59097,1/25/2024,193344,2024,31,2600,1,ALLAN
59097,2/17/2023,187523,2023,31,2500,1,ALLAN
59097,2/22/2022,181252,2022,31,2500,1,ALLAN
59097,2/17/2021,177790,2021,31,1725,1,ALLAN
59097,1/30/2020,175050,2020,31,1725,1,ALLAN
59097,1/7/2019,170659,2019,31,1725,1,ALLAN
59097,1/11/2018,167533,2018,31,1725,1,ALLAN
59097,1/5/2017,163486,2017,31,1875,1,ALLAN
59097,3/30/2016,161338,2016,31,1875,1,ALLAN
59097,4/1/2015,157799,2015,31,1875,1,ALLAN
59097,12/3/2014,156020,2014,31,1725,1,ALLAN
59097,6/28/2013,13-090,2013,31,1425,1,ALLAN
59253,3/28/2025,434,2025,15,400,1,ALLAN
59253,2/14/2024,193859,2024,15,400,1,ALLAN
59253,2/7/2023,187280,2023,15,400,1,ALLAN
59253,2/21/2022,181212,2022,15,2500,1,ALLAN
59253,1/20/2021,177272,2021,15,1725,1,ALLAN
59253,2/14/2020,175325,2020,15,1725,1,ALLAN
59253,3/18/2019,171697,2019,15,1725,1,ALLAN
59253,2/26/2018,168180,2018,15,1725,1,ALLAN
59253,3/15/2017,164578,2017,15,1875,1,ALLAN
59253,3/28/2016,161323,2016,15,1875,1,ALLAN
59253,3/31/2015,157758,2015,15,1875,1,ALLAN
59253,2/26/2015,157094,2014,15,1725,1,ALLAN
59253,1/3/2014,151854,2013,15,1425,1,ALLAN
59281,11/19/2024,198847,2025,31,2600,1,ALLAN
59281,1/25/2024,193344,2024,31,2600,1,ALLAN
59281,2/17/2023,187523,2023,31,2500,1,ALLAN
59281,2/22/2022,181252,2022,31,2500,1,ALLAN
59281,2/17/2021,177790,2021,31,1725,1,ALLAN
59281,1/30/2020,175050,2020,31,1725,1,ALLAN
59281,1/7/2019,170659,2019,31,1725,1,ALLAN
59281,1/11/2018,167533,2018,31,1725,1,ALLAN
59281,1/5/2017,163486,2017,31,1875,1,ALLAN
59281,10/29/2015,15-297,2016,31,1875,1,ALLAN
59281,4/1/2015,157799,2015,31,1875,1,ALLAN
59281,11/19/2014,155881,2014,31,1725,1,ALLAN
59281,11/19/2014,155881,2005,31,885,1,ALLAN
59639,3/28/2025,434,2025,15,2600,1,ALLAN
59639,2/14/2024,193859,2024,15,2600,1,ALLAN
59639,2/7/2023,187280,2023,15,2500,1,ALLAN
59639,2/21/2022,181212,2022,15,2500,1,ALLAN
59639,1/20/2021,177272,2021,15,1725,1,ALLAN
59639,2/14/2020,175325,2020,15,1725,1,ALLAN
59639,3/18/2019,171697,2019,15,1725,1,ALLAN
59639,2/26/2018,168180,2018,15,1725,1,ALLAN
59639,3/15/2017,164578,2017,15,1875,1,ALLAN
59639,3/28/2016,161323,2016,15,1875,1,ALLAN
59639,3/28/2016,161323,2015,15,1875,1,ALLAN
59921,2/10/2016,160667,2016,51,1875,1,CECILLE
59921,3/30/2015,157657,2015,51,1875,1,ALLAN
59921,1/7/2015,156315,2014,51,1725,1,ALLAN
59921,5/22/2013,143316,2013,51,1425,1,ALLAN
59927,1/20/2025,199746,2025,69,400,1,ALLAN
59927,1/31/2024,193512,2024,69,400,1,ALLAN
59927,12/29/2022,186474,2023,69,2500,1,ALLAN
59927,4/11/2022,22-007,2022,69,2500,1,ALLAN
59927,4/26/2021,21-039,2021,69,1725,1,ALLAN
59927,1/16/2020,174693,2020,69,1725,1,ALLAN
59927,1/18/2019,170872,2019,69,1725,1,ALLAN
59927,1/8/2018,167477,2018,69,1725,1,ALLAN
59927,3/14/2017,164497,2017,69,1875,1,ALLAN
59927,3/1/2016,160883,2016,69,1875,1,ALLAN
59927,3/26/2015,157587,2015,69,1875,1,ALLAN
59927,3/26/2015,157587,2014,69,1725,1,ALLAN
59927,4/30/2014,14-019,2013,69,1425,1,ALLAN
60015,11/19/2024,198847,2025,31,2600,1,ALLAN
60015,1/25/2024,193344,2024,31,2600,1,ALLAN
60015,3/7/2023,187908,2023,31,2500,1,ALLAN
60015,2/22/2022,181252,2022,31,2500,1,ALLAN
60015,2/17/2021,177790,2021,31,1725,1,ALLAN
60015,1/30/2020,175050,2020,31,1725,1,ALLAN
60015,1/7/2019,170659,2019,31,1725,1,ALLAN
60015,1/11/2018,167533,2018,31,1725,1,ALLAN
60015,1/5/2017,163486,2017,31,1875,1,ALLAN
60015,3/30/2016,161338,2016,31,1875,1,ALLAN
60015,4/1/2015,157799,2015,31,1875,1,ALLAN
60015,12/17/2014,156184,2014,31,1725,1,CECILLE
60015,6/28/2013,13-090,2013,31,1425,1,ALLAN
60076,11/19/2024,198847,2025,31,2600,1,ALLAN
60076,1/25/2024,193344,2024,31,2600,1,ALLAN
60076,2/17/2023,187523,2023,31,2500,1,ALLAN
60076,2/22/2022,181252,2022,31,2500,1,ALLAN
60076,2/17/2021,177790,2021,31,1725,1,ALLAN
60076,1/30/2020,175050,2020,31,1725,1,ALLAN
60076,1/7/2019,170659,2019,31,1725,1,ALLAN
60076,1/11/2018,167533,2018,31,1725,1,ALLAN
60076,1/5/2017,163486,2017,31,1875,1,ALLAN
60076,3/30/2016,161338,2016,31,1875,1,ALLAN
60076,4/1/2015,157799,2015,31,1875,1,ALLAN
60076,8/29/2014,154918,2014,31,1725,1,CECILLE
60076,12/19/2013,151757,2013,31,1425,1,CECILLE
60081,11/19/2024,198847,2025,31,2600,1,ALLAN
60081,1/25/2024,193344,2024,31,2600,1,ALLAN
60081,2/17/2023,187523,2023,31,2500,1,ALLAN
60081,2/22/2022,181252,2022,31,2500,1,ALLAN
60081,2/17/2021,177790,2021,31,1725,1,ALLAN
60081,1/30/2020,175050,2020,31,1725,1,ALLAN
60081,1/7/2019,170659,2019,31,1725,1,ALLAN
60081,1/11/2018,167533,2018,31,1725,1,ALLAN
60081,1/5/2017,163486,2017,31,1875,1,ALLAN
60081,3/30/2016,161338,2016,31,1875,1,ALLAN
60081,1/26/2015,156623,2015,31,1875,1,ALLAN
60081,1/12/2015,156381,2014,31,1725,1,CECILLE
60081,6/28/2013,13-090,2013,31,1425,1,ALLAN
60182,11/19/2024,198847,2025,31,2600,1,ALLAN
60182,1/25/2024,193344,2024,31,2600,1,ALLAN
60182,2/17/2023,187523,2023,31,2500,1,ALLAN
60182,2/22/2022,181252,2022,31,2500,1,ALLAN
60182,2/17/2021,177790,2021,31,1725,1,ALLAN
60182,1/30/2020,175050,2020,31,1725,1,ALLAN
60182,1/7/2019,170659,2019,31,1725,1,ALLAN
60182,1/11/2018,167533,2018,31,1725,1,ALLAN
60182,1/5/2017,163486,2017,31,1875,1,ALLAN
60182,3/30/2016,161338,2016,31,1875,1,ALLAN
60182,4/1/2015,157799,2015,31,1875,1,ALLAN
60182,12/22/2014,156249,2014,31,1725,1,CECILLE
60182,10/1/2013,144890,2013,31,1425,1,ALLAN
60182,10/1/2013,144890,2011,31,1125,1,ALLAN
60281,11/19/2024,198847,2025,31,2600,1,ALLAN
60281,1/25/2024,193344,2024,31,2600,1,ALLAN
60281,2/17/2023,187523,2023,31,2500,1,ALLAN
60281,2/17/2023,187523,2022,31,2500,1,ALLAN
60281,2/17/2023,187523,2021,31,1725,1,ALLAN
60281,2/17/2023,187523,1998,31,515,1,ALLAN
60282,11/19/2024,198847,2025,31,2600,1,ALLAN
60282,1/25/2024,193344,2024,31,2600,1,ALLAN
60282,2/17/2023,187523,2023,31,2500,1,ALLAN
60282,2/22/2022,181252,2022,31,2500,1,ALLAN
60282,2/17/2021,177790,2021,31,1725,1,ALLAN
60282,1/30/2020,175050,2020,31,1725,1,ALLAN
60282,1/7/2019,170659,2019,31,1725,1,ALLAN
60282,1/11/2018,167533,2018,31,1725,1,ALLAN
60282,1/5/2017,163486,2017,31,1875,1,ALLAN
60282,3/30/2016,161338,2016,31,1875,1,ALLAN
60282,8/25/2015,159041,2015,31,1875,1,CECILLE
60282,8/25/2015,159041,2011,31,1125,1,CECILLE
60340,11/19/2024,198847,2025,31,2600,1,ALLAN
60340,1/25/2024,193344,2024,31,2600,1,ALLAN
60340,2/17/2023,187523,2023,31,2500,1,ALLAN
60340,2/22/2022,181252,2022,31,2500,1,ALLAN
60340,2/17/2021,177790,2021,31,1725,1,ALLAN
60340,1/30/2020,175050,2020,31,1725,1,ALLAN
60340,1/7/2019,170659,2019,31,1725,1,ALLAN
60340,1/11/2018,167533,2018,31,1725,1,ALLAN
60340,1/5/2017,163486,2017,31,1875,1,ALLAN
60340,3/30/2016,161338,2016,31,1875,1,ALLAN
60340,4/1/2015,157799,2015,31,1875,1,ALLAN
60340,8/1/2014,154585,2014,31,1725,1,CECILLE
60340,12/19/2013,151757,2013,31,1425,1,CECILLE
60807,6/28/2013,13-090,2013,31,1425,1,ALLAN
60808,3/4/2025,200856,2025,31,400,1,CECILLE
60808,1/25/2024,193344,2024,31,2600,1,ALLAN
60808,2/17/2023,187523,2023,31,2500,1,ALLAN
60808,2/22/2022,181252,2022,31,2500,1,ALLAN
60808,2/17/2021,177790,2021,31,1725,1,ALLAN
60808,1/30/2020,175050,2020,31,1725,1,ALLAN
60808,1/7/2019,170659,2019,31,1725,1,ALLAN
60808,1/11/2018,167533,2018,31,1725,1,ALLAN
60808,1/5/2017,163486,2017,31,1875,1,ALLAN
60808,3/30/2016,161338,2016,31,1875,1,ALLAN
60808,1/26/2015,156623,2015,31,1875,1,ALLAN
60808,7/2/2014,154277,2014,31,1725,1,CECILLE
60808,9/12/2013,144685,2013,31,1425,1,CECILLE
60809,11/19/2024,198847,2025,31,400,1,ALLAN
60809,1/25/2024,193344,2024,31,400,1,ALLAN
60809,2/17/2023,187523,2023,31,2500,1,ALLAN
60809,2/22/2022,181252,2022,31,2500,1,ALLAN
60809,2/17/2021,177790,2021,31,1725,1,ALLAN
60809,1/30/2020,175050,2020,31,1725,1,ALLAN
60809,1/7/2019,170659,2019,31,1725,1,ALLAN
60809,1/11/2018,167533,2018,31,1725,1,ALLAN
60809,1/5/2017,163486,2017,31,1875,1,ALLAN
60809,3/30/2016,161338,2016,31,1875,1,ALLAN
60809,4/1/2015,157799,2015,31,1875,1,ALLAN
60809,10/8/2014,155350,2014,31,1725,1,ALLAN
60809,12/19/2013,151757,2013,31,1425,1,CECILLE
61229,3/28/2025,434,2025,15,2600,1,ALLAN
61229,2/14/2024,193859,2024,15,2600,1,ALLAN
61229,2/7/2023,187280,2023,15,2500,1,ALLAN
61229,2/21/2022,181212,2022,15,2500,1,ALLAN
61453,8/6/2025,2322,2026,31,2850,1,CECILLE
61453,11/19/2024,198847,2025,31,2600,1,ALLAN
61453,1/25/2024,193344,2024,31,2600,1,ALLAN
61453,2/17/2023,187523,2023,31,2500,1,ALLAN
61453,2/22/2022,181252,2022,31,2500,1,ALLAN
61453,2/17/2021,177790,2021,31,1725,1,ALLAN
61453,1/30/2020,175050,2020,31,1725,1,ALLAN
61453,1/7/2019,170659,2019,31,1725,1,ALLAN
61453,1/11/2018,167533,2018,31,1725,1,ALLAN
61453,1/5/2017,163486,2017,31,1875,1,ALLAN
61453,3/10/2016,161018,2016,31,1875,1,ALLAN
61453,3/2/2015,157154,2015,31,1875,1,CECILLE
61453,7/2/2014,154277,2014,31,1725,1,CECILLE
61453,6/28/2013,13-090,2013,31,1425,1,ALLAN
61561,12/19/2013,151757,2013,31,1425,1,CECILLE
61966,1/15/2025,199617,2025,51,2600,1,ALLAN
61966,1/15/2024,192998,2024,51,2600,1,ALLAN
61966,1/19/2023,186866,2023,51,2500,1,ALLAN
61966,1/31/2022,180826,2022,51,2500,1,ALLAN
61966,4/26/2021,21-036,2021,51,1725,1,ALLAN
61966,1/14/2020,174589,2020,51,1725,1,ALLAN
61966,7/22/2019,172812,2019,51,1725,1,CECILLE
61966,3/30/2015,157657,2015,51,1875,1,ALLAN
61966,1/7/2015,156315,2014,51,1725,1,ALLAN
61966,2/28/2014,13-478,2013,51,1425,1,ALLAN
61966,2/28/2014,13-478,2007,51,935,1,ALLAN
61968,1/15/2025,199617,2025,51,400,1,ALLAN
61968,1/15/2024,192998,2024,51,2600,1,ALLAN
61968,1/19/2023,186866,2023,51,2500,1,ALLAN
61968,1/31/2022,180826,2022,51,2500,1,ALLAN
61968,4/26/2021,21-036,2021,51,1725,1,ALLAN
61968,1/14/2020,174589,2020,51,1725,1,ALLAN
61968,2/26/2019,171339,2019,51,1725,1,ALLAN
61968,3/7/2018,168289,2018,51,1725,1,ALLAN
61968,3/13/2017,164480,2017,51,1875,1,ALLAN
61968,2/10/2016,160667,2016,51,1875,1,CECILLE
61968,3/30/2015,157657,2015,51,1875,1,ALLAN
61968,9/29/2014,155244,2014,51,1725,1,ALLAN
61968,2/28/2014,13-478,2013,51,1425,1,ALLAN
61988,1/20/2025,199746,2025,69,2600,1,ALLAN
61988,1/31/2024,193512,2024,69,2600,1,ALLAN
61988,12/29/2022,186474,2023,69,2500,1,ALLAN
61988,4/11/2022,22-007,2022,69,2500,1,ALLAN
61988,4/26/2021,21-039,2021,69,1725,1,ALLAN
61988,1/16/2020,174693,2020,69,1725,1,ALLAN
61988,1/18/2019,170872,2019,69,1725,1,ALLAN
61988,1/8/2018,167477,2018,69,1725,1,ALLAN
61988,3/14/2017,164497,2017,69,1875,1,ALLAN
61988,3/1/2016,160883,2016,69,1875,1,ALLAN
61988,3/26/2015,157587,2015,69,1875,1,ALLAN
61988,3/26/2015,157587,2014,69,300,1,ALLAN
61988,3/14/2014,152931,2014,69,1425,1,CECILLE
61988,4/30/2014,14-019,2013,69,1425,1,ALLAN
62020,11/19/2024,198847,2025,31,2600,1,ALLAN
62020,1/25/2024,193344,2024,31,2600,1,ALLAN
62020,2/17/2023,187523,2023,31,2500,1,ALLAN
62020,2/22/2022,181252,2022,31,2500,1,ALLAN
62020,2/17/2021,177790,2021,31,1725,1,ALLAN
62020,1/30/2020,175050,2020,31,1725,1,ALLAN
62020,1/7/2019,170659,2019,31,1725,1,ALLAN
62020,11/20/2017,166632,2018,31,1725,1,CECILLE
62020,1/5/2017,163486,2017,31,1875,1,ALLAN
62020,3/10/2016,161018,2016,31,1875,1,ALLAN
62020,3/16/2015,157425,2015,31,1875,1,CECILLE
62189,1/7/2015,156315,2014,51,1725,1,ALLAN
62189,2/28/2014,13-478,2013,51,1425,1,ALLAN
62190,3/30/2015,157657,2015,51,1875,1,ALLAN
62190,1/7/2015,156315,2014,51,1725,1,ALLAN
62190,2/28/2014,13-478,2013,51,1425,1,ALLAN
62610,1/11/2019,170733,2019,346,450,1,ALLAN
62610,4/30/2018,18-053,2018,346,450,1,ALLAN
62610,3/15/2017,164589,2017,346,450,1,ALLAN
62610,7/30/2016,16-148,2016,346,450,1,ALLAN
62610,3/31/2015,157761,2015,346,450,1,ALLAN
62610,3/31/2015,157761,2014,346,450,1,ALLAN
62610,3/19/2014,153082,2013,346,450,1,ALLAN
62665,1/15/2025,199617,2025,51,2600,1,ALLAN
62665,1/15/2024,192998,2024,51,2600,1,ALLAN
62665,1/19/2023,186866,2023,51,2500,1,ALLAN
62665,1/31/2022,180826,2022,51,2500,1,ALLAN
62665,4/26/2021,21-036,2021,51,1725,1,ALLAN
62665,1/14/2020,174589,2020,51,1725,1,ALLAN
62665,2/26/2019,171339,2019,51,1725,1,ALLAN
62665,3/7/2018,168289,2018,51,1725,1,ALLAN
62665,3/13/2017,164480,2017,51,1875,1,ALLAN
62665,2/10/2016,160667,2016,51,1875,1,CECILLE
62665,3/30/2015,157657,2015,51,1875,1,ALLAN
62665,11/12/2014,155795,2014,51,1725,1,ALLAN
62795,11/19/2024,198847,2025,31,2600,1,ALLAN
62795,1/25/2024,193344,2024,31,2600,1,ALLAN
62795,2/17/2023,187523,2023,31,2500,1,ALLAN
62795,2/22/2022,181252,2022,31,2500,1,ALLAN
62795,2/17/2021,177790,2021,31,1725,1,ALLAN
62795,1/30/2020,175050,2020,31,1725,1,ALLAN
62795,1/7/2019,170659,2019,31,1725,1,ALLAN
62795,1/11/2018,167533,2018,31,1725,1,ALLAN
62795,4/21/2017,164978,2017,31,1875,1,CECILLE
62795,3/30/2016,161338,2016,31,1875,1,ALLAN
62795,7/1/2015,158630,2015,31,1875,1,ALLAN
62795,7/1/2015,158630,2014,31,1525,1,ALLAN
62795,12/19/2013,151757,2013,31,1425,1,CECILLE
62797,12/19/2013,151757,2013,31,1425,1,CECILLE
62872,1/20/2025,199746,2025,69,2600,1,ALLAN
62872,1/31/2024,193512,2024,69,2600,1,ALLAN
62872,12/29/2022,186474,2023,69,2500,1,ALLAN
62872,4/11/2022,22-007,2022,69,2500,1,ALLAN
62872,4/26/2021,21-039,2021,69,1725,1,ALLAN
62872,1/16/2020,174693,2020,69,1725,1,ALLAN
62872,1/18/2019,170872,2019,69,1725,1,ALLAN
62872,1/8/2018,167477,2018,69,1725,1,ALLAN
62872,3/14/2017,164497,2017,69,1875,1,ALLAN
62872,3/1/2016,160883,2016,69,1875,1,ALLAN
62872,3/26/2015,157587,2015,69,1875,1,ALLAN
62872,3/26/2015,157587,2014,69,1725,1,ALLAN
62872,4/30/2014,14-019,2013,69,1425,1,ALLAN
63181,11/19/2024,198847,2025,31,2600,1,ALLAN
63181,1/25/2024,193344,2024,31,2600,1,ALLAN
63181,2/17/2023,187523,2023,31,2500,1,ALLAN
63181,2/22/2022,181252,2022,31,2500,1,ALLAN
63181,2/17/2021,177790,2021,31,1725,1,ALLAN
63181,1/30/2020,175050,2020,31,1725,1,ALLAN
63181,1/7/2019,170659,2019,31,1725,1,ALLAN
63181,1/11/2018,167533,2018,31,1725,1,ALLAN
63181,12/28/2017,167339,2017,31,1875,1,CECILLE
63181,12/28/2017,167339,2012,31,1125,1,CECILLE
63265,6/28/2013,13-090,2013,31,1425,1,ALLAN
63266,2/17/2023,187523,2023,31,2500,1,ALLAN
63266,2/22/2022,181252,2022,31,2500,1,ALLAN
63266,2/17/2021,177790,2021,31,1725,1,ALLAN
63266,1/30/2020,175050,2020,31,1725,1,ALLAN
63266,1/7/2019,170659,2019,31,1725,1,ALLAN
63266,1/11/2018,167533,2018,31,1725,1,ALLAN
63266,1/5/2017,163486,2017,31,1875,1,ALLAN
63266,3/30/2016,161338,2016,31,1875,1,ALLAN
63266,7/1/2015,158630,2015,31,1875,1,ALLAN
63266,7/1/2015,158630,2007,31,935,1,ALLAN
63550,2/28/2022,181404,2022,448,550,1,ALLAN
63550,1/31/2022,180826,2022,51,2500,1,ALLAN
63550,4/26/2021,21-036,2021,51,1725,1,ALLAN
63550,2/17/2021,177784,2021,448,450,1,ALLAN
63550,2/17/2021,177784,2020,448,450,1,ALLAN
63550,1/14/2020,174589,2020,51,1725,1,ALLAN
63550,7/15/2019,19-097,2019,448,450,1,ALLAN
63550,2/26/2019,171339,2019,51,1725,1,ALLAN
63550,7/15/2019,19-097,2018,448,450,1,ALLAN
63550,3/7/2018,168289,2018,51,1725,1,ALLAN
63550,3/13/2017,164480,2017,51,1875,1,ALLAN
63550,2/10/2016,160667,2016,51,1875,1,CECILLE
63550,3/30/2015,157657,2015,51,1875,1,ALLAN
63550,1/7/2015,156315,2014,51,1725,1,ALLAN
63550,12/17/2013,151708,2013,51,1425,1,CECILLE
63554,11/19/2024,198847,2025,31,2600,1,ALLAN
63554,1/25/2024,193344,2024,31,2600,1,ALLAN
63554,2/17/2023,187523,2023,31,2500,1,ALLAN
63554,2/22/2022,181252,2022,31,2500,1,ALLAN
63554,2/17/2021,177790,2021,31,1725,1,ALLAN
63554,1/30/2020,175050,2020,31,1725,1,ALLAN
63554,1/7/2019,170659,2019,31,1725,1,ALLAN
63554,1/11/2018,167533,2018,31,1725,1,ALLAN
63554,1/5/2017,163486,2017,31,1875,1,ALLAN
63554,3/30/2016,161338,2016,31,1875,1,ALLAN
63554,1/26/2015,156623,2015,31,1875,1,ALLAN
63554,3/31/2015,157729,2014,31,300,1,ALLAN
63554,1/15/2014,152060,2014,31,1425,1,ALLAN
63554,9/12/2013,144685,2013,31,1425,1,CECILLE
63556,3/30/2016,161338,2016,31,1875,1,ALLAN
63556,4/1/2015,157799,2015,31,1875,1,ALLAN
63556,8/29/2014,154918,2014,31,1725,1,CECILLE
63556,9/12/2013,144685,2013,31,1425,1,CECILLE
63560,6/29/2013,143759,2013,31,1425,1,CECILLE
63781,1/20/2025,199746,2025,69,2600,1,ALLAN
63781,1/31/2024,193512,2024,69,2600,1,ALLAN
63781,12/29/2022,186474,2023,69,2500,1,ALLAN
63781,4/11/2022,22-007,2022,69,2500,1,ALLAN
63781,4/26/2021,21-039,2021,69,1725,1,ALLAN
63781,1/16/2020,174693,2020,69,1725,1,ALLAN
63781,1/18/2019,170872,2019,69,1725,1,ALLAN
63781,1/8/2018,167477,2018,69,1725,1,ALLAN
63781,3/14/2017,164497,2017,69,1875,1,ALLAN
63781,3/1/2016,160883,2016,69,1875,1,ALLAN
63781,3/1/2016,160883,2015,69,1875,1,ALLAN
63781,3/1/2016,160883,2001,69,835,1,ALLAN
64024,1/20/2025,199746,2025,69,2600,1,ALLAN
64024,1/31/2024,193512,2024,69,2600,1,ALLAN
64024,12/29/2022,186474,2023,69,2500,1,ALLAN
64024,4/11/2022,22-007,2022,69,2500,1,ALLAN
64024,4/26/2021,21-039,2021,69,1725,1,ALLAN
64024,1/16/2020,174693,2020,69,1725,1,ALLAN
64024,1/18/2019,170872,2019,69,1725,1,ALLAN
64024,3/3/2018,168235,2018,69,1725,1,ALLAN
64024,3/3/2018,168235,2017,69,1875,1,ALLAN
64024,3/3/2018,168235,2016,69,1675,1,ALLAN
64024,3/3/2018,168235,2015,69,1675,1,ALLAN
64024,3/3/2018,168235,2014,69,1525,1,ALLAN
64024,3/3/2018,168235,2013,69,1225,1,ALLAN
64024,3/3/2018,168235,2012,69,1125,1,ALLAN
64024,3/3/2018,168235,2011,69,1125,1,ALLAN
64024,3/3/2018,168235,2010,69,1125,1,ALLAN
64040,6/28/2013,13-090,2013,31,1425,1,ALLAN
64336,3/28/2025,437,2025,448,550,1,ALLAN
64336,1/20/2025,199746,2025,69,2600,1,ALLAN
64336,4/4/2024,195011,2024,448,550,1,ALLAN
64336,1/31/2024,193512,2024,69,2600,1,ALLAN
64336,3/6/2023,187883,2023,448,550,1,ALLAN
64336,12/29/2022,186474,2023,69,2500,1,ALLAN
64336,4/11/2022,22-007,2022,69,2500,1,ALLAN
64336,2/28/2022,181404,2022,448,550,1,ALLAN
64336,4/26/2021,21-039,2021,69,1725,1,ALLAN
64336,2/17/2021,177784,2021,448,450,1,ALLAN
64336,2/17/2021,177784,2020,448,450,1,ALLAN
64336,1/16/2020,174693,2020,69,1725,1,ALLAN
64336,7/15/2019,19-097,2019,448,450,1,ALLAN
64336,1/18/2019,170872,2019,69,1725,1,ALLAN
64336,7/15/2019,19-097,2018,448,450,1,ALLAN
64336,1/8/2018,167477,2018,69,1725,1,ALLAN
64336,3/14/2017,164497,2017,69,1875,1,ALLAN
64336,3/1/2016,160883,2016,69,1875,1,ALLAN
64336,3/26/2015,157587,2015,69,1875,1,ALLAN
64336,3/26/2015,157587,2014,69,1725,1,ALLAN
64336,4/30/2014,14-019,2013,69,1425,1,ALLAN
64583,1/15/2025,199617,2025,51,2600,1,ALLAN
64583,1/15/2024,192998,2024,51,2600,1,ALLAN
64583,1/19/2023,186866,2023,51,2500,1,ALLAN
64583,1/31/2022,180826,2022,51,2500,1,ALLAN
64583,4/26/2021,21-036,2021,51,1725,1,ALLAN
64583,1/14/2020,174589,2020,51,1725,1,ALLAN
64583,2/26/2019,171339,2019,51,1725,1,ALLAN
64583,3/7/2018,168289,2018,51,1725,1,ALLAN
64583,3/13/2017,164480,2017,51,1875,1,ALLAN
64583,2/10/2016,160667,2016,51,1875,1,CECILLE
64583,3/30/2015,157657,2015,51,1875,1,ALLAN
64583,1/7/2015,156315,2014,51,1725,1,ALLAN
64583,2/28/2014,13-478,2013,51,1425,1,ALLAN
64616,2/17/2023,187523,2023,31,2500,1,ALLAN
64616,2/17/2023,187523,2022,31,2500,1,ALLAN
64616,2/17/2023,187523,2021,31,1725,1,ALLAN
64616,2/17/2023,187523,2020,31,1525,1,ALLAN
64616,2/17/2023,187523,2019,31,1525,1,ALLAN
64616,2/17/2023,187523,2018,31,1525,1,ALLAN
64616,2/17/2023,187523,2005,31,885,1,ALLAN
65005,1/20/2025,199746,2025,69,2600,1,ALLAN
65005,1/31/2024,193512,2024,69,2600,1,ALLAN
65005,12/29/2022,186474,2023,69,2500,1,ALLAN
65005,4/11/2022,22-007,2022,69,2500,1,ALLAN
65005,4/26/2021,21-039,2021,69,1725,1,ALLAN
65005,1/16/2020,174693,2020,69,1725,1,ALLAN
65005,1/18/2019,170872,2019,69,1725,1,ALLAN
65005,1/8/2018,167477,2018,69,1725,1,ALLAN
65005,3/14/2017,164497,2017,69,1875,1,ALLAN
65005,3/1/2016,160883,2016,69,1875,1,ALLAN
65005,3/26/2015,157587,2015,69,1875,1,ALLAN
65005,3/26/2015,157587,2014,69,1725,1,ALLAN
65005,4/30/2014,14-019,2013,69,1425,1,ALLAN
65200,3/30/2016,161338,2016,31,1875,1,ALLAN
65200,1/26/2015,156621,2015,31,1875,1,CECILLE
65200,1/26/2015,156621,2008,31,1125,1,CECILLE
65394,11/19/2024,198847,2025,31,2600,1,ALLAN
65394,1/25/2024,193344,2024,31,2600,1,ALLAN
65394,2/17/2023,187523,2023,31,2500,1,ALLAN
65394,2/22/2022,181252,2022,31,2500,1,ALLAN
65394,2/17/2021,177790,2021,31,1725,1,ALLAN
65394,1/30/2020,175050,2020,31,1725,1,ALLAN
65394,1/7/2019,170659,2019,31,1725,1,ALLAN
65394,1/11/2018,167533,2018,31,1725,1,ALLAN
65394,1/5/2017,163486,2017,31,1875,1,ALLAN
65394,3/10/2016,161018,2016,31,1875,1,ALLAN
65394,7/28/2015,158835,2015,31,1875,1,CECILLE
65394,7/28/2015,158835,2008,31,1125,1,CECILLE
65427,1/20/2025,199746,2025,69,2600,1,ALLAN
65427,1/31/2024,193512,2024,69,2600,1,ALLAN
65427,12/29/2022,186474,2023,69,2500,1,ALLAN
65427,4/11/2022,22-007,2022,69,2500,1,ALLAN
65427,4/26/2021,21-039,2021,69,1725,1,ALLAN
65427,1/16/2020,174693,2020,69,1725,1,ALLAN
65427,1/18/2019,170872,2019,69,1725,1,ALLAN
65427,1/8/2018,167477,2018,69,1725,1,ALLAN
65427,3/14/2017,164497,2017,69,1875,1,ALLAN
65427,3/1/2016,160883,2016,69,1875,1,ALLAN
65427,3/26/2015,157587,2015,69,1875,1,ALLAN
65427,3/26/2015,157587,2014,69,1725,1,ALLAN
65427,5/9/2013,143170,2013,69,1425,1,ALLAN
65429,1/20/2025,199746,2025,69,2600,1,ALLAN
65429,1/31/2024,193512,2024,69,2600,1,ALLAN
65429,12/29/2022,186474,2023,69,2500,1,ALLAN
65429,4/11/2022,22-007,2022,69,2500,1,ALLAN
65429,4/26/2021,21-039,2021,69,1725,1,ALLAN
65429,1/16/2020,174693,2020,69,1725,1,ALLAN
65429,1/18/2019,170872,2019,69,1725,1,ALLAN
65429,1/8/2018,167477,2018,69,1725,1,ALLAN
65429,3/14/2017,164497,2017,69,1875,1,ALLAN
65429,3/1/2016,160883,2016,69,1875,1,ALLAN
65429,3/26/2015,157587,2015,69,1875,1,ALLAN
65429,3/26/2015,157587,2014,69,300,1,ALLAN
65429,3/14/2014,152931,2014,69,1425,1,CECILLE
65429,4/30/2014,14-019,2013,69,1425,1,ALLAN
65430,1/20/2025,199746,2025,69,2600,1,ALLAN
65430,1/31/2024,193512,2024,69,2600,1,ALLAN
65430,12/29/2022,186474,2023,69,2500,1,ALLAN
65430,4/11/2022,22-007,2022,69,2500,1,ALLAN
65430,4/26/2021,21-039,2021,69,1725,1,ALLAN
65430,1/16/2020,174693,2020,69,1725,1,ALLAN
65430,1/18/2019,170872,2019,69,1725,1,ALLAN
65430,1/8/2018,167477,2018,69,1725,1,ALLAN
65430,3/14/2017,164497,2017,69,1875,1,ALLAN
65430,3/1/2016,160883,2016,69,1875,1,ALLAN
65430,3/26/2015,157587,2015,69,1875,1,ALLAN
65430,3/26/2015,157587,2014,69,1725,1,ALLAN
65430,4/30/2014,14-019,2013,69,1425,1,ALLAN
65445,1/20/2025,199746,2025,69,2600,1,ALLAN
65445,1/31/2024,193512,2024,69,2600,1,ALLAN
65445,12/29/2022,186474,2023,69,2500,1,ALLAN
65445,4/11/2022,22-007,2022,69,2500,1,ALLAN
65445,4/26/2021,21-039,2021,69,1725,1,ALLAN
65445,1/16/2020,174693,2020,69,1725,1,ALLAN
65445,1/18/2019,170872,2019,69,1725,1,ALLAN
65445,1/8/2018,167477,2018,69,1725,1,ALLAN
65445,3/14/2017,164497,2017,69,1875,1,ALLAN
65445,3/1/2016,160883,2016,69,1875,1,ALLAN
65445,3/26/2015,157587,2015,69,1875,1,ALLAN
65445,10/21/2014,155548,2014,69,1725,1,ALLAN
65445,4/30/2014,14-019,2013,69,1425,1,ALLAN
65446,1/20/2025,199746,2025,69,2600,1,ALLAN
65446,1/31/2024,193512,2024,69,2600,1,ALLAN
65446,12/29/2022,186474,2023,69,2500,1,ALLAN
65446,4/11/2022,22-007,2022,69,2500,1,ALLAN
65446,3/16/2022,181763,2007,69,935,1,ALLAN
65574,11/12/2024,198757,2025,31,2600,1,ALLAN
65574,1/25/2024,193344,2024,31,2600,1,ALLAN
65574,2/17/2023,187523,2023,31,2500,1,ALLAN
65574,2/22/2022,181252,2022,31,2500,1,ALLAN
65574,2/17/2021,177790,2021,31,1725,1,ALLAN
65574,1/30/2020,175050,2020,31,1725,1,ALLAN
65574,1/7/2019,170659,2019,31,1725,1,ALLAN
65574,1/11/2018,167533,2018,31,1725,1,ALLAN
65574,1/5/2017,163486,2017,31,1875,1,ALLAN
65574,3/30/2016,161338,2016,31,1875,1,ALLAN
65574,4/1/2015,157799,2015,31,1875,1,ALLAN
65574,8/1/2014,154585,2014,31,1725,1,CECILLE
65574,12/19/2013,151757,2013,31,1425,1,CECILLE
65659,3/26/2025,389,2025,346,2600,1,ALLAN
65659,2/15/2024,193889,2024,346,2600,1,ALLAN
65659,1/13/2023,186720,2023,346,2500,1,ALLAN
65659,2/18/2022,181196,2022,346,2500,1,ALLAN
65659,2/18/2021,177813,2021,346,1725,1,ALLAN
65659,3/3/2020,175616,2020,346,1725,1,ALLAN
65659,1/11/2019,170733,2019,346,1725,1,ALLAN
65659,3/14/2018,168447,2018,346,1725,1,ALLAN
65659,3/15/2017,164589,2017,346,1875,1,ALLAN
65659,7/30/2016,16-148,2016,346,1875,1,ALLAN
65659,3/31/2015,157761,2015,346,1875,1,ALLAN
65659,3/31/2015,157761,2014,346,300,1,ALLAN
65659,3/19/2014,153084,2014,346,1425,1,CECILLE
65659,3/19/2014,153082,2013,346,1425,1,ALLAN
65660,3/26/2025,389,2025,346,2600,1,ALLAN
65660,2/15/2024,193889,2024,346,2600,1,ALLAN
65660,1/13/2023,186720,2023,346,2500,1,ALLAN
65660,2/18/2022,181196,2022,346,2500,1,ALLAN
65660,2/18/2021,177813,2021,346,1725,1,ALLAN
65660,3/3/2020,175616,2020,346,1725,1,ALLAN
65660,1/11/2019,170733,2019,346,1725,1,ALLAN
65660,3/14/2018,168447,2018,346,1725,1,ALLAN
65660,3/15/2017,164589,2017,346,1875,1,ALLAN
65660,7/30/2016,16-148,2016,346,1875,1,ALLAN
65660,3/31/2015,157761,2015,346,1875,1,ALLAN
65660,3/31/2015,157761,2014,346,1725,1,ALLAN
65660,11/19/2013,151270,2013,346,1425,1,CECILLE
65695,11/19/2024,198847,2025,31,2600,1,ALLAN
65695,1/25/2024,193344,2024,31,2600,1,ALLAN
65695,2/17/2023,187523,2023,31,2500,1,ALLAN
65695,2/22/2022,181252,2022,31,2500,1,ALLAN
65695,2/17/2021,177790,2021,31,1725,1,ALLAN
65695,1/30/2020,175050,2020,31,1725,1,ALLAN
65695,1/7/2019,170659,2019,31,1725,1,ALLAN
65695,1/11/2018,167533,2018,31,1725,1,ALLAN
65695,1/5/2017,163486,2017,31,1875,1,ALLAN
65695,3/30/2016,161338,2016,31,1875,1,ALLAN
65695,4/1/2015,157799,2015,31,1875,1,ALLAN
65695,12/22/2014,156249,2014,31,1725,1,CECILLE
65695,6/28/2013,13-090,2013,31,1425,1,ALLAN
65735,11/19/2024,198847,2025,31,2600,1,ALLAN
65735,10/21/2024,198546,2024,31,2600,1,CECILLE
65735,10/21/2024,198546,2008,31,1125,1,CECILLE
65771,3/26/2025,389,2025,346,2600,1,ALLAN
65771,2/15/2024,193889,2024,346,2600,1,ALLAN
65771,1/13/2023,186720,2023,346,2500,1,ALLAN
65771,2/18/2022,181196,2022,346,2500,1,ALLAN
65771,2/18/2021,177813,2021,346,1725,1,ALLAN
65771,3/3/2020,175616,2020,346,1725,1,ALLAN
65771,3/3/2020,175616,2019,346,1725,1,ALLAN
65771,3/31/2015,157761,2015,346,1875,1,ALLAN
65771,3/31/2015,157761,2014,346,1725,1,ALLAN
65771,3/19/2014,153082,2013,346,1425,1,ALLAN
65772,3/26/2025,389,2025,346,2600,1,ALLAN
65772,2/15/2024,193889,2024,346,2600,1,ALLAN
65772,1/13/2023,186720,2023,346,2500,1,ALLAN
65772,2/18/2022,181196,2022,346,2500,1,ALLAN
65772,6/14/2021,21-128,2021,451,450,1,ALLAN
65772,2/18/2021,177813,2021,346,1725,1,ALLAN
65772,6/14/2021,21-128,2020,451,450,1,ALLAN
65772,3/3/2020,175616,2020,346,1725,1,ALLAN
65772,6/14/2021,21-128,2019,451,450,1,ALLAN
65772,1/11/2019,170733,2019,346,1725,1,ALLAN
65772,3/14/2018,168447,2018,346,1725,1,ALLAN
65772,11/8/2017,166533,2017,346,1875,1,ALLAN
65772,7/30/2016,16-148,2016,346,1875,1,ALLAN
65772,3/31/2015,157761,2015,346,1875,1,ALLAN
65772,8/22/2014,154854,2014,346,1725,1,CECILLE
65772,4/16/2013,142884,2013,346,1425,1,ALLAN
65868,3/26/2025,389,2025,346,2600,1,ALLAN
65868,2/15/2024,193889,2024,346,2600,1,ALLAN
65868,2/15/2024,193889,2023,346,2500,1,ALLAN
65868,2/15/2024,193889,2022,346,2500,1,ALLAN
65868,3/31/2015,157761,2015,346,1875,1,ALLAN
65868,3/31/2015,157761,2014,346,1725,1,ALLAN
65868,3/19/2014,153082,2013,346,1425,1,ALLAN
65875,1/20/2025,199746,2025,69,2600,1,ALLAN
65875,1/31/2024,193512,2024,69,2600,1,ALLAN
65875,12/29/2022,186474,2023,69,2500,1,ALLAN
65875,4/11/2022,22-007,2022,69,2500,1,ALLAN
65875,4/26/2021,21-039,2021,69,1725,1,ALLAN
65875,1/16/2020,174693,2020,69,1725,1,ALLAN
65875,1/18/2019,170872,2019,69,1725,1,ALLAN
65875,1/8/2018,167477,2018,69,1725,1,ALLAN
65875,1/8/2018,167476,2017,69,1875,1,ALLAN
65875,1/8/2018,167476,2016,69,1675,1,ALLAN
65875,1/8/2018,167476,2009,69,1125,1,ALLAN
65884,1/18/2018,167690,2018,352,1725,1,ALLAN
65884,1/20/2017,163781,2017,352,1875,1,ALLAN
65884,1/15/2016,160363,2016,352,1875,1,ALLAN
65884,3/16/2015,157430,2015,352,1875,1,CECILLE
65884,1/31/2015,156748,2014,352,1725,1,ALLAN
65884,4/30/2014,14-119,2013,352,1425,1,ALLAN
66259,11/19/2024,198847,2025,31,2600,1,ALLAN
66259,1/25/2024,193344,2024,31,2600,1,ALLAN
66259,2/17/2023,187523,2023,31,2500,1,ALLAN
66259,2/22/2022,181252,2022,31,2500,1,ALLAN
66259,2/17/2021,177790,2021,31,1725,1,ALLAN
66259,1/30/2020,175050,2020,31,1725,1,ALLAN
66259,1/7/2019,170659,2019,31,1725,1,ALLAN
66259,7/31/2017,17-148,2018,31,1725,1,ALLAN
66259,1/5/2017,163486,2017,31,1875,1,ALLAN
66259,3/30/2016,161338,2016,31,1875,1,ALLAN
66259,1/26/2015,156623,2015,31,1875,1,ALLAN
66259,3/31/2015,157729,2014,31,300,1,ALLAN
66259,3/28/2014,153203,2014,31,1425,1,CECILLE
66259,3/28/2014,153203,2008,31,1125,1,CECILLE
66372,11/19/2024,198847,2025,31,2600,1,ALLAN
66372,1/25/2024,193344,2024,31,2600,1,ALLAN
66372,2/17/2023,187523,2023,31,2500,1,ALLAN
66372,2/22/2022,181252,2022,31,2500,1,ALLAN
66372,2/17/2021,177790,2021,31,1725,1,ALLAN
66372,1/30/2020,175050,2020,31,1725,1,ALLAN
66372,1/7/2019,170659,2019,31,1725,1,ALLAN
66372,1/11/2018,167533,2018,31,1725,1,ALLAN
66372,5/31/2017,165229,2017,31,1875,1,CECILLE
66372,5/31/2017,165229,2007,31,935,1,CECILLE
66506,1/20/2025,199746,2025,69,2600,1,ALLAN
66506,1/31/2024,193512,2024,69,2600,1,ALLAN
66506,12/29/2022,186474,2023,69,2500,1,ALLAN
66506,4/11/2022,22-007,2022,69,2500,1,ALLAN
66506,4/26/2021,21-039,2021,69,1725,1,ALLAN
66506,1/16/2020,174693,2020,69,1725,1,ALLAN
66506,1/18/2019,170872,2019,69,1725,1,ALLAN
66506,1/8/2018,167477,2018,69,1725,1,ALLAN
66506,3/14/2017,164497,2017,69,1875,1,ALLAN
66506,3/1/2016,160883,2016,69,1875,1,ALLAN
66506,3/26/2015,157587,2015,69,1875,1,ALLAN
66506,3/26/2015,157587,2014,69,1725,1,ALLAN
66506,4/30/2014,14-019,2013,69,1425,1,ALLAN
66594,7/30/2016,16-148,2016,346,1875,1,ALLAN
66594,3/31/2015,157761,2015,346,1875,1,ALLAN
66594,3/31/2015,157761,2014,346,1725,1,ALLAN
66594,3/19/2014,153082,2013,346,1425,1,ALLAN
66611,1/20/2025,199746,2025,69,2600,1,ALLAN
66611,1/31/2024,193512,2024,69,2600,1,ALLAN
66611,12/29/2022,186474,2023,69,2500,1,ALLAN
66611,4/11/2022,22-007,2022,69,2500,1,ALLAN
66611,4/26/2021,21-039,2021,69,1725,1,ALLAN
66611,1/16/2020,174693,2020,69,1725,1,ALLAN
66611,1/18/2019,170872,2019,69,1725,1,ALLAN
66611,1/8/2018,167477,2018,69,1725,1,ALLAN
66611,3/14/2017,164497,2017,69,1875,1,ALLAN
66611,3/1/2016,160883,2016,69,1875,1,ALLAN
66611,3/26/2015,157587,2015,69,1875,1,ALLAN
66611,3/26/2015,157587,2014,69,1725,1,ALLAN
66611,4/30/2014,14-019,2013,69,1425,1,ALLAN
66659,7/30/2016,16-148,2016,346,1875,1,ALLAN
66659,3/31/2015,157761,2015,346,1875,1,ALLAN
66659,3/31/2015,157761,2014,346,1725,1,ALLAN
66659,3/19/2014,153082,2013,346,1425,1,ALLAN
66660,7/30/2016,16-148,2016,346,1875,1,ALLAN
66660,3/31/2015,157761,2015,346,1875,1,ALLAN
66660,3/31/2015,157761,2014,346,1725,1,ALLAN
66660,3/19/2014,153082,2013,346,1425,1,ALLAN
66661,7/30/2016,16-148,2016,346,1875,1,ALLAN
66661,3/31/2015,157761,2015,346,1875,1,ALLAN
66661,3/31/2015,157761,2014,346,1725,1,ALLAN
66661,3/19/2014,153082,2013,346,1425,1,ALLAN
66662,3/26/2025,389,2025,346,2600,1,ALLAN
66662,2/15/2024,193889,2024,346,2600,1,ALLAN
66662,1/13/2023,186720,2023,346,2500,1,ALLAN
66662,2/18/2022,181196,2022,346,2500,1,ALLAN
66662,2/18/2021,177813,2021,346,1725,1,ALLAN
66662,3/3/2020,175616,2020,346,1725,1,ALLAN
66662,1/11/2019,170733,2019,346,1725,1,ALLAN
66662,3/14/2018,168447,2018,346,1725,1,ALLAN
66662,3/15/2017,164589,2017,346,1875,1,ALLAN
66662,7/30/2016,16-148,2016,346,1875,1,ALLAN
66662,3/31/2015,157761,2015,346,1875,1,ALLAN
66662,3/31/2015,157761,2014,346,1725,1,ALLAN
66662,3/19/2014,153082,2013,346,1425,1,ALLAN
66663,1/11/2019,170733,2019,346,1725,1,ALLAN
66663,3/14/2018,168447,2018,346,1725,1,ALLAN
66663,3/15/2017,164589,2017,346,1875,1,ALLAN
66663,7/30/2016,16-148,2016,346,1875,1,ALLAN
66663,3/31/2015,157761,2015,346,1875,1,ALLAN
66663,3/31/2015,157761,2014,346,1725,1,ALLAN
66663,3/19/2014,153082,2013,346,1425,1,ALLAN
66664,3/26/2025,389,2025,346,2600,1,ALLAN
66664,2/15/2024,193889,2024,346,2600,1,ALLAN
66664,1/13/2023,186720,2023,346,2500,1,ALLAN
66664,2/18/2022,181196,2022,346,2500,1,ALLAN
66664,2/18/2021,177813,2021,346,1725,1,ALLAN
66664,3/3/2020,175616,2020,346,1725,1,ALLAN
66664,1/11/2019,170733,2019,346,1725,1,ALLAN
66664,3/14/2018,168447,2018,346,1725,1,ALLAN
66664,3/15/2017,164589,2017,346,1875,1,ALLAN
66664,7/30/2016,16-148,2016,346,1875,1,ALLAN
66664,3/31/2015,157761,2015,346,1875,1,ALLAN
66664,3/31/2015,157761,2014,346,1725,1,ALLAN
66664,3/19/2014,153082,2013,346,1425,1,ALLAN
66673,3/1/2016,160883,2016,69,1875,1,ALLAN
66673,3/26/2015,157587,2015,69,1875,1,ALLAN
66673,3/26/2015,157587,2014,69,1725,1,ALLAN
66673,4/30/2014,14-019,2013,69,1425,1,ALLAN
66796,3/28/2025,434,2025,15,2600,1,ALLAN
66796,2/14/2024,193859,2024,15,2600,1,ALLAN
66796,2/7/2023,187280,2023,15,2500,1,ALLAN
66796,2/21/2022,181212,2022,15,2500,1,ALLAN
66796,1/20/2021,177272,2021,15,1725,1,ALLAN
66796,2/14/2020,175325,2020,15,1725,1,ALLAN
66796,3/18/2019,171697,2019,15,1725,1,ALLAN
66796,3/13/2018,168410,2018,15,1725,1,ALLAN
66796,3/13/2018,168410,2017,15,1875,1,ALLAN
66796,3/13/2018,168410,2007,15,935,1,ALLAN
66799,3/28/2025,434,2025,15,2600,1,ALLAN
66799,2/14/2024,193859,2024,15,2600,1,ALLAN
66799,2/7/2023,187280,2023,15,2500,1,ALLAN
66799,2/21/2022,181212,2022,15,2500,1,ALLAN
66799,1/20/2021,177272,2021,15,1725,1,ALLAN
66799,1/20/2021,177272,2020,15,1725,1,ALLAN
66799,1/20/2021,177272,2007,15,935,1,ALLAN
66800,3/28/2016,161323,2016,15,1875,1,ALLAN
66800,3/31/2015,157758,2015,15,1875,1,ALLAN
66800,2/26/2015,157094,2014,15,1725,1,ALLAN
66800,3/6/2014,152776,2013,15,1425,1,ALLAN
66805,1/15/2025,199617,2025,51,2600,1,ALLAN
66805,1/15/2024,192998,2024,51,2600,1,ALLAN
66805,1/19/2023,186866,2023,51,2500,1,ALLAN
66805,1/31/2022,180826,2022,51,2500,1,ALLAN
66805,4/26/2021,21-036,2021,51,1725,1,ALLAN
66805,1/14/2020,174589,2020,51,1725,1,ALLAN
66805,2/26/2019,171339,2019,51,1725,1,ALLAN
66805,3/7/2018,168289,2018,51,1725,1,ALLAN
66805,3/13/2017,164480,2017,51,1875,1,ALLAN
66805,2/10/2016,160667,2016,51,1875,1,CECILLE
66805,3/30/2015,157657,2015,51,1875,1,ALLAN
66805,1/7/2015,156315,2014,51,1725,1,ALLAN
66805,2/28/2014,13-478,2013,51,1425,1,ALLAN
66933,3/26/2025,389,2025,346,2600,1,ALLAN
66933,2/15/2024,193889,2024,346,2600,1,ALLAN
66933,1/13/2023,186720,2023,346,2500,1,ALLAN
66933,2/18/2022,181196,2022,346,2500,1,ALLAN
66933,2/18/2021,177813,2021,346,1725,1,ALLAN
66933,3/3/2020,175616,2020,346,1725,1,ALLAN
66933,1/11/2019,170733,2019,346,1725,1,ALLAN
66933,3/14/2018,168447,2018,346,1725,1,ALLAN
66933,3/15/2017,164589,2017,346,1875,1,ALLAN
66933,7/30/2016,16-148,2016,346,1875,1,ALLAN
66933,3/31/2015,157761,2015,346,1875,1,ALLAN
66933,3/31/2015,157761,2014,346,1725,1,ALLAN
66933,3/19/2014,153082,2013,346,1425,1,ALLAN
66934,3/26/2025,389,2025,346,2600,1,ALLAN
66934,2/15/2024,193889,2024,346,2600,1,ALLAN
66934,1/13/2023,186720,2023,346,2500,1,ALLAN
66934,2/18/2022,181196,2022,346,2500,1,ALLAN
66934,2/18/2021,177813,2021,346,1725,1,ALLAN
66934,3/3/2020,175616,2020,346,1725,1,ALLAN
66934,1/11/2019,170733,2019,346,1725,1,ALLAN
66934,3/14/2018,168447,2018,346,1725,1,ALLAN
66934,3/15/2017,164589,2017,346,1875,1,ALLAN
66934,7/30/2016,16-148,2016,346,1875,1,ALLAN
66934,3/31/2015,157761,2015,346,1875,1,ALLAN
66934,3/31/2015,157761,2014,346,1725,1,ALLAN
66934,3/19/2014,153082,2013,346,1425,1,ALLAN
66956,11/19/2024,198847,2025,31,2600,1,ALLAN
66956,1/25/2024,193344,2024,31,2600,1,ALLAN
66956,2/17/2023,187523,2023,31,2500,1,ALLAN
66956,2/22/2022,181252,2022,31,2500,1,ALLAN
66956,2/17/2021,177790,2021,31,1725,1,ALLAN
66956,1/30/2020,175050,2020,31,1725,1,ALLAN
66956,1/7/2019,170659,2019,31,1725,1,ALLAN
66956,1/11/2018,167533,2018,31,1725,1,ALLAN
66956,1/5/2017,163486,2017,31,1875,1,ALLAN
66956,3/30/2016,161338,2016,31,1875,1,ALLAN
66956,1/26/2015,156621,2015,31,1875,1,CECILLE
66956,1/26/2015,156621,2013,31,1225,1,CECILLE
66958,11/19/2024,198847,2025,31,2600,1,ALLAN
66958,1/25/2024,193344,2024,31,2600,1,ALLAN
66958,2/17/2023,187523,2023,31,2500,1,ALLAN
66958,2/22/2022,181252,2022,31,2500,1,ALLAN
66958,2/17/2021,177790,2021,31,1725,1,ALLAN
66958,1/30/2020,175050,2020,31,1725,1,ALLAN
66958,1/30/2020,175050,2019,31,1725,1,ALLAN
66958,1/30/2020,175050,2014,31,1525,1,ALLAN
66958,6/28/2013,13-090,2013,31,1425,1,ALLAN
66958,6/28/2013,13-090,2011,31,1125,1,ALLAN
67044,11/19/2024,198847,2025,31,2600,1,ALLAN
67044,1/25/2024,193344,2024,31,2600,1,ALLAN
67044,2/17/2023,187523,2023,31,2500,1,ALLAN
67044,2/22/2022,181252,2022,31,2500,1,ALLAN
67044,2/17/2021,177790,2021,31,1725,1,ALLAN
67044,1/30/2020,175050,2020,31,1725,1,ALLAN
67044,1/7/2019,170659,2019,31,1725,1,ALLAN
67044,1/11/2018,167533,2018,31,1725,1,ALLAN
67044,1/5/2017,163486,2017,31,1875,1,ALLAN
67044,8/5/2016,162319,2016,31,1875,1,CECILLE
67044,8/5/2016,162319,2014,31,1525,1,CECILLE
67044,10/1/2013,144890,2013,31,1425,1,ALLAN
67044,10/1/2013,144890,2011,31,1125,1,ALLAN
67083,3/28/2025,434,2025,15,2600,1,ALLAN
67083,2/14/2024,193859,2024,15,2600,1,ALLAN
67083,2/7/2023,187280,2023,15,2500,1,ALLAN
67083,2/21/2022,181212,2022,15,2500,1,ALLAN
67083,1/20/2021,177272,2021,15,1725,1,ALLAN
67083,2/14/2020,175325,2020,15,1725,1,ALLAN
67083,3/18/2019,171697,2019,15,1725,1,ALLAN
67083,2/26/2018,168180,2018,15,1725,1,ALLAN
67083,3/15/2017,164578,2017,15,1875,1,ALLAN
67083,3/28/2016,161323,2016,15,1875,1,ALLAN
67083,3/31/2015,157758,2015,15,1875,1,ALLAN
67083,2/26/2015,157094,2014,15,1725,1,ALLAN
67083,3/6/2014,152776,2013,15,1425,1,ALLAN
67319,1/20/2025,199746,2025,69,2600,1,ALLAN
67319,1/31/2024,193512,2024,69,2600,1,ALLAN
67319,12/29/2022,186474,2023,69,2500,1,ALLAN
67319,4/11/2022,22-007,2022,69,2500,1,ALLAN
67319,4/26/2021,21-039,2021,69,1725,1,ALLAN
67319,1/16/2020,174693,2020,69,1725,1,ALLAN
67319,1/18/2019,170872,2019,69,1725,1,ALLAN
67319,1/8/2018,167477,2018,69,1725,1,ALLAN
67319,3/14/2017,164497,2017,69,1875,1,ALLAN
67319,3/1/2016,160883,2016,69,1875,1,ALLAN
67319,3/26/2015,157587,2015,69,1875,1,ALLAN
67319,10/21/2014,155548,2014,69,1725,1,ALLAN
67319,4/30/2014,14-019,2013,69,1425,1,ALLAN
67320,3/28/2025,437,2025,448,550,1,ALLAN
67320,1/20/2025,199746,2025,69,2600,1,ALLAN
67320,4/4/2024,195011,2024,448,550,1,ALLAN
67320,1/31/2024,193512,2024,69,2600,1,ALLAN
67320,3/6/2023,187883,2023,448,550,1,ALLAN
67320,12/29/2022,186474,2023,69,2500,1,ALLAN
67320,4/11/2022,22-007,2022,69,2500,1,ALLAN
67320,2/28/2022,181404,2022,448,550,1,ALLAN
67320,4/26/2021,21-039,2021,69,1725,1,ALLAN
67320,2/17/2021,177784,2021,448,450,1,ALLAN
67320,2/17/2021,177784,2020,448,450,1,ALLAN
67320,1/16/2020,174693,2020,69,1725,1,ALLAN
67320,7/15/2019,19-097,2019,448,450,1,ALLAN
67320,1/18/2019,170872,2019,69,1725,1,ALLAN
67320,7/15/2019,19-097,2018,448,450,1,ALLAN
67320,1/8/2018,167477,2018,69,1725,1,ALLAN
67320,3/14/2017,164497,2017,69,1875,1,ALLAN
67320,3/1/2016,160883,2016,69,1875,1,ALLAN
67320,2/10/2015,156883,2015,69,1875,1,CECILLE
67320,3/26/2015,157587,2014,69,300,1,ALLAN
67320,3/14/2014,152931,2014,69,1425,1,CECILLE
67320,4/30/2014,14-019,2013,69,1425,1,ALLAN
67321,1/20/2025,199746,2025,69,2600,1,ALLAN
67321,1/31/2024,193512,2024,69,2600,1,ALLAN
67321,12/29/2022,186474,2023,69,2500,1,ALLAN
67321,4/11/2022,22-007,2022,69,2500,1,ALLAN
67321,3/16/2022,181763,2021,69,1725,1,ALLAN
67321,3/16/2022,181763,2020,69,1725,1,ALLAN
67321,3/16/2022,181763,2019,69,1525,1,ALLAN
67321,1/24/2018,167766,2018,69,1725,1,ALLAN
67321,1/8/2018,167476,2017,69,1875,1,ALLAN
67321,1/8/2018,167476,2012,69,1125,1,ALLAN
67350,11/19/2024,198847,2025,31,2600,1,ALLAN
67350,1/25/2024,193344,2024,31,2600,1,ALLAN
67350,2/17/2023,187523,2023,31,2500,1,ALLAN
67350,2/22/2022,181252,2022,31,2500,1,ALLAN
67350,2/22/2022,181252,2021,31,1725,1,ALLAN
67350,2/22/2022,181252,2007,31,935,1,ALLAN
67381,3/26/2025,389,2025,346,2600,1,ALLAN
67381,3/26/2025,389,2024,346,2600,1,ALLAN
67381,3/26/2025,389,2006,346,935,1,ALLAN
67382,3/26/2025,389,2025,346,2600,1,ALLAN
67382,2/15/2024,193889,2024,346,2600,1,ALLAN
67382,1/13/2023,186720,2023,346,2500,1,ALLAN
67382,2/18/2022,181196,2022,346,2500,1,ALLAN
67382,2/18/2021,177813,2021,346,1725,1,ALLAN
67382,3/3/2020,175616,2020,346,1725,1,ALLAN
67382,1/11/2019,170733,2019,346,1725,1,ALLAN
67382,3/14/2018,168447,2018,346,1725,1,ALLAN
67382,3/15/2017,164589,2017,346,1875,1,ALLAN
67382,7/30/2016,16-148,2016,346,1875,1,ALLAN
67382,3/31/2015,157761,2015,346,1875,1,ALLAN
67382,3/31/2015,157761,2014,346,1725,1,ALLAN
67382,3/19/2014,153082,2013,346,1425,1,ALLAN
67383,3/26/2025,389,2025,346,2600,1,ALLAN
67383,2/15/2024,193889,2024,346,2600,1,ALLAN
67383,1/13/2023,186720,2023,346,2500,1,ALLAN
67383,2/18/2022,181196,2022,346,2500,1,ALLAN
67383,2/18/2021,177813,2021,346,1725,1,ALLAN
67383,3/3/2020,175616,2020,346,1725,1,ALLAN
67383,1/11/2019,170733,2019,346,1725,1,ALLAN
67383,3/14/2018,168447,2018,346,1725,1,ALLAN
67383,3/15/2017,164589,2017,346,1875,1,ALLAN
67383,7/30/2016,16-148,2016,346,1875,1,ALLAN
67383,3/31/2015,157761,2015,346,1875,1,ALLAN
67383,3/31/2015,157761,2014,346,1725,1,ALLAN
67383,3/19/2014,153082,2013,346,1425,1,ALLAN
67423,3/16/2015,157430,2015,352,1875,1,CECILLE
67423,1/31/2015,156748,2014,352,1725,1,ALLAN
67423,4/30/2014,14-119,2013,352,1425,1,ALLAN
67424,1/14/2025,199569,2025,352,2600,1,ALLAN
67424,1/15/2024,193026,2024,352,2600,1,ALLAN
67424,1/13/2023,186719,2023,352,2500,1,ALLAN
67424,1/24/2022,180712,2022,352,2500,1,ALLAN
67424,1/21/2021,177315,2021,352,1725,1,ALLAN
67424,12/23/2019,174298,2020,352,1725,1,ALLAN
67424,12/23/2019,174298,2019,352,1725,1,ALLAN
67424,12/23/2019,174298,2010,352,1125,1,ALLAN
67457,11/19/2024,198847,2025,31,2600,1,ALLAN
67457,1/25/2024,193344,2024,31,2600,1,ALLAN
67457,2/17/2023,187523,2023,31,2500,1,ALLAN
67457,2/22/2022,181252,2022,31,2500,1,ALLAN
67457,2/17/2021,177790,2021,31,1725,1,ALLAN
67457,1/30/2020,175050,2020,31,1725,1,ALLAN
67457,1/7/2019,170659,2019,31,1725,1,ALLAN
67457,1/11/2018,167533,2018,31,1725,1,ALLAN
67457,1/5/2017,163486,2017,31,1875,1,ALLAN
67457,3/30/2016,161338,2016,31,1875,1,ALLAN
67457,4/1/2015,157799,2015,31,1875,1,ALLAN
67457,8/29/2014,154918,2014,31,1725,1,CECILLE
67457,8/29/2014,154918,2013,31,1225,1,CECILLE
67458,11/19/2024,198847,2025,31,2600,1,ALLAN
67458,1/25/2024,193344,2024,31,2600,1,ALLAN
67458,2/17/2023,187523,2023,31,2500,1,ALLAN
67458,2/22/2022,181252,2022,31,2500,1,ALLAN
67458,2/17/2021,177790,2021,31,1725,1,ALLAN
67458,1/30/2020,175050,2020,31,1725,1,ALLAN
67458,1/7/2019,170659,2019,31,1725,1,ALLAN
67458,1/11/2018,167533,2018,31,1725,1,ALLAN
67458,1/11/2018,167533,2017,31,1875,1,ALLAN
67458,1/11/2018,167533,2007,31,935,1,ALLAN
67561,11/19/2024,198847,2025,31,2600,1,ALLAN
67561,1/25/2024,193344,2024,31,2600,1,ALLAN
67561,2/17/2023,187523,2023,31,2500,1,ALLAN
67561,2/22/2022,181252,2022,31,2500,1,ALLAN
67561,2/17/2021,177790,2021,31,1725,1,ALLAN
67561,1/30/2020,175050,2020,31,1725,1,ALLAN
67561,1/7/2019,170659,2019,31,1725,1,ALLAN
67561,1/11/2018,167533,2018,31,1725,1,ALLAN
67561,11/29/2017,166852,2017,31,1875,1,CECILLE
67561,11/29/2017,166852,2013,31,1225,1,CECILLE
67674,3/28/2025,434,2025,15,2600,1,ALLAN
67674,2/14/2024,193859,2024,15,2600,1,ALLAN
67674,2/7/2023,187280,2023,15,2500,1,ALLAN
67674,2/21/2022,181212,2022,15,2500,1,ALLAN
67674,1/20/2021,177272,2021,15,1725,1,ALLAN
67674,2/14/2020,175325,2020,15,1725,1,ALLAN
67674,3/18/2019,171697,2019,15,1725,1,ALLAN
67674,2/26/2018,168180,2018,15,1725,1,ALLAN
67674,3/15/2017,164578,2017,15,1875,1,ALLAN
67674,3/15/2017,164578,2016,15,1875,1,ALLAN
67674,3/15/2017,164578,2015,15,1675,1,ALLAN
67674,8/27/2014,154882,2014,15,1725,1,CECILLE
67674,8/27/2014,154882,2007,15,935,1,CECILLE
67675,3/28/2025,434,2025,15,2600,1,ALLAN
67675,2/14/2024,193859,2024,15,2600,1,ALLAN
67675,2/7/2023,187280,2023,15,2500,1,ALLAN
67675,2/21/2022,181212,2022,15,2500,1,ALLAN
67675,1/20/2021,177272,2021,15,1725,1,ALLAN
67675,2/14/2020,175325,2020,15,1725,1,ALLAN
67675,2/14/2020,175325,2019,15,1725,1,ALLAN
67675,2/14/2020,175326,2018,15,1525,1,ALLAN
67675,2/14/2020,175326,2007,15,935,1,ALLAN
67676,3/28/2025,434,2025,15,2600,1,ALLAN
67676,2/14/2024,193859,2024,15,2600,1,ALLAN
67676,2/7/2023,187280,2023,15,2500,1,ALLAN
67676,2/21/2022,181212,2022,15,2500,1,ALLAN
67676,1/20/2021,177272,2021,15,1725,1,ALLAN
67676,2/14/2020,175325,2020,15,1725,1,ALLAN
67676,3/18/2019,171697,2019,15,1725,1,ALLAN
67676,2/26/2018,168180,2018,15,1725,1,ALLAN
67676,3/15/2017,164578,2017,15,1875,1,ALLAN
67676,3/28/2016,161323,2016,15,1875,1,ALLAN
67676,3/31/2015,157758,2015,15,1875,1,ALLAN
67676,2/26/2015,157094,2014,15,1725,1,ALLAN
67676,3/6/2014,152776,2013,15,1425,1,ALLAN
67677,3/28/2025,434,2025,15,2600,1,ALLAN
67677,2/14/2024,193859,2024,15,2600,1,ALLAN
67677,2/7/2023,187280,2023,15,2500,1,ALLAN
67677,2/21/2022,181212,2022,15,2500,1,ALLAN
67677,1/20/2021,177272,2021,15,1725,1,ALLAN
67677,2/14/2020,175325,2020,15,1725,1,ALLAN
67677,3/18/2019,171697,2019,15,1725,1,ALLAN
67677,2/26/2018,168180,2018,15,1725,1,ALLAN
67677,3/15/2017,164578,2017,15,1875,1,ALLAN
67677,3/28/2016,161323,2016,15,1875,1,ALLAN
67677,3/28/2016,161323,2015,15,1875,1,ALLAN
67688,2/15/2024,193889,2024,346,2600,1,ALLAN
67688,1/13/2023,186720,2023,346,2500,1,ALLAN
67688,2/18/2022,181196,2022,346,2500,1,ALLAN
67688,2/18/2021,177813,2021,346,1725,1,ALLAN
67688,3/3/2020,175616,2020,346,1725,1,ALLAN
67688,1/11/2019,170733,2019,346,1725,1,ALLAN
67688,3/14/2018,168447,2018,346,1725,1,ALLAN
67688,3/15/2017,164589,2017,346,1875,1,ALLAN
67688,7/30/2016,16-148,2016,346,1875,1,ALLAN
67688,3/31/2015,157761,2015,346,1875,1,ALLAN
67688,3/31/2015,157761,2014,346,1725,1,ALLAN
67688,3/19/2014,153082,2013,346,1425,1,ALLAN
67799,11/19/2024,198847,2025,31,2600,1,ALLAN
67799,1/25/2024,193344,2024,31,2600,1,ALLAN
67799,2/17/2023,187523,2023,31,2500,1,ALLAN
67799,2/22/2022,181252,2022,31,2500,1,ALLAN
67799,2/17/2021,177790,2021,31,1725,1,ALLAN
67799,1/30/2020,175050,2020,31,1725,1,ALLAN
67799,1/7/2019,170659,2019,31,1725,1,ALLAN
67799,1/11/2018,167533,2018,31,1725,1,ALLAN
67799,1/5/2017,163486,2017,31,1875,1,ALLAN
67799,3/30/2016,161338,2016,31,1875,1,ALLAN
67799,4/1/2015,157799,2015,31,1875,1,ALLAN
67799,10/1/2014,155270,2014,31,1725,1,CECILLE
67799,6/29/2013,143758,2013,31,1425,1,ALLAN
67799,6/29/2013,143758,2011,31,1125,1,ALLAN
67885,7/30/2016,16-148,2016,346,1875,1,ALLAN
67885,3/31/2015,157761,2015,346,1875,1,ALLAN
67885,3/31/2015,157761,2014,346,1725,1,ALLAN
67885,3/19/2014,153082,2013,346,1425,1,ALLAN
67886,2/15/2024,193889,2024,346,2600,1,ALLAN
67886,1/13/2023,186720,2023,346,2500,1,ALLAN
67886,2/18/2022,181196,2022,346,2500,1,ALLAN
67886,2/18/2021,177813,2021,346,1725,1,ALLAN
67886,3/3/2020,175616,2020,346,1725,1,ALLAN
67886,1/11/2019,170733,2019,346,1725,1,ALLAN
67886,4/30/2018,18-053,2018,346,1725,1,ALLAN
67886,3/15/2017,164589,2017,346,1875,1,ALLAN
67886,7/30/2016,16-148,2016,346,1875,1,ALLAN
67886,3/31/2015,157761,2015,346,1875,1,ALLAN
67886,3/31/2015,157761,2014,346,300,1,ALLAN
67886,3/19/2014,153084,2014,346,1425,1,CECILLE
67886,11/19/2013,151270,2013,346,1425,1,CECILLE
67887,3/26/2025,389,2025,346,2600,1,ALLAN
67887,2/15/2024,193889,2024,346,2600,1,ALLAN
67887,1/13/2023,186720,2023,346,2500,1,ALLAN
67887,2/18/2022,181196,2022,346,2500,1,ALLAN
67887,2/18/2021,177813,2021,346,1725,1,ALLAN
67887,3/3/2020,175616,2020,346,1725,1,ALLAN
67887,1/11/2019,170733,2019,346,1725,1,ALLAN
67887,3/14/2018,168447,2018,346,1725,1,ALLAN
67887,3/15/2017,164589,2017,346,1875,1,ALLAN
67887,7/30/2016,16-148,2016,346,1875,1,ALLAN
67887,3/31/2015,157761,2015,346,1875,1,ALLAN
67887,3/31/2015,157761,2014,346,1725,1,ALLAN
67887,3/19/2014,153082,2013,346,1425,1,ALLAN
67888,3/26/2025,389,2025,346,2600,1,ALLAN
67888,2/15/2024,193889,2024,346,2600,1,ALLAN
67888,1/13/2023,186720,2023,346,2500,1,ALLAN
67888,2/18/2022,181196,2022,346,2500,1,ALLAN
67888,2/18/2021,177813,2021,346,1725,1,ALLAN
67888,3/3/2020,175616,2020,346,1725,1,ALLAN
67888,1/11/2019,170733,2019,346,1725,1,ALLAN
67888,3/14/2018,168447,2018,346,1725,1,ALLAN
67888,3/15/2017,164589,2017,346,1875,1,ALLAN
67888,3/15/2017,164589,2016,346,1875,1,ALLAN
67888,3/31/2015,157761,2015,346,1875,1,ALLAN
67888,3/31/2015,157761,2014,346,1725,1,ALLAN
67888,3/19/2014,153082,2013,346,1425,1,ALLAN
67959,3/1/2016,160883,2016,69,1875,1,ALLAN
67959,3/26/2015,157587,2015,69,1875,1,ALLAN
67959,3/26/2015,157587,2014,69,1725,1,ALLAN
67959,4/30/2014,14-019,2013,69,1425,1,ALLAN
67960,3/28/2025,437,2025,448,550,1,ALLAN
67960,1/20/2025,199746,2025,69,2600,1,ALLAN
67960,4/4/2024,195011,2024,448,550,1,ALLAN
67960,1/31/2024,193512,2024,69,2600,1,ALLAN
67960,3/6/2023,187883,2023,448,550,1,ALLAN
67960,12/29/2022,186474,2023,69,2500,1,ALLAN
67960,4/11/2022,22-007,2022,69,2500,1,ALLAN
67960,2/28/2022,181404,2022,448,550,1,ALLAN
67960,4/26/2021,21-039,2021,69,1725,1,ALLAN
67960,2/17/2021,177784,2021,448,450,1,ALLAN
67960,2/17/2021,177784,2020,448,450,1,ALLAN
67960,1/16/2020,174693,2020,69,1725,1,ALLAN
67960,7/15/2019,19-097,2019,448,450,1,ALLAN
67960,1/18/2019,170872,2019,69,1725,1,ALLAN
67960,7/15/2019,19-097,2018,448,450,1,ALLAN
67960,1/8/2018,167477,2018,69,1725,1,ALLAN
67960,3/14/2017,164497,2017,69,1875,1,ALLAN
67960,3/1/2016,160883,2016,69,1875,1,ALLAN
67960,2/10/2015,156883,2015,69,1875,1,CECILLE
67960,3/26/2015,157587,2014,69,300,1,ALLAN
67960,3/14/2014,152931,2014,69,1425,1,CECILLE
67960,4/30/2014,14-019,2013,69,1425,1,ALLAN
67982,3/16/2015,157430,2015,352,1875,1,CECILLE
67982,1/31/2015,156748,2014,352,1725,1,ALLAN
67982,4/30/2014,14-119,2013,352,1425,1,ALLAN
67983,3/16/2015,157430,2015,352,1875,1,CECILLE
67983,1/31/2015,156748,2014,352,1725,1,ALLAN
67983,4/30/2014,14-119,2013,352,1425,1,ALLAN
68030,1/20/2025,199746,2025,69,2600,1,ALLAN
68030,1/31/2024,193512,2024,69,2600,1,ALLAN
68030,12/29/2022,186474,2023,69,2500,1,ALLAN
68030,4/11/2022,22-007,2022,69,2500,1,ALLAN
68030,4/26/2021,21-039,2021,69,1725,1,ALLAN
68030,1/16/2020,174693,2020,69,1725,1,ALLAN
68030,1/18/2019,170872,2019,69,1725,1,ALLAN
68030,1/8/2018,167477,2018,69,1725,1,ALLAN
68030,3/14/2017,164497,2017,69,1875,1,ALLAN
68030,3/1/2016,160883,2016,69,1875,1,ALLAN
68030,3/26/2015,157587,2015,69,1875,1,ALLAN
68030,3/26/2015,157587,2014,69,1725,1,ALLAN
68030,4/30/2014,14-019,2013,69,1425,1,ALLAN
68202,3/28/2025,434,2025,15,2600,1,ALLAN
68202,2/14/2024,193859,2024,15,2600,1,ALLAN
68202,2/7/2023,187280,2023,15,2500,1,ALLAN
68202,2/21/2022,181212,2022,15,2500,1,ALLAN
68202,1/20/2021,177272,2021,15,1725,1,ALLAN
68202,2/14/2020,175325,2020,15,1725,1,ALLAN
68202,3/18/2019,171697,2019,15,1725,1,ALLAN
68202,2/26/2018,168180,2018,15,1725,1,ALLAN
68202,3/15/2017,164578,2017,15,1875,1,ALLAN
68202,3/28/2016,161323,2016,15,1875,1,ALLAN
68202,3/31/2015,157758,2015,15,1875,1,ALLAN
68202,2/26/2015,157094,2014,15,300,1,ALLAN
68202,3/11/2014,152843,2014,15,1425,1,CECILLE
68202,1/3/2014,151854,2013,15,1425,1,ALLAN
68203,3/28/2025,434,2025,15,2600,1,ALLAN
68203,2/14/2024,193859,2024,15,2600,1,ALLAN
68203,2/7/2023,187280,2023,15,2500,1,ALLAN
68203,2/21/2022,181212,2022,15,2500,1,ALLAN
68203,1/20/2021,177272,2021,15,1725,1,ALLAN
68203,2/14/2020,175325,2020,15,1725,1,ALLAN
68203,3/18/2019,171697,2019,15,1725,1,ALLAN
68203,2/26/2018,168180,2018,15,1725,1,ALLAN
68203,3/15/2017,164578,2017,15,1875,1,ALLAN
68203,3/28/2016,161323,2016,15,1875,1,ALLAN
68203,3/31/2015,157758,2015,15,1875,1,ALLAN
68203,2/26/2015,157094,2014,15,1725,1,ALLAN
68203,3/6/2014,152776,2013,15,1425,1,ALLAN
68204,3/28/2025,434,2025,15,2600,1,ALLAN
68204,2/14/2024,193859,2024,15,2600,1,ALLAN
68204,2/7/2023,187280,2023,15,2500,1,ALLAN
68204,2/21/2022,181212,2022,15,2500,1,ALLAN
68204,1/20/2021,177272,2021,15,1725,1,ALLAN
68204,2/14/2020,175325,2020,15,1725,1,ALLAN
68204,3/18/2019,171697,2019,15,1725,1,ALLAN
68204,2/26/2018,168180,2018,15,1725,1,ALLAN
68204,3/15/2017,164578,2017,15,1875,1,ALLAN
68204,3/28/2016,161323,2016,15,1875,1,ALLAN
68204,3/31/2015,157758,2015,15,1875,1,ALLAN
68204,2/26/2015,157094,2014,15,1725,1,ALLAN
68204,3/6/2014,152776,2013,15,1425,1,ALLAN
68205,3/28/2025,434,2025,15,2600,1,ALLAN
68205,2/14/2024,193859,2024,15,2600,1,ALLAN
68205,2/7/2023,187280,2023,15,2500,1,ALLAN
68205,2/21/2022,181212,2022,15,2500,1,ALLAN
68205,1/20/2021,177272,2021,15,1725,1,ALLAN
68205,2/14/2020,175325,2020,15,1725,1,ALLAN
68205,3/18/2019,171697,2019,15,1725,1,ALLAN
68205,2/26/2018,168180,2018,15,1725,1,ALLAN
68205,3/15/2017,164578,2017,15,1875,1,ALLAN
68205,3/28/2016,161323,2016,15,1875,1,ALLAN
68205,3/31/2015,157758,2015,15,1875,1,ALLAN
68205,2/26/2015,157094,2014,15,300,1,ALLAN
68205,3/11/2014,152843,2014,15,1425,1,CECILLE
68205,3/6/2014,152776,2013,15,1425,1,ALLAN
68206,3/28/2025,434,2025,15,2600,1,ALLAN
68206,2/14/2024,193859,2024,15,2600,1,ALLAN
68206,2/7/2023,187280,2023,15,2500,1,ALLAN
68206,2/21/2022,181212,2022,15,2500,1,ALLAN
68206,1/20/2021,177272,2021,15,1725,1,ALLAN
68206,2/14/2020,175325,2020,15,1725,1,ALLAN
68206,3/18/2019,171697,2019,15,1725,1,ALLAN
68206,2/26/2018,168180,2018,15,1725,1,ALLAN
68206,3/15/2017,164578,2017,15,1875,1,ALLAN
68206,3/28/2016,161323,2016,15,1875,1,ALLAN
68206,3/31/2015,157758,2015,15,1875,1,ALLAN
68206,2/26/2015,157094,2014,15,1725,1,ALLAN
68206,11/27/2013,151417,2013,15,1425,1,CECILLE
68207,3/28/2025,434,2025,15,2600,1,ALLAN
68207,3/28/2025,437,2025,448,550,1,ALLAN
68207,4/4/2024,195011,2024,448,550,1,ALLAN
68207,2/14/2024,193859,2024,15,2600,1,ALLAN
68207,3/6/2023,187883,2023,448,550,1,ALLAN
68207,2/7/2023,187280,2023,15,2500,1,ALLAN
68207,2/28/2022,181404,2022,448,550,1,ALLAN
68207,2/21/2022,181212,2022,15,2500,1,ALLAN
68207,2/17/2021,177784,2021,448,450,1,ALLAN
68207,1/20/2021,177272,2021,15,1725,1,ALLAN
68207,2/17/2021,177784,2020,448,450,1,ALLAN
68207,2/14/2020,175325,2020,15,1725,1,ALLAN
68207,7/15/2019,19-097,2019,448,450,1,ALLAN
68207,3/18/2019,171697,2019,15,1725,1,ALLAN
68207,7/15/2019,19-097,2018,448,450,1,ALLAN
68207,2/26/2018,168180,2018,15,1725,1,ALLAN
68207,3/15/2017,164578,2017,15,1875,1,ALLAN
68207,3/28/2016,161323,2016,15,1875,1,ALLAN
68207,3/31/2015,157758,2015,15,1875,1,ALLAN
68207,2/26/2015,157094,2014,15,300,1,ALLAN
68207,3/11/2014,152843,2014,15,1425,1,CECILLE
68207,12/27/2013,13-371,2013,15,1425,1,ALLAN
68208,3/28/2025,434,2025,15,2600,1,ALLAN
68208,2/14/2024,193859,2024,15,2600,1,ALLAN
68208,2/7/2023,187280,2023,15,2500,1,ALLAN
68208,2/21/2022,181212,2022,15,2500,1,ALLAN
68208,1/20/2021,177272,2021,15,1725,1,ALLAN
68208,2/14/2020,175325,2020,15,1725,1,ALLAN
68208,3/18/2019,171697,2019,15,1725,1,ALLAN
68208,2/26/2018,168180,2018,15,1725,1,ALLAN
68208,3/15/2017,164578,2017,15,1875,1,ALLAN
68208,3/28/2016,161323,2016,15,1875,1,ALLAN
68208,3/31/2015,157758,2015,15,1875,1,ALLAN
68208,2/26/2015,157094,2014,15,1725,1,ALLAN
68208,3/6/2014,152776,2013,15,1425,1,ALLAN
68318,3/16/2015,157430,2015,352,1875,1,CECILLE
68318,1/31/2015,156748,2014,352,1725,1,ALLAN
68318,4/30/2014,14-119,2013,352,1425,1,ALLAN
68363,2/7/2023,187280,2023,15,2500,1,ALLAN
68363,2/21/2022,181212,2022,15,2500,1,ALLAN
68363,1/20/2021,177272,2021,15,1725,1,ALLAN
68363,2/14/2020,175325,2020,15,1725,1,ALLAN
68363,3/18/2019,171697,2019,15,1725,1,ALLAN
68363,2/26/2018,168180,2018,15,1725,1,ALLAN
68363,3/15/2017,164578,2017,15,1875,1,ALLAN
68363,3/28/2016,161323,2016,15,1875,1,ALLAN
68363,3/31/2015,157758,2015,15,1875,1,ALLAN
68363,2/26/2015,157094,2014,15,1725,1,ALLAN
68363,12/27/2013,13-371,2013,15,1425,1,ALLAN
68423,3/26/2025,389,2025,346,2600,1,ALLAN
68423,2/15/2024,193889,2024,346,2600,1,ALLAN
68423,1/13/2023,186720,2023,346,2500,1,ALLAN
68423,2/18/2022,181196,2022,346,2500,1,ALLAN
68423,2/18/2021,177813,2021,346,1725,1,ALLAN
68423,3/3/2020,175616,2020,346,1725,1,ALLAN
68423,1/11/2019,170733,2019,346,1725,1,ALLAN
68423,3/14/2018,168447,2018,346,1725,1,ALLAN
68423,3/15/2017,164589,2017,346,1875,1,ALLAN
68423,7/30/2016,16-148,2016,346,1875,1,ALLAN
68423,3/31/2015,157761,2015,346,1875,1,ALLAN
68423,3/31/2015,157761,2014,346,1725,1,ALLAN
68423,3/19/2014,153082,2013,346,1425,1,ALLAN
68530,11/19/2024,198847,2025,31,2600,1,ALLAN
68530,1/25/2024,193344,2024,31,2600,1,ALLAN
68530,2/17/2023,187523,2023,31,2500,1,ALLAN
68530,2/22/2022,181252,2022,31,2500,1,ALLAN
68530,2/17/2021,177790,2021,31,1725,1,ALLAN
68530,1/30/2020,175050,2020,31,1725,1,ALLAN
68530,1/7/2019,170659,2019,31,1725,1,ALLAN
68530,1/11/2018,167533,2018,31,1725,1,ALLAN
68530,1/5/2017,163486,2017,31,1875,1,ALLAN
68530,3/30/2016,161338,2016,31,1875,1,ALLAN
68530,3/2/2015,157154,2015,31,1875,1,CECILLE
68530,8/1/2014,154585,2014,31,1725,1,CECILLE
68530,6/29/2013,143759,2013,31,1425,1,CECILLE
68545,3/3/2020,175616,2020,346,1725,1,ALLAN
68545,1/11/2019,170733,2019,346,1725,1,ALLAN
68545,3/14/2018,168447,2018,346,1725,1,ALLAN
68545,3/15/2017,164589,2017,346,1875,1,ALLAN
68545,7/30/2016,16-148,2016,346,1875,1,ALLAN
68545,3/31/2015,157761,2015,346,1875,1,ALLAN
68545,3/31/2015,157761,2014,346,1725,1,ALLAN
68545,3/19/2014,153082,2013,346,1425,1,ALLAN
68631,12/29/2022,186474,2023,69,2500,1,ALLAN
68631,4/11/2022,22-007,2022,69,2500,1,ALLAN
68631,4/26/2021,21-039,2021,69,1725,1,ALLAN
68631,1/16/2020,174693,2020,69,1725,1,ALLAN
68631,1/18/2019,170872,2019,69,1725,1,ALLAN
68631,1/8/2018,167477,2018,69,1725,1,ALLAN
68631,1/8/2018,167476,2017,69,1875,1,ALLAN
68631,3/1/2016,160883,2016,69,1875,1,ALLAN
68631,3/26/2015,157587,2015,69,1875,1,ALLAN
68631,3/26/2015,157587,2014,69,1725,1,ALLAN
68631,4/30/2014,14-019,2013,69,1425,1,ALLAN
68632,3/28/2025,437,2025,448,550,1,ALLAN
68632,1/20/2025,199746,2025,69,2600,1,ALLAN
68632,4/4/2024,195011,2024,448,550,1,ALLAN
68632,1/31/2024,193512,2024,69,2600,1,ALLAN
68632,3/6/2023,187883,2023,448,550,1,ALLAN
68632,12/29/2022,186474,2023,69,2500,1,ALLAN
68632,4/11/2022,22-007,2022,69,2500,1,ALLAN
68632,2/28/2022,181404,2022,448,550,1,ALLAN
68632,4/26/2021,21-039,2021,69,1725,1,ALLAN
68632,2/17/2021,177784,2021,448,450,1,ALLAN
68632,2/17/2021,177784,2020,448,450,1,ALLAN
68632,1/16/2020,174693,2020,69,1725,1,ALLAN
68632,7/15/2019,19-097,2019,448,450,1,ALLAN
68632,1/18/2019,170872,2019,69,1725,1,ALLAN
68632,7/15/2019,19-097,2018,448,450,1,ALLAN
68632,1/8/2018,167477,2018,69,1725,1,ALLAN
68632,3/14/2017,164497,2017,69,1875,1,ALLAN
68632,3/1/2016,160883,2016,69,1875,1,ALLAN
68632,2/10/2015,156883,2015,69,1875,1,CECILLE
68632,3/26/2015,157587,2014,69,300,1,ALLAN
68632,3/14/2014,152931,2014,69,1425,1,CECILLE
68632,4/30/2014,14-019,2013,69,1425,1,ALLAN
68831,3/26/2025,389,2025,346,2600,1,ALLAN
68831,2/15/2024,193889,2024,346,2600,1,ALLAN
68831,1/13/2023,186720,2023,346,2500,1,ALLAN
68831,2/18/2022,181196,2022,346,2500,1,ALLAN
68831,2/18/2021,177813,2021,346,1725,1,ALLAN
68831,3/3/2020,175616,2020,346,1725,1,ALLAN
68831,1/11/2019,170733,2019,346,1725,1,ALLAN
68831,3/14/2018,168447,2018,346,1725,1,ALLAN
68831,3/15/2017,164589,2017,346,1875,1,ALLAN
68831,7/30/2016,16-148,2016,346,1875,1,ALLAN
68831,3/31/2015,157761,2015,346,1875,1,ALLAN
68831,3/31/2015,157761,2014,346,1725,1,ALLAN
68831,11/19/2013,151270,2013,346,1425,1,CECILLE
68834,2/15/2024,193889,2024,346,2600,1,ALLAN
68834,1/13/2023,186720,2023,346,2500,1,ALLAN
68834,2/18/2022,181196,2022,346,2500,1,ALLAN
68834,2/18/2021,177813,2021,346,1725,1,ALLAN
68834,3/3/2020,175616,2020,346,1725,1,ALLAN
68834,1/11/2019,170733,2019,346,1725,1,ALLAN
68834,4/30/2018,18-053,2018,346,1725,1,ALLAN
68834,3/15/2017,164589,2017,346,1875,1,ALLAN
68834,7/30/2016,16-148,2016,346,1875,1,ALLAN
68834,3/31/2015,157761,2015,346,1875,1,ALLAN
68834,3/31/2015,157761,2014,346,1725,1,ALLAN
68834,3/19/2014,153082,2013,346,1425,1,ALLAN
68875,1/14/2025,199569,2025,352,2600,1,ALLAN
68875,1/15/2024,193026,2024,352,2600,1,ALLAN
68875,1/13/2023,186719,2023,352,2500,1,ALLAN
68875,1/24/2022,180712,2022,352,2500,1,ALLAN
68875,1/21/2021,177315,2021,352,1725,1,ALLAN
68875,12/23/2019,174298,2020,352,1725,1,ALLAN
68875,1/15/2019,170816,2019,352,1725,1,ALLAN
68875,1/18/2018,167690,2018,352,1725,1,ALLAN
68875,1/20/2017,163781,2017,352,1875,1,ALLAN
68875,1/15/2016,160363,2016,352,1875,1,ALLAN
68875,3/16/2015,157430,2015,352,1875,1,CECILLE
68875,8/2/2014,154597,2014,352,1725,1,CECILLE
68875,4/30/2014,14-119,2013,352,1425,1,ALLAN
68924,11/19/2024,198847,2025,31,2600,1,ALLAN
68924,1/25/2024,193344,2024,31,2600,1,ALLAN
68924,2/17/2023,187523,2023,31,2500,1,ALLAN
68924,2/22/2022,181252,2022,31,2500,1,ALLAN
68924,2/17/2021,177790,2021,31,1725,1,ALLAN
68924,1/30/2020,175050,2020,31,1725,1,ALLAN
68924,1/7/2019,170659,2019,31,1725,1,ALLAN
68924,1/11/2018,167533,2018,31,1725,1,ALLAN
68924,1/5/2017,163486,2017,31,1875,1,ALLAN
68924,2/19/2016,160788,2016,31,1875,1,CECILLE
68924,2/19/2016,160788,2007,31,935,1,CECILLE
69040,3/28/2025,437,2025,448,550,1,ALLAN
69040,1/20/2025,199746,2025,69,2600,1,ALLAN
69040,4/4/2024,195011,2024,448,550,1,ALLAN
69040,1/31/2024,193512,2024,69,2600,1,ALLAN
69040,3/6/2023,187883,2023,448,550,1,ALLAN
69040,12/29/2022,186474,2023,69,2500,1,ALLAN
69040,4/11/2022,22-007,2022,69,2500,1,ALLAN
69040,2/28/2022,181404,2022,448,550,1,ALLAN
69040,4/26/2021,21-039,2021,69,1725,1,ALLAN
69040,2/17/2021,177784,2021,448,450,1,ALLAN
69040,2/17/2021,177784,2020,448,450,1,ALLAN
69040,1/16/2020,174693,2020,69,1725,1,ALLAN
69040,7/15/2019,19-097,2019,448,450,1,ALLAN
69040,1/18/2019,170872,2019,69,1725,1,ALLAN
69040,7/15/2019,19-097,2018,448,450,1,ALLAN
69040,1/8/2018,167477,2018,69,1725,1,ALLAN
69040,3/14/2017,164497,2017,69,1875,1,ALLAN
69040,3/1/2016,160883,2016,69,1875,1,ALLAN
69040,3/26/2015,157587,2015,69,1875,1,ALLAN
69040,3/26/2015,157587,2014,69,300,1,ALLAN
69040,3/14/2014,152931,2014,69,1425,1,CECILLE
69040,4/30/2014,14-019,2013,69,1425,1,ALLAN
69086,1/15/2025,199617,2025,51,2600,1,ALLAN
69086,1/15/2024,192998,2024,51,2600,1,ALLAN
69086,1/19/2023,186866,2023,51,2500,1,ALLAN
69086,1/31/2022,180826,2022,51,2500,1,ALLAN
69086,4/26/2021,21-036,2021,51,1725,1,ALLAN
69086,2/18/2021,177827,2020,51,1725,1,ALLAN
69086,2/10/2016,160667,2016,51,1875,1,CECILLE
69086,3/30/2015,157657,2015,51,1875,1,ALLAN
69086,11/12/2014,155795,2014,51,1725,1,ALLAN
69086,2/28/2014,13-478,2013,51,1425,1,ALLAN
69119,3/26/2025,389,2025,346,2600,1,ALLAN
69119,2/15/2024,193889,2024,346,2600,1,ALLAN
69119,1/13/2023,186720,2023,346,2500,1,ALLAN
69119,2/18/2022,181196,2022,346,2500,1,ALLAN
69119,6/14/2021,21-128,2021,451,450,1,ALLAN
69119,2/18/2021,177813,2021,346,1725,1,ALLAN
69119,6/14/2021,21-128,2020,451,450,1,ALLAN
69119,3/3/2020,175616,2020,346,1725,1,ALLAN
69119,6/14/2021,21-128,2019,451,450,1,ALLAN
69119,1/11/2019,170733,2019,346,1725,1,ALLAN
69119,3/14/2018,168447,2018,346,1725,1,ALLAN
69119,3/15/2017,164589,2017,346,1875,1,ALLAN
69119,7/30/2016,16-148,2016,346,1875,1,ALLAN
69119,3/31/2015,157761,2015,346,1875,1,ALLAN
69119,3/31/2015,157761,2014,346,1725,1,ALLAN
69119,3/19/2014,153082,2013,346,1425,1,ALLAN
69121,3/26/2025,389,2025,346,2600,1,ALLAN
69121,2/15/2024,193889,2024,346,2600,1,ALLAN
69121,1/13/2023,186720,2023,346,2500,1,ALLAN
69121,2/18/2022,181196,2022,346,2500,1,ALLAN
69121,2/18/2021,177813,2021,346,1725,1,ALLAN
69121,3/3/2020,175616,2020,346,1725,1,ALLAN
69121,1/11/2019,170733,2019,346,1725,1,ALLAN
69121,3/14/2018,168447,2018,346,1725,1,ALLAN
69121,3/15/2017,164589,2017,346,1875,1,ALLAN
69121,7/30/2016,16-148,2016,346,1875,1,ALLAN
69121,3/31/2015,157761,2015,346,1875,1,ALLAN
69121,3/31/2015,157761,2014,346,1725,1,ALLAN
69121,3/19/2014,153082,2013,346,1425,1,ALLAN
69173,11/19/2024,198847,2025,31,2600,1,ALLAN
69173,7/25/2024,196931,2024,31,2600,1,ALLAN
69173,7/25/2024,196931,2017,31,1675,1,ALLAN
69173,3/30/2016,161338,2016,31,1875,1,ALLAN
69173,4/1/2015,157799,2015,31,1875,1,ALLAN
69173,10/1/2014,155270,2014,31,1725,1,CECILLE
69173,4/14/2014,153449,2013,31,1425,1,CECILLE
69174,11/19/2024,198847,2025,31,2600,1,ALLAN
69174,1/25/2024,193344,2024,31,2600,1,ALLAN
69174,2/17/2023,187523,2023,31,2500,1,ALLAN
69174,2/17/2023,187523,2022,31,2500,1,ALLAN
69174,2/17/2023,187523,2021,31,1725,1,ALLAN
69174,3/30/2016,161338,2016,31,1875,1,ALLAN
69174,4/1/2015,157799,2015,31,1875,1,ALLAN
69174,3/31/2015,157729,2014,31,300,1,ALLAN
69174,3/28/2014,153203,2014,31,1425,1,CECILLE
69174,4/14/2014,153449,2013,31,1425,1,CECILLE
69174,3/28/2014,153203,2011,31,1125,1,CECILLE
69178,1/15/2025,199617,2025,51,2600,1,ALLAN
69178,1/15/2024,192998,2024,51,2600,1,ALLAN
69178,1/19/2023,186866,2023,51,2500,1,ALLAN
69178,1/31/2022,180826,2022,51,2500,1,ALLAN
69178,4/26/2021,21-036,2021,51,1725,1,ALLAN
69178,1/14/2020,174589,2020,51,1725,1,ALLAN
69178,2/26/2019,171339,2019,51,1725,1,ALLAN
69178,3/7/2018,168289,2018,51,1725,1,ALLAN
69178,3/13/2017,164480,2017,51,1875,1,ALLAN
69178,2/10/2016,160667,2016,51,1875,1,CECILLE
69178,3/30/2015,157657,2015,51,1875,1,ALLAN
69178,1/7/2015,156315,2014,51,1725,1,ALLAN
69178,5/22/2013,143316,2013,51,1425,1,ALLAN
69179,3/28/2025,437,2025,448,550,1,ALLAN
69179,1/20/2025,199746,2025,69,2600,1,ALLAN
69179,4/4/2024,195011,2024,448,550,1,ALLAN
69179,1/31/2024,193512,2024,69,2600,1,ALLAN
69179,3/6/2023,187883,2023,448,550,1,ALLAN
69179,12/29/2022,186474,2023,69,2500,1,ALLAN
69179,4/11/2022,22-007,2022,69,2500,1,ALLAN
69179,2/28/2022,181404,2022,448,550,1,ALLAN
69179,4/26/2021,21-039,2021,69,1725,1,ALLAN
69179,2/17/2021,177784,2021,448,450,1,ALLAN
69179,2/17/2021,177784,2020,448,450,1,ALLAN
69179,1/16/2020,174693,2020,69,1725,1,ALLAN
69179,7/15/2019,19-097,2019,448,450,1,ALLAN
69179,1/18/2019,170872,2019,69,1725,1,ALLAN
69179,7/15/2019,19-097,2018,448,450,1,ALLAN
69179,1/8/2018,167477,2018,69,1725,1,ALLAN
69179,3/14/2017,164497,2017,69,1875,1,ALLAN
69179,3/1/2016,160883,2016,69,1875,1,ALLAN
69179,2/10/2015,156883,2015,69,1875,1,CECILLE
69179,2/10/2015,156883,2014,69,1725,1,CECILLE
69179,4/30/2014,14-019,2013,69,1425,1,ALLAN
69247,3/28/2025,434,2025,15,2600,1,ALLAN
69247,2/14/2024,193859,2024,15,2600,1,ALLAN
69247,2/7/2023,187280,2023,15,2500,1,ALLAN
69247,2/21/2022,181212,2022,15,2500,1,ALLAN
69247,1/20/2021,177272,2021,15,1725,1,ALLAN
69247,2/14/2020,175325,2020,15,1725,1,ALLAN
69247,3/18/2019,171697,2019,15,1725,1,ALLAN
69247,2/26/2018,168180,2018,15,1725,1,ALLAN
69247,3/15/2017,164578,2017,15,1875,1,ALLAN
69247,3/28/2016,161323,2016,15,1875,1,ALLAN
69247,3/31/2015,157758,2015,15,1875,1,ALLAN
69247,2/26/2015,157094,2014,15,1725,1,ALLAN
69247,3/6/2014,152776,2013,15,1425,1,ALLAN
69248,3/28/2025,434,2025,15,2600,1,ALLAN
69248,2/14/2024,193859,2024,15,2600,1,ALLAN
69248,2/7/2023,187280,2023,15,2500,1,ALLAN
69248,2/21/2022,181212,2022,15,2500,1,ALLAN
69248,1/20/2021,177272,2021,15,1725,1,ALLAN
69248,2/14/2020,175325,2020,15,1725,1,ALLAN
69248,3/18/2019,171697,2019,15,1725,1,ALLAN
69248,2/26/2018,168180,2018,15,1725,1,ALLAN
69248,3/15/2017,164578,2017,15,1875,1,ALLAN
69248,3/28/2016,161323,2016,15,1875,1,ALLAN
69248,3/31/2015,157758,2015,15,1875,1,ALLAN
69248,5/6/2014,153745,2014,15,1725,1,ALLAN
69248,12/27/2013,13-371,2013,15,1425,1,ALLAN
69249,3/28/2025,434,2025,15,2600,1,ALLAN
69249,2/14/2024,193859,2024,15,2600,1,ALLAN
69249,2/7/2023,187280,2023,15,2500,1,ALLAN
69249,2/21/2022,181212,2022,15,2500,1,ALLAN
69249,1/20/2021,177272,2021,15,1725,1,ALLAN
69249,2/14/2020,175325,2020,15,1725,1,ALLAN
69249,3/18/2019,171697,2019,15,1725,1,ALLAN
69249,2/26/2018,168180,2018,15,1725,1,ALLAN
69249,3/15/2017,164578,2017,15,1875,1,ALLAN
69249,3/28/2016,161323,2016,15,1875,1,ALLAN
69249,3/31/2015,157758,2015,15,1875,1,ALLAN
69249,2/26/2015,157094,2014,15,1725,1,ALLAN
69249,3/6/2014,152776,2013,15,1425,1,ALLAN
69250,3/28/2025,434,2025,15,2600,1,ALLAN
69250,2/14/2024,193859,2024,15,2600,1,ALLAN
69250,2/7/2023,187280,2023,15,2500,1,ALLAN
69250,2/21/2022,181212,2022,15,2500,1,ALLAN
69250,1/20/2021,177272,2021,15,1725,1,ALLAN
69250,2/14/2020,175325,2020,15,1725,1,ALLAN
69250,3/18/2019,171697,2019,15,1725,1,ALLAN
69250,2/26/2018,168180,2018,15,1725,1,ALLAN
69250,3/15/2017,164578,2017,15,1875,1,ALLAN
69250,2/5/2016,160630,2016,15,1875,1,ALLAN
69250,3/31/2015,157758,2015,15,1875,1,ALLAN
69250,7/3/2014,154290,2014,15,1725,1,CECILLE
69250,1/3/2014,151854,2013,15,1425,1,ALLAN
69256,3/28/2025,434,2025,15,2600,1,ALLAN
69256,2/14/2024,193859,2024,15,2600,1,ALLAN
69256,2/7/2023,187280,2023,15,2500,1,ALLAN
69256,2/21/2022,181212,2022,15,2500,1,ALLAN
69256,1/20/2021,177272,2021,15,1725,1,ALLAN
69256,2/14/2020,175325,2020,15,1725,1,ALLAN
69256,3/18/2019,171697,2019,15,1725,1,ALLAN
69256,2/26/2018,168180,2018,15,1725,1,ALLAN
69256,3/15/2017,164578,2017,15,1875,1,ALLAN
69256,3/28/2016,161323,2016,15,1875,1,ALLAN
69256,3/31/2015,157758,2015,15,1875,1,ALLAN
69256,7/30/2014,154546,2014,15,1725,1,CECILLE
69256,1/3/2014,151854,2013,15,1425,1,ALLAN
69257,3/28/2025,434,2025,15,2600,1,ALLAN
69257,2/14/2024,193859,2024,15,2600,1,ALLAN
69257,2/7/2023,187280,2023,15,2500,1,ALLAN
69257,2/21/2022,181212,2022,15,2500,1,ALLAN
69257,1/20/2021,177272,2021,15,1725,1,ALLAN
69257,2/14/2020,175325,2020,15,1725,1,ALLAN
69257,3/18/2019,171697,2019,15,1725,1,ALLAN
69257,2/26/2018,168180,2018,15,1725,1,ALLAN
69257,3/15/2017,164578,2017,15,1875,1,ALLAN
69257,3/28/2016,161323,2016,15,1875,1,ALLAN
69257,3/31/2015,157758,2015,15,1875,1,ALLAN
69257,7/3/2014,154290,2014,15,1725,1,CECILLE
69257,3/6/2014,152776,2013,15,1425,1,ALLAN
69366,1/11/2019,170733,2019,346,1725,1,ALLAN
69366,3/14/2018,168447,2018,346,1725,1,ALLAN
69366,3/15/2017,164589,2017,346,1875,1,ALLAN
69366,7/30/2016,16-148,2016,346,1875,1,ALLAN
69366,3/31/2015,157761,2015,346,1875,1,ALLAN
69366,3/31/2015,157761,2014,346,1725,1,ALLAN
69366,3/19/2014,153082,2013,346,1425,1,ALLAN
69415,3/28/2025,434,2025,15,2600,1,ALLAN
69415,2/14/2024,193859,2024,15,2600,1,ALLAN
69415,2/7/2023,187280,2023,15,2500,1,ALLAN
69415,2/21/2022,181212,2022,15,2500,1,ALLAN
69415,1/20/2021,177272,2021,15,1725,1,ALLAN
69415,2/14/2020,175325,2020,15,1725,1,ALLAN
69415,3/18/2019,171697,2019,15,1725,1,ALLAN
69415,2/26/2018,168180,2018,15,1725,1,ALLAN
69415,3/15/2017,164578,2017,15,1875,1,ALLAN
69415,3/28/2016,161323,2016,15,1875,1,ALLAN
69415,3/31/2015,157758,2015,15,1875,1,ALLAN
69415,2/26/2015,157094,2014,15,1725,1,ALLAN
69415,3/6/2014,152776,2013,15,1425,1,ALLAN
69471,1/14/2025,199569,2025,352,2600,1,ALLAN
69471,1/15/2024,193026,2024,352,2600,1,ALLAN
69471,1/13/2023,186719,2023,352,2500,1,ALLAN
69471,1/24/2022,180712,2022,352,2500,1,ALLAN
69471,1/21/2021,177315,2021,352,1725,1,ALLAN
69471,12/23/2019,174298,2020,352,1725,1,ALLAN
69471,1/15/2019,170816,2019,352,1725,1,ALLAN
69471,1/18/2018,167690,2018,352,1725,1,ALLAN
69471,1/20/2017,163781,2017,352,1875,1,ALLAN
69471,1/15/2016,160363,2016,352,1875,1,ALLAN
69471,3/16/2015,157430,2015,352,1875,1,CECILLE
69471,8/2/2014,154597,2014,352,1725,1,CECILLE
69471,4/30/2014,14-119,2013,352,1425,1,ALLAN
69472,1/14/2025,199569,2025,352,2600,1,ALLAN
69472,1/15/2024,193026,2024,352,2600,1,ALLAN
69472,1/13/2023,186719,2023,352,2500,1,ALLAN
69472,1/24/2022,180712,2022,352,2500,1,ALLAN
69472,1/21/2021,177315,2021,352,1725,1,ALLAN
69472,12/23/2019,174298,2020,352,1725,1,ALLAN
69472,1/15/2019,170816,2019,352,1725,1,ALLAN
69472,1/18/2018,167690,2018,352,1725,1,ALLAN
69472,1/20/2017,163781,2017,352,1875,1,ALLAN
69472,1/15/2016,160363,2016,352,1875,1,ALLAN
69472,3/16/2015,157430,2015,352,1875,1,CECILLE
69472,6/7/2014,154059,2014,352,1725,1,ALLAN
69472,8/5/2013,144195,2013,352,1425,1,CECILLE
69487,11/19/2024,198847,2025,31,2600,1,ALLAN
69487,1/25/2024,193344,2024,31,2600,1,ALLAN
69487,2/17/2023,187523,2023,31,2500,1,ALLAN
69487,2/22/2022,181252,2022,31,2500,1,ALLAN
69487,2/17/2021,177790,2021,31,1725,1,ALLAN
69487,1/30/2020,175050,2020,31,1725,1,ALLAN
69487,1/7/2019,170659,2019,31,1725,1,ALLAN
69487,1/11/2018,167533,2018,31,1725,1,ALLAN
69487,1/5/2017,163486,2017,31,1875,1,ALLAN
69487,2/19/2016,160788,2016,31,1875,1,CECILLE
69487,3/16/2015,157425,2015,31,1875,1,CECILLE
69487,7/2/2014,154277,2014,31,1725,1,CECILLE
69487,6/29/2013,143759,2013,31,1425,1,CECILLE
69490,1/15/2025,199617,2025,51,2600,1,ALLAN
69490,1/15/2024,192998,2024,51,2600,1,ALLAN
69490,1/19/2023,186866,2023,51,2500,1,ALLAN
69490,1/31/2022,180826,2022,51,2500,1,ALLAN
69490,4/26/2021,21-036,2021,51,1725,1,ALLAN
69490,1/14/2020,174589,2020,51,1725,1,ALLAN
69490,2/26/2019,171339,2019,51,1725,1,ALLAN
69490,3/7/2018,168289,2018,51,1725,1,ALLAN
69490,3/13/2017,164480,2017,51,1875,1,ALLAN
69490,2/10/2016,160667,2016,51,1875,1,CECILLE
69490,3/30/2015,157657,2015,51,1875,1,ALLAN
69490,8/12/2014,154748,2014,51,1725,1,CECILLE
69490,5/22/2013,143316,2013,51,1425,1,ALLAN
69491,1/15/2024,192998,2024,51,2600,1,ALLAN
69491,1/19/2023,186866,2023,51,2500,1,ALLAN
69491,1/19/2023,186866,2022,51,2500,1,ALLAN
69491,1/19/2023,186866,2013,51,1225,1,ALLAN
69588,1/20/2025,199746,2025,69,2600,1,ALLAN
69588,1/31/2024,193512,2024,69,2600,1,ALLAN
69588,12/29/2022,186474,2023,69,2500,1,ALLAN
69588,4/11/2022,22-007,2022,69,2500,1,ALLAN
69588,4/26/2021,21-039,2021,69,1725,1,ALLAN
69588,1/16/2020,174693,2020,69,1725,1,ALLAN
69588,1/18/2019,170872,2019,69,1725,1,ALLAN
69588,1/8/2018,167477,2018,69,1725,1,ALLAN
69588,3/14/2017,164497,2017,69,1875,1,ALLAN
69588,3/1/2016,160883,2016,69,1875,1,ALLAN
69588,3/26/2015,157587,2015,69,1875,1,ALLAN
69588,3/26/2015,157587,2014,69,1725,1,ALLAN
69588,4/30/2014,14-019,2013,69,1425,1,ALLAN
69589,4/4/2024,195011,2024,448,550,1,ALLAN
69589,1/31/2024,193512,2024,69,2600,1,ALLAN
69589,3/6/2023,187883,2023,448,550,1,ALLAN
69589,12/29/2022,186474,2023,69,2500,1,ALLAN
69589,4/11/2022,22-007,2022,69,2500,1,ALLAN
69589,2/28/2022,181404,2022,448,550,1,ALLAN
69589,4/26/2021,21-039,2021,69,1725,1,ALLAN
69589,2/17/2021,177784,2021,448,450,1,ALLAN
69589,2/17/2021,177784,2020,448,450,1,ALLAN
69589,1/16/2020,174693,2020,69,1725,1,ALLAN
69589,7/15/2019,19-097,2019,448,450,1,ALLAN
69589,1/18/2019,170872,2019,69,1725,1,ALLAN
69589,7/15/2019,19-097,2018,448,450,1,ALLAN
69589,1/8/2018,167477,2018,69,1725,1,ALLAN
69589,3/14/2017,164497,2017,69,1875,1,ALLAN
69589,3/1/2016,160883,2016,69,1875,1,ALLAN
69589,3/26/2015,157587,2015,69,1875,1,ALLAN
69589,10/21/2014,155548,2014,69,1725,1,ALLAN
69589,4/30/2014,14-019,2013,69,1425,1,ALLAN
69656,3/28/2025,434,2025,15,2600,1,ALLAN
69656,2/14/2024,193859,2024,15,2600,1,ALLAN
69656,2/7/2023,187280,2023,15,2500,1,ALLAN
69656,2/21/2022,181212,2022,15,2500,1,ALLAN
69656,1/20/2021,177272,2021,15,1725,1,ALLAN
69656,2/14/2020,175325,2020,15,1725,1,ALLAN
69656,3/18/2019,171697,2019,15,1725,1,ALLAN
69656,2/26/2018,168180,2018,15,1725,1,ALLAN
69656,3/15/2017,164578,2017,15,1875,1,ALLAN
69656,3/28/2016,161323,2016,15,1875,1,ALLAN
69656,3/31/2015,157758,2015,15,1875,1,ALLAN
69656,2/26/2015,157094,2014,15,1725,1,ALLAN
69656,3/6/2014,152776,2013,15,1425,1,ALLAN
69663,3/30/2015,157657,2015,51,1875,1,ALLAN
69663,1/7/2015,156315,2014,51,1725,1,ALLAN
69663,2/28/2014,13-478,2013,51,1425,1,ALLAN
69664,1/15/2025,199617,2025,51,2600,1,ALLAN
69664,1/15/2024,192998,2024,51,2600,1,ALLAN
69664,1/19/2023,186866,2023,51,2500,1,ALLAN
69664,1/31/2022,180826,2022,51,2500,1,ALLAN
69664,4/26/2021,21-036,2021,51,1725,1,ALLAN
69664,1/14/2020,174589,2020,51,1725,1,ALLAN
69664,7/22/2019,172812,2019,51,1725,1,CECILLE
69664,3/30/2015,157657,2015,51,1875,1,ALLAN
69664,1/7/2015,156315,2014,51,1725,1,ALLAN
69664,2/28/2014,13-478,2013,51,1425,1,ALLAN
69690,7/30/2016,16-148,2016,346,1875,1,ALLAN
69690,3/31/2015,157761,2015,346,1875,1,ALLAN
69690,3/31/2015,157761,2014,346,1725,1,ALLAN
69690,3/19/2014,153082,2013,346,1425,1,ALLAN
69692,3/26/2025,389,2025,346,2600,1,ALLAN
69692,2/15/2024,193889,2024,346,2600,1,ALLAN
69692,1/13/2023,186720,2023,346,2500,1,ALLAN
69692,2/18/2022,181196,2022,346,2500,1,ALLAN
69692,2/18/2021,177813,2021,346,1725,1,ALLAN
69692,3/3/2020,175616,2020,346,1725,1,ALLAN
69692,1/11/2019,170733,2019,346,1725,1,ALLAN
69692,4/30/2018,18-053,2018,346,1725,1,ALLAN
69692,3/15/2017,164589,2017,346,1875,1,ALLAN
69692,7/30/2016,16-148,2016,346,1875,1,ALLAN
69692,3/31/2015,157761,2015,346,1875,1,ALLAN
69692,3/31/2015,157761,2014,346,1725,1,ALLAN
69692,3/19/2014,153082,2013,346,1425,1,ALLAN
69700,1/14/2025,199569,2025,352,2600,1,ALLAN
69700,1/15/2024,193026,2024,352,2600,1,ALLAN
69700,1/13/2023,186719,2023,352,2500,1,ALLAN
69700,1/24/2022,180712,2022,352,2500,1,ALLAN
69700,1/21/2021,177315,2021,352,1725,1,ALLAN
69700,12/23/2019,174298,2020,352,1725,1,ALLAN
69700,1/15/2019,170816,2019,352,1725,1,ALLAN
69700,1/18/2018,167690,2018,352,1725,1,ALLAN
69700,1/20/2017,163781,2017,352,1875,1,ALLAN
69700,1/15/2016,160363,2016,352,1875,1,ALLAN
69700,3/16/2015,157430,2015,352,1875,1,CECILLE
69700,6/7/2014,154059,2014,352,1725,1,ALLAN
69700,4/30/2014,14-119,2013,352,1425,1,ALLAN
69768,1/14/2025,199569,2025,352,2600,1,ALLAN
69768,1/15/2024,193026,2024,352,2600,1,ALLAN
69768,1/13/2023,186719,2023,352,2500,1,ALLAN
69768,1/24/2022,180712,2022,352,2500,1,ALLAN
69768,1/21/2021,177315,2021,352,1725,1,ALLAN
69768,12/23/2019,174298,2020,352,1725,1,ALLAN
69768,1/15/2019,170816,2019,352,1725,1,ALLAN
69768,1/18/2018,167690,2018,352,1725,1,ALLAN
69768,1/20/2017,163781,2017,352,1875,1,ALLAN
69768,1/15/2016,160363,2016,352,1875,1,ALLAN
69768,3/16/2015,157430,2015,352,1875,1,CECILLE
69768,7/5/2014,154311,2014,352,1725,1,CECILLE
69768,7/4/2013,143814,2013,352,1425,1,CECILLE
69773,3/28/2025,434,2025,15,2600,1,ALLAN
69773,2/14/2024,193859,2024,15,2600,1,ALLAN
69773,2/7/2023,187280,2023,15,2500,1,ALLAN
69773,2/21/2022,181212,2022,15,2500,1,ALLAN
69773,1/20/2021,177272,2021,15,1725,1,ALLAN
69773,2/14/2020,175325,2020,15,1725,1,ALLAN
69773,3/18/2019,171697,2019,15,1725,1,ALLAN
69773,2/26/2018,168180,2018,15,1725,1,ALLAN
69773,3/15/2017,164578,2017,15,1875,1,ALLAN
69773,3/28/2016,161323,2016,15,1875,1,ALLAN
69773,3/31/2015,157758,2015,15,1875,1,ALLAN
69773,2/26/2015,157094,2014,15,1725,1,ALLAN
69773,3/6/2014,152776,2013,15,1425,1,ALLAN
69833,3/28/2025,437,2025,448,550,1,ALLAN
69833,1/20/2025,199746,2025,69,2600,1,ALLAN
69833,4/4/2024,195011,2024,448,550,1,ALLAN
69833,1/31/2024,193512,2024,69,2600,1,ALLAN
69833,3/6/2023,187883,2023,448,550,1,ALLAN
69833,12/29/2022,186474,2023,69,2500,1,ALLAN
69833,4/11/2022,22-007,2022,69,2500,1,ALLAN
69833,2/28/2022,181404,2022,448,550,1,ALLAN
69833,4/26/2021,21-039,2021,69,1725,1,ALLAN
69833,2/17/2021,177784,2021,448,450,1,ALLAN
69833,2/17/2021,177784,2020,448,450,1,ALLAN
69833,1/16/2020,174693,2020,69,1725,1,ALLAN
69833,7/15/2019,19-097,2019,448,450,1,ALLAN
69833,1/18/2019,170872,2019,69,1725,1,ALLAN
69833,7/15/2019,19-097,2018,448,450,1,ALLAN
69833,1/8/2018,167477,2018,69,1725,1,ALLAN
69833,3/14/2017,164497,2017,69,1875,1,ALLAN
69833,3/1/2016,160883,2016,69,1875,1,ALLAN
69833,2/10/2015,156883,2015,69,1875,1,CECILLE
69833,3/26/2015,157587,2014,69,300,1,ALLAN
69833,3/14/2014,152931,2014,69,1425,1,CECILLE
69833,4/30/2014,14-019,2013,69,1425,1,ALLAN
69948,3/16/2015,157430,2015,352,1875,1,CECILLE
69948,1/31/2015,156748,2014,352,1725,1,ALLAN
69948,4/30/2014,14-119,2013,352,1425,1,ALLAN
69949,1/14/2025,199569,2025,352,2600,1,ALLAN
69949,1/15/2024,193026,2024,352,2600,1,ALLAN
69949,1/13/2023,186719,2023,352,2500,1,ALLAN
69949,1/24/2022,180712,2022,352,2500,1,ALLAN
69949,1/21/2021,177315,2021,352,1725,1,ALLAN
69949,12/23/2019,174298,2020,352,1725,1,ALLAN
69949,1/15/2019,170816,2019,352,1725,1,ALLAN
69949,1/18/2018,167690,2018,352,1725,1,ALLAN
69949,1/20/2017,163781,2017,352,1875,1,ALLAN
69949,1/20/2017,163780,2016,352,1875,1,CECILLE
69949,3/16/2015,157430,2015,352,1875,1,CECILLE
69949,1/31/2015,156748,2014,352,1725,1,ALLAN
69949,4/30/2014,14-119,2013,352,1425,1,ALLAN
70014,3/28/2025,434,2025,15,2600,1,ALLAN
70014,2/14/2024,193859,2024,15,2600,1,ALLAN
70014,2/7/2023,187280,2023,15,2500,1,ALLAN
70014,2/21/2022,181212,2022,15,2500,1,ALLAN
70014,1/20/2021,177272,2021,15,1725,1,ALLAN
70014,2/14/2020,175325,2020,15,1725,1,ALLAN
70014,3/18/2019,171697,2019,15,1725,1,ALLAN
70014,2/26/2018,168180,2018,15,1725,1,ALLAN
70014,3/15/2017,164578,2017,15,1875,1,ALLAN
70014,3/28/2016,161323,2016,15,1875,1,ALLAN
70014,3/31/2015,157758,2015,15,1875,1,ALLAN
70014,2/26/2015,157094,2014,15,1725,1,ALLAN
70014,1/3/2014,151854,2013,15,1425,1,ALLAN
70015,3/28/2025,434,2025,15,2600,1,ALLAN
70015,2/14/2024,193859,2024,15,2600,1,ALLAN
70015,2/7/2023,187280,2023,15,2500,1,ALLAN
70015,2/21/2022,181212,2022,15,2500,1,ALLAN
70015,1/20/2021,177272,2021,15,1725,1,ALLAN
70015,2/14/2020,175325,2020,15,1725,1,ALLAN
70015,3/18/2019,171697,2019,15,1725,1,ALLAN
70015,2/26/2018,168180,2018,15,1725,1,ALLAN
70015,3/15/2017,164578,2017,15,1875,1,ALLAN
70015,3/28/2016,161323,2016,15,1875,1,ALLAN
70015,3/31/2015,157758,2015,15,1875,1,ALLAN
70015,2/26/2015,157094,2014,15,1725,1,ALLAN
70015,3/6/2014,152776,2013,15,1425,1,ALLAN
70233,3/28/2025,437,2025,448,550,1,ALLAN
70233,1/15/2025,199617,2025,51,2600,1,ALLAN
70233,4/4/2024,195011,2024,448,550,1,ALLAN
70233,1/15/2024,192998,2024,51,2600,1,ALLAN
70233,3/6/2023,187883,2023,448,550,1,ALLAN
70233,1/19/2023,186866,2023,51,2500,1,ALLAN
70233,2/28/2022,181404,2022,448,550,1,ALLAN
70233,1/31/2022,180826,2022,51,2500,1,ALLAN
70233,4/26/2021,21-036,2021,51,1725,1,ALLAN
70233,2/17/2021,177784,2021,448,450,1,ALLAN
70233,2/17/2021,177784,2020,448,450,1,ALLAN
70233,1/14/2020,174589,2020,51,1725,1,ALLAN
70233,7/15/2019,19-097,2019,448,450,1,ALLAN
70233,2/26/2019,171339,2019,51,1725,1,ALLAN
70233,7/15/2019,19-097,2018,448,450,1,ALLAN
70233,3/7/2018,168289,2018,51,1725,1,ALLAN
70233,3/13/2017,164480,2017,51,1875,1,ALLAN
70233,2/10/2016,160667,2016,51,1875,1,CECILLE
70233,3/30/2015,157657,2015,51,1875,1,ALLAN
70233,1/7/2015,156315,2014,51,300,1,ALLAN
70233,2/11/2014,152437,2014,51,1425,1,ALLAN
70233,2/28/2014,13-478,2013,51,1425,1,ALLAN
70234,3/28/2025,437,2025,448,550,1,ALLAN
70234,1/20/2025,199746,2025,69,2600,1,ALLAN
70234,4/4/2024,195011,2024,448,550,1,ALLAN
70234,1/31/2024,193512,2024,69,2600,1,ALLAN
70234,3/6/2023,187883,2023,448,550,1,ALLAN
70234,12/29/2022,186474,2023,69,2500,1,ALLAN
70234,4/11/2022,22-007,2022,69,2500,1,ALLAN
70234,2/28/2022,181404,2022,448,550,1,ALLAN
70234,4/26/2021,21-039,2021,69,1725,1,ALLAN
70234,2/17/2021,177784,2021,448,450,1,ALLAN
70234,2/17/2021,177784,2020,448,450,1,ALLAN
70234,1/16/2020,174693,2020,69,1725,1,ALLAN
70234,7/15/2019,19-097,2019,448,450,1,ALLAN
70234,1/18/2019,170872,2019,69,1725,1,ALLAN
70234,7/15/2019,19-097,2018,448,450,1,ALLAN
70234,1/8/2018,167477,2018,69,1725,1,ALLAN
70234,3/14/2017,164497,2017,69,1875,1,ALLAN
70234,3/1/2016,160883,2016,69,1875,1,ALLAN
70234,3/26/2015,157587,2015,69,1875,1,ALLAN
70234,3/26/2015,157587,2014,69,1725,1,ALLAN
70234,4/30/2014,14-019,2013,69,1425,1,ALLAN
70235,3/26/2015,157587,2015,69,1875,1,ALLAN
70235,3/26/2015,157587,2014,69,1725,1,ALLAN
70235,4/30/2014,14-019,2013,69,1425,1,ALLAN
70236,1/20/2025,199746,2025,69,2600,1,ALLAN
70236,1/31/2024,193512,2024,69,2600,1,ALLAN
70236,12/29/2022,186474,2023,69,2500,1,ALLAN
70236,4/11/2022,22-007,2022,69,2500,1,ALLAN
70236,4/26/2021,21-039,2021,69,1725,1,ALLAN
70236,1/16/2020,174693,2020,69,1725,1,ALLAN
70236,1/18/2019,170872,2019,69,1725,1,ALLAN
70236,1/8/2018,167477,2018,69,1725,1,ALLAN
70236,1/8/2018,167476,2017,69,1875,1,ALLAN
70236,3/1/2016,160883,2016,69,1875,1,ALLAN
70236,3/26/2015,157587,2015,69,1875,1,ALLAN
70236,3/26/2015,157587,2014,69,1725,1,ALLAN
70236,4/30/2014,14-019,2013,69,1425,1,ALLAN
70314,3/28/2025,434,2025,15,2600,1,ALLAN
70314,2/14/2024,193859,2024,15,2600,1,ALLAN
70314,2/7/2023,187280,2023,15,2500,1,ALLAN
70314,2/21/2022,181212,2022,15,2500,1,ALLAN
70314,1/20/2021,177272,2021,15,1725,1,ALLAN
70314,2/14/2020,175325,2020,15,1725,1,ALLAN
70314,3/18/2019,171697,2019,15,1725,1,ALLAN
70314,2/26/2018,168180,2018,15,1725,1,ALLAN
70314,3/15/2017,164578,2017,15,1875,1,ALLAN
70314,3/28/2016,161323,2016,15,1875,1,ALLAN
70314,3/31/2015,157758,2015,15,1875,1,ALLAN
70314,2/26/2015,157094,2014,15,300,1,ALLAN
70314,3/11/2014,152843,2014,15,1425,1,CECILLE
70314,3/6/2014,152776,2013,15,1425,1,ALLAN
70384,3/26/2025,389,2025,346,2600,1,ALLAN
70384,2/15/2024,193889,2024,346,2600,1,ALLAN
70384,1/13/2023,186720,2023,346,2500,1,ALLAN
70384,2/18/2022,181196,2022,346,2500,1,ALLAN
70384,2/18/2021,177813,2021,346,1725,1,ALLAN
70384,3/3/2020,175616,2020,346,1725,1,ALLAN
70384,1/11/2019,170733,2019,346,1725,1,ALLAN
70384,4/30/2018,18-053,2018,346,1725,1,ALLAN
70384,3/15/2017,164589,2017,346,1875,1,ALLAN
70384,7/30/2016,16-148,2016,346,1875,1,ALLAN
70384,3/31/2015,157761,2015,346,1875,1,ALLAN
70384,3/31/2015,157761,2014,346,1725,1,ALLAN
70384,3/19/2014,153082,2013,346,1425,1,ALLAN
70385,3/26/2025,389,2025,346,2600,1,ALLAN
70385,2/15/2024,193889,2024,346,2600,1,ALLAN
70385,1/13/2023,186720,2023,346,2500,1,ALLAN
70385,2/18/2022,181196,2022,346,2500,1,ALLAN
70385,2/18/2021,177813,2021,346,1725,1,ALLAN
70385,3/3/2020,175616,2020,346,1725,1,ALLAN
70385,1/11/2019,170733,2019,346,1725,1,ALLAN
70385,3/14/2018,168447,2018,346,1725,1,ALLAN
70385,3/15/2017,164589,2017,346,1875,1,ALLAN
70385,7/30/2016,16-148,2016,346,1875,1,ALLAN
70385,3/31/2015,157761,2015,346,1875,1,ALLAN
70385,10/4/2014,155321,2014,346,1725,1,CECILLE
70385,5/31/2013,143411,2013,346,1425,1,CECILLE
70386,3/26/2025,389,2025,346,2600,1,ALLAN
70386,2/15/2024,193889,2024,346,2600,1,ALLAN
70386,1/13/2023,186720,2023,346,2500,1,ALLAN
70386,2/18/2022,181196,2022,346,2500,1,ALLAN
70386,2/18/2021,177813,2021,346,1725,1,ALLAN
70386,3/3/2020,175616,2020,346,1725,1,ALLAN
70386,1/11/2019,170733,2019,346,1725,1,ALLAN
70386,3/14/2018,168447,2018,346,1725,1,ALLAN
70386,3/14/2018,168446,2017,346,1875,1,ALLAN
70386,7/30/2016,16-148,2016,346,1875,1,ALLAN
70386,3/31/2015,157761,2015,346,1875,1,ALLAN
70386,3/31/2015,157761,2014,346,1725,1,ALLAN
70386,3/19/2014,153082,2013,346,1425,1,ALLAN
70388,3/26/2025,389,2025,346,2600,1,ALLAN
70388,2/15/2024,193889,2024,346,2600,1,ALLAN
70388,1/13/2023,186720,2023,346,2500,1,ALLAN
70388,2/18/2022,181196,2022,346,2500,1,ALLAN
70388,2/18/2021,177813,2021,346,1725,1,ALLAN
70388,3/3/2020,175616,2020,346,1725,1,ALLAN
70388,1/11/2019,170733,2019,346,1725,1,ALLAN
70388,3/14/2018,168447,2018,346,1725,1,ALLAN
70388,3/15/2017,164589,2017,346,1875,1,ALLAN
70388,7/30/2016,16-148,2016,346,1875,1,ALLAN
70388,3/31/2015,157761,2015,346,1875,1,ALLAN
70388,3/31/2015,157761,2014,346,1725,1,ALLAN
70388,3/19/2014,153082,2013,346,1425,1,ALLAN
70389,3/26/2025,389,2025,346,2600,1,ALLAN
70389,2/15/2024,193889,2024,346,2600,1,ALLAN
70389,1/13/2023,186720,2023,346,2500,1,ALLAN
70389,2/18/2022,181196,2022,346,2500,1,ALLAN
70389,2/18/2021,177813,2021,346,1725,1,ALLAN
70389,3/3/2020,175616,2020,346,1725,1,ALLAN
70389,1/11/2019,170733,2019,346,1725,1,ALLAN
70389,3/14/2018,168447,2018,346,1725,1,ALLAN
70389,3/15/2017,164589,2017,346,1875,1,ALLAN
70389,7/30/2016,16-148,2016,346,1875,1,ALLAN
70389,3/31/2015,157761,2015,346,1875,1,ALLAN
70389,3/31/2015,157761,2014,346,1725,1,ALLAN
70389,3/19/2014,153082,2013,346,1425,1,ALLAN
70390,3/26/2025,389,2025,346,2600,1,ALLAN
70390,2/15/2024,193889,2024,346,2600,1,ALLAN
70390,1/13/2023,186720,2023,346,2500,1,ALLAN
70390,2/18/2022,181196,2022,346,2500,1,ALLAN
70390,2/18/2021,177813,2021,346,1725,1,ALLAN
70390,3/3/2020,175616,2020,346,1725,1,ALLAN
70390,1/11/2019,170733,2019,346,1725,1,ALLAN
70390,4/30/2018,18-053,2018,346,1725,1,ALLAN
70390,3/15/2017,164589,2017,346,1875,1,ALLAN
70390,7/30/2016,16-148,2016,346,1875,1,ALLAN
70390,3/31/2015,157761,2015,346,1875,1,ALLAN
70390,3/31/2015,157761,2014,346,1725,1,ALLAN
70390,3/19/2014,153082,2013,346,1425,1,ALLAN
70545,3/13/2018,168410,2018,15,1725,1,ALLAN
70545,3/13/2018,168410,2017,15,1875,1,ALLAN
70545,3/28/2016,161323,2016,15,1875,1,ALLAN
70545,3/31/2015,157758,2015,15,1875,1,ALLAN
70545,2/26/2015,157094,2014,15,1725,1,ALLAN
70545,3/6/2014,152776,2013,15,1425,1,ALLAN
70548,11/19/2024,198847,2025,31,2600,1,ALLAN
70548,1/25/2024,193344,2024,31,2600,1,ALLAN
70548,2/17/2023,187523,2023,31,2500,1,ALLAN
70548,2/22/2022,181252,2022,31,2500,1,ALLAN
70548,2/17/2021,177790,2021,31,1725,1,ALLAN
70548,1/30/2020,175050,2020,31,1725,1,ALLAN
70548,1/7/2019,170659,2019,31,1725,1,ALLAN
70548,1/11/2018,167533,2018,31,1725,1,ALLAN
70548,1/5/2017,163486,2017,31,1875,1,ALLAN
70548,3/10/2016,161018,2016,31,1875,1,ALLAN
70548,3/2/2015,157154,2015,31,1875,1,CECILLE
70548,12/10/2014,156083,2014,31,1725,1,CECILLE
70548,4/11/2013,142761,2013,31,1425,1,ALLAN
70558,1/20/2025,199746,2025,69,2600,1,ALLAN
70558,1/31/2024,193512,2024,69,2600,1,ALLAN
70558,12/29/2022,186474,2023,69,2500,1,ALLAN
70558,4/11/2022,22-007,2022,69,2500,1,ALLAN
70558,4/26/2021,21-039,2021,69,1725,1,ALLAN
70558,1/16/2020,174693,2020,69,1725,1,ALLAN
70558,1/18/2019,170872,2019,69,1725,1,ALLAN
70558,1/8/2018,167477,2018,69,1725,1,ALLAN
70558,1/8/2018,167476,2017,69,1875,1,ALLAN
70558,1/8/2018,167476,2016,69,1675,1,ALLAN
70558,1/8/2018,167476,2015,69,1675,1,ALLAN
70558,10/21/2014,155548,2014,69,1725,1,ALLAN
70558,3/26/2015,157587,2013,69,1225,1,ALLAN
70559,1/20/2025,199746,2025,69,2600,1,ALLAN
70559,1/31/2024,193512,2024,69,2600,1,ALLAN
70559,12/29/2022,186474,2023,69,2500,1,ALLAN
70559,4/11/2022,22-007,2022,69,2500,1,ALLAN
70559,4/26/2021,21-039,2021,69,1725,1,ALLAN
70559,1/16/2020,174693,2020,69,1725,1,ALLAN
70559,1/18/2019,170872,2019,69,1725,1,ALLAN
70559,1/8/2018,167477,2018,69,1725,1,ALLAN
70559,3/14/2017,164497,2017,69,1875,1,ALLAN
70559,3/1/2016,160883,2016,69,1875,1,ALLAN
70559,3/26/2015,157587,2015,69,1875,1,ALLAN
70559,3/26/2015,157587,2014,69,1725,1,ALLAN
70559,4/30/2014,14-019,2013,69,1425,1,ALLAN
70560,4/30/2014,14-019,2013,69,1425,1,ALLAN
70561,3/28/2025,437,2025,448,550,1,ALLAN
70561,1/20/2025,199746,2025,69,2600,1,ALLAN
70561,4/4/2024,195011,2024,448,550,1,ALLAN
70561,1/31/2024,193512,2024,69,2600,1,ALLAN
70561,3/6/2023,187883,2023,448,550,1,ALLAN
70561,12/29/2022,186474,2023,69,2500,1,ALLAN
70561,4/11/2022,22-007,2022,69,2500,1,ALLAN
70561,2/28/2022,181404,2022,448,550,1,ALLAN
70561,4/26/2021,21-039,2021,69,1725,1,ALLAN
70561,2/17/2021,177784,2021,448,450,1,ALLAN
70561,2/17/2021,177784,2020,448,450,1,ALLAN
70561,1/16/2020,174693,2020,69,1725,1,ALLAN
70561,7/15/2019,19-097,2019,448,450,1,ALLAN
70561,1/18/2019,170872,2019,69,1725,1,ALLAN
70561,7/15/2019,19-097,2018,448,450,1,ALLAN
70561,1/8/2018,167477,2018,69,1725,1,ALLAN
70561,3/14/2017,164497,2017,69,1875,1,ALLAN
70561,3/1/2016,160883,2016,69,1875,1,ALLAN
70561,2/10/2015,156883,2015,69,1875,1,CECILLE
70561,2/10/2015,156883,2014,69,1725,1,CECILLE
70561,4/30/2014,14-019,2013,69,1425,1,ALLAN
70562,1/20/2025,199746,2025,69,2600,1,ALLAN
70562,1/31/2024,193512,2024,69,2600,1,ALLAN
70562,12/29/2022,186474,2023,69,2500,1,ALLAN
70562,4/11/2022,22-007,2022,69,2500,1,ALLAN
70562,4/26/2021,21-039,2021,69,1725,1,ALLAN
70562,1/16/2020,174693,2020,69,1725,1,ALLAN
70562,1/18/2019,170872,2019,69,1725,1,ALLAN
70562,1/8/2018,167477,2018,69,1725,1,ALLAN
70562,3/14/2017,164497,2017,69,1875,1,ALLAN
70562,3/1/2016,160883,2016,69,1875,1,ALLAN
70562,3/26/2015,157587,2015,69,1875,1,ALLAN
70562,3/26/2015,157587,2014,69,1725,1,ALLAN
70562,4/30/2014,14-019,2013,69,1425,1,ALLAN
70563,1/20/2025,199746,2025,69,2600,1,ALLAN
70563,1/31/2024,193512,2024,69,2600,1,ALLAN
70563,12/29/2022,186474,2023,69,2500,1,ALLAN
70563,4/11/2022,22-007,2022,69,2500,1,ALLAN
70563,4/26/2021,21-039,2021,69,1725,1,ALLAN
70563,1/16/2020,174693,2020,69,1725,1,ALLAN
70563,1/18/2019,170872,2019,69,1725,1,ALLAN
70563,1/8/2018,167477,2018,69,1725,1,ALLAN
70563,3/14/2017,164497,2017,69,1875,1,ALLAN
70563,3/1/2016,160883,2016,69,1875,1,ALLAN
70563,3/26/2015,157587,2015,69,1875,1,ALLAN
70563,3/26/2015,157587,2014,69,1725,1,ALLAN
70563,4/30/2014,14-019,2013,69,1425,1,ALLAN
70564,1/20/2025,199746,2025,69,2600,1,ALLAN
70564,1/31/2024,193512,2024,69,2600,1,ALLAN
70564,12/29/2022,186474,2023,69,2500,1,ALLAN
70564,4/11/2022,22-007,2022,69,2500,1,ALLAN
70564,3/16/2022,181763,2021,69,1725,1,ALLAN
70564,3/16/2022,181763,2020,69,1725,1,ALLAN
70564,1/18/2019,170872,2019,69,1725,1,ALLAN
70564,1/8/2018,167477,2018,69,1725,1,ALLAN
70564,1/8/2018,167476,2017,69,1875,1,ALLAN
70564,3/1/2016,160883,2016,69,1875,1,ALLAN
70564,3/26/2015,157587,2015,69,1875,1,ALLAN
70564,3/26/2015,157587,2014,69,1725,1,ALLAN
70564,4/30/2014,14-019,2013,69,1425,1,ALLAN
70565,1/20/2025,199746,2025,69,2600,1,ALLAN
70565,1/31/2024,193512,2024,69,2600,1,ALLAN
70565,12/29/2022,186474,2023,69,2500,1,ALLAN
70565,4/11/2022,22-007,2022,69,2500,1,ALLAN
70565,4/26/2021,21-039,2021,69,1725,1,ALLAN
70565,1/16/2020,174693,2020,69,1725,1,ALLAN
70565,1/18/2019,170872,2019,69,1725,1,ALLAN
70565,1/8/2018,167477,2018,69,1725,1,ALLAN
70565,3/14/2017,164497,2017,69,1875,1,ALLAN
70565,3/1/2016,160883,2016,69,1875,1,ALLAN
70565,3/26/2015,157587,2015,69,1875,1,ALLAN
70565,3/26/2015,157587,2014,69,1725,1,ALLAN
70565,4/30/2014,14-019,2013,69,1425,1,ALLAN
70626,3/18/2019,171697,2019,15,1725,1,ALLAN
70626,2/26/2018,168180,2018,15,1725,1,ALLAN
70626,3/15/2017,164578,2017,15,1875,1,ALLAN
70626,3/28/2016,161323,2016,15,1875,1,ALLAN
70626,3/31/2015,157758,2015,15,1875,1,ALLAN
70626,2/26/2015,157094,2014,15,1725,1,ALLAN
70626,3/6/2014,152776,2013,15,1425,1,ALLAN
70764,1/20/2025,199746,2025,69,2600,1,ALLAN
70764,1/31/2024,193512,2024,69,2600,1,ALLAN
70764,12/29/2022,186474,2023,69,2500,1,ALLAN
70764,4/11/2022,22-007,2022,69,2500,1,ALLAN
70764,4/26/2021,21-039,2021,69,1725,1,ALLAN
70764,1/16/2020,174693,2020,69,1725,1,ALLAN
70764,1/18/2019,170872,2019,69,1725,1,ALLAN
70764,1/8/2018,167477,2018,69,1725,1,ALLAN
70764,3/14/2017,164497,2017,69,1875,1,ALLAN
70764,3/1/2016,160883,2016,69,1875,1,ALLAN
70764,3/26/2015,157587,2015,69,1875,1,ALLAN
70764,3/26/2015,157587,2014,69,1725,1,ALLAN
70764,4/30/2014,14-019,2013,69,1425,1,ALLAN
70766,1/20/2025,199746,2025,69,2600,1,ALLAN
70766,1/31/2024,193512,2024,69,2600,1,ALLAN
70766,12/29/2022,186474,2023,69,2500,1,ALLAN
70766,4/11/2022,22-007,2022,69,2500,1,ALLAN
70766,4/26/2021,21-039,2021,69,1725,1,ALLAN
70766,1/16/2020,174693,2020,69,1725,1,ALLAN
70766,1/18/2019,170872,2019,69,1725,1,ALLAN
70766,1/8/2018,167477,2018,69,1725,1,ALLAN
70766,3/14/2017,164497,2017,69,1875,1,ALLAN
70766,3/1/2016,160883,2016,69,1875,1,ALLAN
70766,3/26/2015,157587,2015,69,1875,1,ALLAN
70766,3/26/2015,157587,2014,69,1725,1,ALLAN
70766,4/30/2014,14-019,2013,69,1425,1,ALLAN
70832,1/15/2024,193026,2024,352,2600,1,ALLAN
70832,1/13/2023,186719,2023,352,2500,1,ALLAN
70832,1/24/2022,180712,2022,352,2500,1,ALLAN
70832,1/21/2021,177315,2021,352,1725,1,ALLAN
70832,12/23/2019,174298,2020,352,1725,1,ALLAN
70832,1/15/2019,170816,2019,352,1725,1,ALLAN
70832,1/18/2018,167690,2018,352,1725,1,ALLAN
70832,1/20/2017,163781,2017,352,1875,1,ALLAN
70832,1/15/2016,160363,2016,352,1875,1,ALLAN
70832,3/16/2015,157430,2015,352,1875,1,CECILLE
70832,7/5/2014,154311,2014,352,1725,1,CECILLE
70832,4/30/2014,14-119,2013,352,1425,1,ALLAN
70847,1/20/2025,199746,2025,69,2600,1,ALLAN
70847,1/31/2024,193512,2024,69,2600,1,ALLAN
70847,12/29/2022,186474,2023,69,2500,1,ALLAN
70847,4/11/2022,22-007,2022,69,2500,1,ALLAN
70847,4/26/2021,21-039,2021,69,1725,1,ALLAN
70847,1/16/2020,174693,2020,69,1725,1,ALLAN
70847,1/18/2019,170872,2019,69,1725,1,ALLAN
70847,1/8/2018,167477,2018,69,1725,1,ALLAN
70847,3/14/2017,164497,2017,69,1875,1,ALLAN
70847,3/1/2016,160883,2016,69,1875,1,ALLAN
70847,3/26/2015,157587,2015,69,1875,1,ALLAN
70847,3/26/2015,157587,2014,69,1725,1,ALLAN
70847,4/30/2014,14-019,2013,69,1425,1,ALLAN
70848,1/20/2025,199746,2025,69,2600,1,ALLAN
70848,1/31/2024,193512,2024,69,2600,1,ALLAN
70848,12/29/2022,186474,2023,69,2500,1,ALLAN
70848,3/8/2023,187952,2022,69,2500,1,ALLAN
70848,3/8/2023,187952,2013,69,1225,1,ALLAN
70862,3/28/2025,434,2025,15,2600,1,ALLAN
70862,2/14/2024,193859,2024,15,2600,1,ALLAN
70862,2/7/2023,187280,2023,15,2500,1,ALLAN
70862,2/21/2022,181212,2022,15,2500,1,ALLAN
70862,1/20/2021,177272,2021,15,1725,1,ALLAN
70862,2/14/2020,175325,2020,15,1725,1,ALLAN
70862,3/18/2019,171697,2019,15,1725,1,ALLAN
70862,2/26/2018,168180,2018,15,1725,1,ALLAN
70862,3/15/2017,164578,2017,15,1875,1,ALLAN
70862,3/28/2016,161323,2016,15,1875,1,ALLAN
70862,3/31/2015,157758,2015,15,1875,1,ALLAN
70862,2/26/2015,157094,2014,15,1725,1,ALLAN
70862,3/6/2014,152776,2013,15,1425,1,ALLAN
70863,3/28/2025,434,2025,15,2600,1,ALLAN
70863,2/14/2024,193859,2024,15,2600,1,ALLAN
70863,2/7/2023,187280,2023,15,2500,1,ALLAN
70863,2/21/2022,181212,2022,15,2500,1,ALLAN
70863,1/20/2021,177272,2021,15,1725,1,ALLAN
70863,2/14/2020,175325,2020,15,1725,1,ALLAN
70863,3/18/2019,171697,2019,15,1725,1,ALLAN
70863,2/26/2018,168180,2018,15,1725,1,ALLAN
70863,3/15/2017,164578,2017,15,1875,1,ALLAN
70863,3/28/2016,161323,2016,15,1875,1,ALLAN
70863,3/31/2015,157758,2015,15,1875,1,ALLAN
70863,2/26/2015,157094,2014,15,300,1,ALLAN
70863,3/11/2014,152843,2014,15,1425,1,CECILLE
70863,3/6/2014,152776,2013,15,1425,1,ALLAN
70883,3/26/2025,389,2025,346,2600,1,ALLAN
70883,2/15/2024,193889,2024,346,2600,1,ALLAN
70883,1/13/2023,186720,2023,346,2500,1,ALLAN
70883,2/18/2022,181196,2022,346,2500,1,ALLAN
70883,2/18/2021,177813,2021,346,1725,1,ALLAN
70883,3/3/2020,175616,2020,346,1725,1,ALLAN
70883,1/11/2019,170733,2019,346,1725,1,ALLAN
70883,3/14/2018,168447,2018,346,1725,1,ALLAN
70883,3/15/2017,164589,2017,346,1875,1,ALLAN
70883,7/30/2016,16-148,2016,346,1875,1,ALLAN
70883,3/31/2015,157761,2015,346,1875,1,ALLAN
70883,3/31/2015,157761,2014,346,1725,1,ALLAN
70883,3/19/2014,153082,2013,346,1425,1,ALLAN
70884,3/26/2025,389,2025,346,2600,1,ALLAN
70884,2/15/2024,193889,2024,346,2600,1,ALLAN
70884,1/13/2023,186720,2023,346,2500,1,ALLAN
70884,2/18/2022,181196,2022,346,2500,1,ALLAN
70884,2/18/2021,177813,2021,346,1725,1,ALLAN
70884,2/18/2021,177813,2020,346,1725,1,ALLAN
70884,1/11/2019,170733,2019,346,1725,1,ALLAN
70884,2/5/2018,167931,2018,346,1725,1,CECILLE
70884,3/15/2017,164589,2017,346,1875,1,ALLAN
70884,7/30/2016,16-148,2016,346,1875,1,ALLAN
70884,3/31/2015,157761,2015,346,1875,1,ALLAN
70884,3/31/2015,157761,2014,346,1725,1,ALLAN
70884,3/19/2014,153082,2013,346,1425,1,ALLAN
70890,11/19/2024,198847,2025,31,2600,1,ALLAN
70890,1/25/2024,193344,2024,31,2600,1,ALLAN
70890,2/17/2023,187523,2023,31,2500,1,ALLAN
70890,2/22/2022,181252,2022,31,2500,1,ALLAN
70890,2/17/2021,177790,2021,31,1725,1,ALLAN
70890,1/30/2020,175050,2020,31,1725,1,ALLAN
70890,1/7/2019,170659,2019,31,1725,1,ALLAN
70890,1/11/2018,167533,2018,31,1725,1,ALLAN
70890,1/5/2017,163486,2017,31,1875,1,ALLAN
70890,3/30/2016,161338,2016,31,1875,1,ALLAN
70890,4/1/2015,157799,2015,31,1875,1,ALLAN
70890,12/10/2014,156083,2014,31,1725,1,CECILLE
70890,6/29/2013,143758,2013,31,1425,1,ALLAN
70890,6/29/2013,143758,2011,31,1125,1,ALLAN
71003,3/26/2025,389,2025,346,2600,1,ALLAN
71003,2/15/2024,193889,2024,346,2600,1,ALLAN
71003,1/13/2023,186720,2023,346,2500,1,ALLAN
71003,2/18/2022,181196,2022,346,2500,1,ALLAN
71003,2/18/2021,177813,2021,346,1725,1,ALLAN
71003,3/3/2020,175616,2020,346,1725,1,ALLAN
71003,1/11/2019,170733,2019,346,1725,1,ALLAN
71003,3/14/2018,168447,2018,346,1725,1,ALLAN
71003,3/15/2017,164589,2017,346,1875,1,ALLAN
71003,7/30/2016,16-148,2016,346,1875,1,ALLAN
71003,3/31/2015,157761,2015,346,1875,1,ALLAN
71003,3/31/2015,157761,2014,346,1725,1,ALLAN
71003,11/19/2013,151270,2013,346,1425,1,CECILLE
71058,1/21/2021,177315,2021,352,1725,1,ALLAN
71058,12/23/2019,174298,2020,352,1725,1,ALLAN
71058,1/15/2019,170816,2019,352,1725,1,ALLAN
71058,1/18/2018,167690,2018,352,1725,1,ALLAN
71058,1/20/2017,163781,2017,352,1875,1,ALLAN
71058,1/15/2016,160363,2016,352,1875,1,ALLAN
71058,3/16/2015,157430,2015,352,1875,1,CECILLE
71058,1/31/2015,156748,2014,352,1725,1,ALLAN
71058,8/5/2013,144195,2013,352,1425,1,CECILLE
71059,3/16/2015,157430,2015,352,1875,1,CECILLE
71059,1/31/2015,156748,2014,352,1725,1,ALLAN
71059,6/30/2014,14-186,2013,352,1225,1,ALLAN
71081,1/20/2025,199746,2025,69,2600,1,ALLAN
71081,1/31/2024,193512,2024,69,2600,1,ALLAN
71081,12/29/2022,186474,2023,69,2500,1,ALLAN
71081,4/11/2022,22-007,2022,69,2500,1,ALLAN
71081,4/26/2021,21-039,2021,69,1725,1,ALLAN
71081,1/16/2020,174693,2020,69,1725,1,ALLAN
71081,1/18/2019,170872,2019,69,1725,1,ALLAN
71081,1/8/2018,167477,2018,69,1725,1,ALLAN
71081,3/14/2017,164497,2017,69,1875,1,ALLAN
71081,3/1/2016,160883,2016,69,1875,1,ALLAN
71081,3/26/2015,157587,2015,69,1875,1,ALLAN
71081,3/26/2015,157587,2014,69,1725,1,ALLAN
71081,4/30/2014,14-019,2013,69,1425,1,ALLAN
71083,1/20/2025,199746,2025,69,2600,1,ALLAN
71083,1/31/2024,193512,2024,69,2600,1,ALLAN
71083,12/29/2022,186474,2023,69,2500,1,ALLAN
71083,4/11/2022,22-007,2022,69,2500,1,ALLAN
71083,4/26/2021,21-039,2021,69,1725,1,ALLAN
71083,1/16/2020,174693,2020,69,1725,1,ALLAN
71083,1/18/2019,170872,2019,69,1725,1,ALLAN
71083,1/8/2018,167477,2018,69,1725,1,ALLAN
71083,3/14/2017,164497,2017,69,1875,1,ALLAN
71083,3/1/2016,160883,2016,69,1875,1,ALLAN
71083,3/26/2015,157587,2015,69,1875,1,ALLAN
71083,3/26/2015,157587,2014,69,1725,1,ALLAN
71083,4/30/2014,14-019,2013,69,1425,1,ALLAN
71084,1/20/2025,199746,2025,69,2600,1,ALLAN
71084,1/31/2024,193512,2024,69,2600,1,ALLAN
71084,12/29/2022,186474,2023,69,2500,1,ALLAN
71084,4/11/2022,22-007,2022,69,2500,1,ALLAN
71084,4/26/2021,21-039,2021,69,1725,1,ALLAN
71084,1/16/2020,174693,2020,69,1725,1,ALLAN
71084,1/18/2019,170872,2019,69,1725,1,ALLAN
71084,1/8/2018,167477,2018,69,1725,1,ALLAN
71084,1/8/2018,167476,2017,69,1875,1,ALLAN
71084,1/8/2018,167476,2016,69,1675,1,ALLAN
71084,1/8/2018,167476,2015,69,1675,1,ALLAN
71084,10/21/2014,155548,2014,69,1725,1,ALLAN
71084,3/26/2015,157587,2013,69,1225,1,ALLAN
71151,3/26/2025,389,2025,346,2600,1,ALLAN
71151,2/15/2024,193889,2024,346,2600,1,ALLAN
71151,1/13/2023,186720,2023,346,2500,1,ALLAN
71151,2/18/2022,181196,2022,346,2500,1,ALLAN
71151,2/18/2021,177813,2021,346,1725,1,ALLAN
71151,3/3/2020,175616,2020,346,1725,1,ALLAN
71151,1/11/2019,170733,2019,346,1725,1,ALLAN
71151,3/14/2018,168447,2018,346,1725,1,ALLAN
71151,3/15/2017,164589,2017,346,1875,1,ALLAN
71151,7/30/2016,16-148,2016,346,1875,1,ALLAN
71151,3/31/2015,157761,2015,346,1875,1,ALLAN
71151,3/31/2015,157761,2014,346,1725,1,ALLAN
71151,3/19/2014,153082,2013,346,1425,1,ALLAN
71153,3/26/2025,389,2025,346,2600,1,ALLAN
71153,2/15/2024,193889,2024,346,2600,1,ALLAN
71153,1/13/2023,186720,2023,346,2500,1,ALLAN
71153,2/18/2022,181196,2022,346,2500,1,ALLAN
71153,2/18/2021,177813,2021,346,1725,1,ALLAN
71153,3/3/2020,175616,2020,346,1725,1,ALLAN
71153,1/11/2019,170733,2019,346,1725,1,ALLAN
71153,3/14/2018,168447,2018,346,1725,1,ALLAN
71153,3/15/2017,164589,2017,346,1875,1,ALLAN
71153,7/30/2016,16-148,2016,346,1875,1,ALLAN
71153,3/31/2015,157761,2015,346,1875,1,ALLAN
71153,3/31/2015,157761,2014,346,1725,1,ALLAN
71153,3/19/2014,153082,2013,346,1425,1,ALLAN
71154,3/26/2025,389,2025,346,2600,1,ALLAN
71154,2/15/2024,193889,2024,346,2600,1,ALLAN
71154,1/13/2023,186720,2023,346,2500,1,ALLAN
71154,2/18/2022,181196,2022,346,2500,1,ALLAN
71154,2/18/2021,177813,2021,346,1725,1,ALLAN
71154,3/3/2020,175616,2020,346,1725,1,ALLAN
71154,1/11/2019,170733,2019,346,1725,1,ALLAN
71154,3/14/2018,168447,2018,346,1725,1,ALLAN
71154,3/15/2017,164589,2017,346,1875,1,ALLAN
71154,7/30/2016,16-148,2016,346,1875,1,ALLAN
71154,3/31/2015,157761,2015,346,1875,1,ALLAN
71154,3/31/2015,157761,2014,346,1725,1,ALLAN
71154,3/19/2014,153082,2013,346,1425,1,ALLAN
71234,2/14/2024,193859,2024,15,2600,1,ALLAN
71234,2/7/2023,187280,2023,15,2500,1,ALLAN
71234,2/21/2022,181212,2022,15,2500,1,ALLAN
71234,1/20/2021,177272,2021,15,1725,1,ALLAN
71234,2/14/2020,175325,2020,15,1725,1,ALLAN
71234,3/18/2019,171697,2019,15,1725,1,ALLAN
71234,2/26/2018,168180,2018,15,1725,1,ALLAN
71234,3/15/2017,164578,2017,15,1875,1,ALLAN
71234,3/28/2016,161323,2016,15,1875,1,ALLAN
71234,3/31/2015,157758,2015,15,1875,1,ALLAN
71234,2/26/2015,157094,2014,15,1725,1,ALLAN
71234,3/6/2014,152776,2013,15,1425,1,ALLAN
71235,3/28/2025,434,2025,15,2600,1,ALLAN
71235,2/14/2024,193859,2024,15,2600,1,ALLAN
71235,2/7/2023,187280,2023,15,2500,1,ALLAN
71235,2/21/2022,181212,2022,15,2500,1,ALLAN
71235,1/20/2021,177272,2021,15,1725,1,ALLAN
71235,2/14/2020,175325,2020,15,1725,1,ALLAN
71235,3/18/2019,171697,2019,15,1725,1,ALLAN
71235,2/26/2018,168180,2018,15,1725,1,ALLAN
71235,3/15/2017,164578,2017,15,1875,1,ALLAN
71235,3/28/2016,161323,2016,15,1875,1,ALLAN
71235,3/31/2015,157758,2015,15,1875,1,ALLAN
71235,2/26/2015,157094,2014,15,1725,1,ALLAN
71235,1/8/2014,151932,2013,15,1425,1,CECILLE
71236,3/28/2025,434,2025,15,2600,1,ALLAN
71236,2/14/2024,193859,2024,15,2600,1,ALLAN
71236,2/7/2023,187280,2023,15,2500,1,ALLAN
71236,2/21/2022,181212,2022,15,2500,1,ALLAN
71236,1/20/2021,177272,2021,15,1725,1,ALLAN
71236,2/14/2020,175325,2020,15,1725,1,ALLAN
71236,3/18/2019,171697,2019,15,1725,1,ALLAN
71236,2/26/2018,168180,2018,15,1725,1,ALLAN
71236,3/15/2017,164578,2017,15,1875,1,ALLAN
71236,3/28/2016,161323,2016,15,1875,1,ALLAN
71236,3/31/2015,157758,2015,15,1875,1,ALLAN
71236,5/6/2014,153745,2014,15,1725,1,ALLAN
71236,11/27/2013,151417,2013,15,1425,1,CECILLE
71381,3/16/2015,157430,2015,352,1875,1,CECILLE
71381,1/31/2015,156748,2014,352,1725,1,ALLAN
71381,4/30/2014,14-119,2013,352,1425,1,ALLAN
71492,3/28/2016,161323,2016,15,1875,1,ALLAN
71492,3/31/2015,157758,2015,15,1875,1,ALLAN
71492,2/26/2015,157094,2014,15,1725,1,ALLAN
71492,3/6/2014,152776,2013,15,1425,1,ALLAN
71493,2/7/2023,187280,2023,15,2500,1,ALLAN
71493,2/21/2022,181212,2022,15,2500,1,ALLAN
71493,1/20/2021,177272,2021,15,1725,1,ALLAN
71493,2/14/2020,175325,2020,15,1725,1,ALLAN
71493,3/18/2019,171697,2019,15,1725,1,ALLAN
71493,2/26/2018,168180,2018,15,1725,1,ALLAN
71493,3/15/2017,164578,2017,15,1875,1,ALLAN
71493,2/5/2016,160630,2016,15,1875,1,ALLAN
71493,3/31/2015,157758,2015,15,1875,1,ALLAN
71493,2/26/2015,157094,2014,15,300,1,ALLAN
71493,3/11/2014,152843,2014,15,1425,1,CECILLE
71493,8/1/2013,144163,2013,15,1425,1,CECILLE
71494,3/28/2025,434,2025,15,2600,1,ALLAN
71494,2/14/2024,193859,2024,15,2600,1,ALLAN
71494,2/7/2023,187280,2023,15,2500,1,ALLAN
71494,2/21/2022,181212,2022,15,2500,1,ALLAN
71494,1/20/2021,177272,2021,15,1725,1,ALLAN
71494,2/14/2020,175325,2020,15,1725,1,ALLAN
71494,3/18/2019,171697,2019,15,1725,1,ALLAN
71494,2/26/2018,168180,2018,15,1725,1,ALLAN
71494,3/15/2017,164578,2017,15,1875,1,ALLAN
71494,3/28/2016,161323,2016,15,1875,1,ALLAN
71494,3/31/2015,157758,2015,15,1875,1,ALLAN
71494,2/26/2015,157094,2014,15,1725,1,ALLAN
71494,3/6/2014,152776,2013,15,1425,1,ALLAN
71495,3/28/2025,434,2025,15,2600,1,ALLAN
71495,2/14/2024,193859,2024,15,2600,1,ALLAN
71495,2/7/2023,187280,2023,15,2500,1,ALLAN
71495,2/21/2022,181212,2022,15,2500,1,ALLAN
71495,1/20/2021,177272,2021,15,1725,1,ALLAN
71495,2/14/2020,175325,2020,15,1725,1,ALLAN
71495,3/18/2019,171697,2019,15,1725,1,ALLAN
71495,2/26/2018,168180,2018,15,1725,1,ALLAN
71495,3/15/2017,164578,2017,15,1875,1,ALLAN
71495,3/28/2016,161323,2016,15,1875,1,ALLAN
71495,3/31/2015,157758,2015,15,1875,1,ALLAN
71495,2/26/2015,157094,2014,15,1725,1,ALLAN
71495,1/3/2014,151854,2013,15,1425,1,ALLAN
71658,1/14/2025,199569,2025,352,2600,1,ALLAN
71658,1/15/2024,193026,2024,352,2600,1,ALLAN
71658,1/13/2023,186719,2023,352,2500,1,ALLAN
71658,1/24/2022,180712,2022,352,2500,1,ALLAN
71658,1/21/2021,177315,2021,352,1725,1,ALLAN
71658,12/23/2019,174298,2020,352,1725,1,ALLAN
71658,1/15/2019,170816,2019,352,1725,1,ALLAN
71658,1/18/2018,167690,2018,352,1725,1,ALLAN
71658,1/20/2017,163781,2017,352,1875,1,ALLAN
71658,1/15/2016,160363,2016,352,1875,1,ALLAN
71658,3/16/2015,157430,2015,352,1875,1,CECILLE
71658,6/7/2014,154059,2014,352,1725,1,ALLAN
71658,4/30/2014,14-119,2013,352,1425,1,ALLAN
71714,1/14/2025,199569,2025,352,2600,1,ALLAN
71714,1/15/2024,193026,2024,352,2600,1,ALLAN
71714,1/13/2023,186719,2023,352,2500,1,ALLAN
71714,1/24/2022,180712,2022,352,2500,1,ALLAN
71714,1/21/2021,177315,2021,352,1725,1,ALLAN
71714,12/23/2019,174298,2020,352,1725,1,ALLAN
71714,1/15/2019,170816,2019,352,1725,1,ALLAN
71714,1/18/2018,167690,2018,352,1725,1,ALLAN
71714,1/20/2017,163781,2017,352,1875,1,ALLAN
71714,1/15/2016,160363,2016,352,1875,1,ALLAN
71714,3/16/2015,157430,2015,352,1875,1,CECILLE
71714,1/31/2015,156748,2014,352,1725,1,ALLAN
71714,4/30/2014,14-119,2013,352,1425,1,ALLAN
71860,1/15/2025,199617,2025,51,2600,1,ALLAN
71860,1/15/2024,192998,2024,51,2600,1,ALLAN
71860,1/15/2024,192998,2023,51,2500,1,ALLAN
71860,1/15/2024,192998,2022,51,2500,1,ALLAN
71860,1/15/2024,192998,2021,51,1525,1,ALLAN
71860,1/14/2020,174589,2020,51,1725,1,ALLAN
71860,2/26/2019,171339,2019,51,1725,1,ALLAN
71860,3/7/2018,168289,2018,51,1725,1,ALLAN
71860,3/13/2017,164480,2017,51,1875,1,ALLAN
71860,2/10/2016,160667,2016,51,1875,1,CECILLE
71860,3/30/2015,157657,2015,51,1875,1,ALLAN
71860,9/29/2014,155244,2014,51,1725,1,ALLAN
71860,12/17/2013,151708,2013,51,1425,1,CECILLE
71960,11/19/2024,198847,2025,31,2600,1,ALLAN
71960,1/25/2024,193344,2024,31,2600,1,ALLAN
71960,2/17/2023,187523,2023,31,2500,1,ALLAN
71960,2/22/2022,181252,2022,31,2500,1,ALLAN
71960,2/17/2021,177790,2021,31,1725,1,ALLAN
71960,1/30/2020,175050,2020,31,1725,1,ALLAN
71960,1/7/2019,170659,2019,31,1725,1,ALLAN
71960,1/11/2018,167533,2018,31,1725,1,ALLAN
71960,9/23/2016,16-198,2017,31,1875,1,ALLAN
71960,10/29/2015,15-297,2016,31,1875,1,ALLAN
71960,1/26/2015,156623,2015,31,1875,1,ALLAN
71960,7/2/2014,154277,2014,31,1725,1,CECILLE
71960,9/30/2013,13-235,2013,31,1425,1,ALLAN
72101,1/20/2025,199746,2025,69,2600,1,ALLAN
72101,1/31/2024,193512,2024,69,2600,1,ALLAN
72101,12/29/2022,186474,2023,69,2500,1,ALLAN
72101,4/11/2022,22-007,2022,69,2500,1,ALLAN
72101,4/26/2021,21-039,2021,69,1725,1,ALLAN
72101,1/16/2020,174693,2020,69,1725,1,ALLAN
72101,1/18/2019,170872,2019,69,1725,1,ALLAN
72101,1/8/2018,167477,2018,69,1725,1,ALLAN
72101,3/14/2017,164497,2017,69,1875,1,ALLAN
72101,3/1/2016,160883,2016,69,1875,1,ALLAN
72101,3/26/2015,157587,2015,69,1875,1,ALLAN
72101,3/26/2015,157587,2014,69,1725,1,ALLAN
72101,4/30/2014,14-019,2013,69,1425,1,ALLAN
72245,3/28/2025,434,2025,15,2600,1,ALLAN
72245,2/14/2024,193859,2024,15,2600,1,ALLAN
72245,2/7/2023,187280,2023,15,2500,1,ALLAN
72245,2/21/2022,181212,2022,15,2500,1,ALLAN
72245,1/20/2021,177272,2021,15,1725,1,ALLAN
72245,2/14/2020,175325,2020,15,1725,1,ALLAN
72245,3/18/2019,171697,2019,15,1725,1,ALLAN
72245,2/26/2018,168180,2018,15,1725,1,ALLAN
72245,3/15/2017,164578,2017,15,1875,1,ALLAN
72245,3/28/2016,161323,2016,15,1875,1,ALLAN
72245,3/31/2015,157758,2015,15,1875,1,ALLAN
72245,2/26/2015,157094,2014,15,1725,1,ALLAN
72245,3/6/2014,152776,2013,15,1425,1,ALLAN
72246,3/28/2025,434,2025,15,2600,1,ALLAN
72246,3/28/2025,437,2025,448,550,1,ALLAN
72246,4/4/2024,195011,2024,448,550,1,ALLAN
72246,2/14/2024,193859,2024,15,2600,1,ALLAN
72246,3/6/2023,187883,2023,448,550,1,ALLAN
72246,2/7/2023,187280,2023,15,2500,1,ALLAN
72246,2/28/2022,181404,2022,448,550,1,ALLAN
72246,2/21/2022,181212,2022,15,2500,1,ALLAN
72246,2/17/2021,177784,2021,448,450,1,ALLAN
72246,1/20/2021,177272,2021,15,1725,1,ALLAN
72246,2/17/2021,177784,2020,448,450,1,ALLAN
72246,2/14/2020,175325,2020,15,1725,1,ALLAN
72246,7/15/2019,19-097,2019,448,450,1,ALLAN
72246,3/18/2019,171697,2019,15,1725,1,ALLAN
72246,7/15/2019,19-097,2018,448,450,1,ALLAN
72246,2/26/2018,168180,2018,15,1725,1,ALLAN
72246,3/15/2017,164578,2017,15,1875,1,ALLAN
72246,2/5/2016,160630,2016,15,1875,1,ALLAN
72246,3/31/2015,157758,2015,15,1875,1,ALLAN
72246,2/26/2015,157094,2014,15,300,1,ALLAN
72246,3/11/2014,152843,2014,15,1425,1,CECILLE
72246,11/27/2013,151417,2013,15,1425,1,CECILLE
72247,3/28/2016,161323,2016,15,1875,1,ALLAN
72247,3/31/2015,157758,2015,15,1875,1,ALLAN
72247,2/26/2015,157094,2014,15,1725,1,ALLAN
72247,3/6/2014,152776,2013,15,1425,1,ALLAN
72248,3/28/2025,434,2025,15,2600,1,ALLAN
72248,2/14/2024,193859,2024,15,2600,1,ALLAN
72248,2/7/2023,187280,2023,15,2500,1,ALLAN
72248,2/21/2022,181212,2022,15,2500,1,ALLAN
72248,1/20/2021,177272,2021,15,1725,1,ALLAN
72248,2/14/2020,175325,2020,15,1725,1,ALLAN
72248,3/18/2019,171697,2019,15,1725,1,ALLAN
72248,2/26/2018,168180,2018,15,1725,1,ALLAN
72248,3/15/2017,164578,2017,15,1875,1,ALLAN
72248,2/5/2016,160630,2016,15,1875,1,ALLAN
72248,3/31/2015,157758,2015,15,1875,1,ALLAN
72248,2/26/2015,157094,2014,15,300,1,ALLAN
72248,3/11/2014,152843,2014,15,1425,1,CECILLE
72248,11/27/2013,151417,2013,15,1425,1,CECILLE
72249,3/28/2025,434,2025,15,2600,1,ALLAN
72249,2/14/2024,193859,2024,15,2600,1,ALLAN
72249,2/7/2023,187280,2023,15,2500,1,ALLAN
72249,2/21/2022,181212,2022,15,2500,1,ALLAN
72249,1/20/2021,177272,2021,15,1725,1,ALLAN
72249,2/14/2020,175325,2020,15,1725,1,ALLAN
72249,3/18/2019,171697,2019,15,1725,1,ALLAN
72249,2/26/2018,168180,2018,15,1725,1,ALLAN
72249,3/15/2017,164578,2017,15,1875,1,ALLAN
72249,3/28/2016,161323,2016,15,1875,1,ALLAN
72249,3/31/2015,157758,2015,15,1875,1,ALLAN
72249,2/26/2015,157094,2014,15,1725,1,ALLAN
72249,3/6/2014,152776,2013,15,1425,1,ALLAN
72250,3/28/2025,434,2025,15,2600,1,ALLAN
72250,2/14/2024,193859,2024,15,2600,1,ALLAN
72250,2/7/2023,187280,2023,15,2500,1,ALLAN
72250,2/21/2022,181212,2022,15,2500,1,ALLAN
72250,1/20/2021,177272,2021,15,1725,1,ALLAN
72250,2/14/2020,175325,2020,15,1725,1,ALLAN
72250,3/18/2019,171697,2019,15,1725,1,ALLAN
72250,2/26/2018,168180,2018,15,1725,1,ALLAN
72250,3/15/2017,164578,2017,15,1875,1,ALLAN
72250,3/28/2016,161323,2016,15,1875,1,ALLAN
72250,3/31/2015,157758,2015,15,1875,1,ALLAN
72250,2/26/2015,157094,2014,15,1725,1,ALLAN
72250,3/6/2014,152776,2013,15,1425,1,ALLAN
72251,3/28/2025,434,2025,15,2600,1,ALLAN
72251,2/14/2024,193859,2024,15,2600,1,ALLAN
72251,2/7/2023,187280,2023,15,2500,1,ALLAN
72251,2/21/2022,181212,2022,15,2500,1,ALLAN
72251,1/20/2021,177272,2021,15,1725,1,ALLAN
72251,2/14/2020,175325,2020,15,1725,1,ALLAN
72251,3/18/2019,171697,2019,15,1725,1,ALLAN
72251,2/26/2018,168180,2018,15,1725,1,ALLAN
72251,3/15/2017,164578,2017,15,1875,1,ALLAN
72251,3/1/2016,160871,2016,15,1875,1,ALLAN
72251,3/31/2015,157758,2015,15,1875,1,ALLAN
72251,5/6/2014,153748,2014,15,1725,1,ALLAN
72251,3/6/2014,152776,2013,15,1425,1,ALLAN
72252,3/28/2025,434,2025,15,2600,1,ALLAN
72252,2/14/2024,193859,2024,15,2600,1,ALLAN
72252,2/7/2023,187280,2023,15,2500,1,ALLAN
72252,2/21/2022,181212,2022,15,2500,1,ALLAN
72252,1/20/2021,177272,2021,15,1725,1,ALLAN
72252,2/14/2020,175325,2020,15,1725,1,ALLAN
72252,3/18/2019,171697,2019,15,1725,1,ALLAN
72252,2/26/2018,168180,2018,15,1725,1,ALLAN
72252,3/15/2017,164578,2017,15,1875,1,ALLAN
72252,3/1/2016,160871,2016,15,1875,1,ALLAN
72252,3/31/2015,157758,2015,15,1875,1,ALLAN
72252,5/6/2014,153748,2014,15,1725,1,ALLAN
72252,3/6/2014,152776,2013,15,1425,1,ALLAN
72291,1/20/2025,199746,2025,69,2600,1,ALLAN
72291,1/31/2024,193512,2024,69,2600,1,ALLAN
72291,12/29/2022,186474,2023,69,2500,1,ALLAN
72291,4/11/2022,22-007,2022,69,2500,1,ALLAN
72291,4/26/2021,21-039,2021,69,1725,1,ALLAN
72291,1/16/2020,174693,2020,69,1725,1,ALLAN
72291,1/18/2019,170872,2019,69,1725,1,ALLAN
72291,1/8/2018,167477,2018,69,1725,1,ALLAN
72291,3/14/2017,164497,2017,69,1875,1,ALLAN
72291,3/1/2016,160883,2016,69,1875,1,ALLAN
72291,3/26/2015,157587,2015,69,1875,1,ALLAN
72291,3/26/2015,157587,2014,69,300,1,ALLAN
72291,3/14/2014,152931,2014,69,1425,1,CECILLE
72291,4/30/2014,14-019,2013,69,1425,1,ALLAN
72292,3/28/2025,437,2025,448,550,1,ALLAN
72292,1/20/2025,199746,2025,69,2600,1,ALLAN
72292,4/4/2024,195011,2024,448,550,1,ALLAN
72292,1/31/2024,193512,2024,69,2600,1,ALLAN
72292,3/6/2023,187883,2023,448,550,1,ALLAN
72292,12/29/2022,186474,2023,69,2500,1,ALLAN
72292,4/11/2022,22-007,2022,69,2500,1,ALLAN
72292,2/28/2022,181404,2022,448,550,1,ALLAN
72292,4/26/2021,21-039,2021,69,1725,1,ALLAN
72292,2/17/2021,177784,2021,448,450,1,ALLAN
72292,2/17/2021,177784,2020,448,450,1,ALLAN
72292,1/16/2020,174693,2020,69,1725,1,ALLAN
72292,7/15/2019,19-097,2019,448,450,1,ALLAN
72292,1/18/2019,170872,2019,69,1725,1,ALLAN
72292,7/15/2019,19-097,2018,448,450,1,ALLAN
72292,1/8/2018,167477,2018,69,1725,1,ALLAN
72292,3/14/2017,164497,2017,69,1875,1,ALLAN
72292,3/1/2016,160883,2016,69,1875,1,ALLAN
72292,3/6/2015,157243,2015,69,1875,1,CECILLE
72292,3/26/2015,157587,2014,69,1725,1,ALLAN
72292,4/30/2014,14-019,2013,69,1425,1,ALLAN
72294,4/26/2021,21-039,2021,69,1725,1,ALLAN
72294,1/16/2020,174693,2020,69,1725,1,ALLAN
72294,1/18/2019,170872,2019,69,1725,1,ALLAN
72294,1/8/2018,167477,2018,69,1725,1,ALLAN
72294,1/8/2018,167476,2017,69,1875,1,ALLAN
72294,1/8/2018,167476,2016,69,1675,1,ALLAN
72294,1/8/2018,167476,2015,69,1675,1,ALLAN
72295,1/20/2025,199746,2025,69,2600,1,ALLAN
72295,1/31/2024,193512,2024,69,2600,1,ALLAN
72295,12/29/2022,186474,2023,69,2500,1,ALLAN
72295,4/11/2022,22-007,2022,69,2500,1,ALLAN
72295,4/26/2021,21-039,2021,69,1725,1,ALLAN
72295,1/16/2020,174693,2020,69,1725,1,ALLAN
72295,1/18/2019,170872,2019,69,1725,1,ALLAN
72295,1/8/2018,167477,2018,69,1725,1,ALLAN
72295,3/14/2017,164497,2017,69,1875,1,ALLAN
72295,3/1/2016,160883,2016,69,1875,1,ALLAN
72295,3/26/2015,157587,2015,69,1875,1,ALLAN
72295,3/26/2015,157587,2014,69,1725,1,ALLAN
72295,4/30/2014,14-019,2013,69,1425,1,ALLAN
72296,1/20/2025,199746,2025,69,2600,1,ALLAN
72296,1/31/2024,193512,2024,69,2600,1,ALLAN
72296,12/29/2022,186474,2023,69,2500,1,ALLAN
72296,4/11/2022,22-007,2022,69,2500,1,ALLAN
72296,4/26/2021,21-039,2021,69,1725,1,ALLAN
72296,1/16/2020,174693,2020,69,1725,1,ALLAN
72296,1/18/2019,170872,2019,69,1725,1,ALLAN
72296,1/8/2018,167477,2018,69,1725,1,ALLAN
72296,3/14/2017,164497,2017,69,1875,1,ALLAN
72296,3/1/2016,160883,2016,69,1875,1,ALLAN
72296,3/1/2016,160883,2015,69,1875,1,ALLAN
72296,3/1/2016,160883,2013,69,1225,1,ALLAN
72297,1/20/2025,199746,2025,69,2600,1,ALLAN
72297,1/31/2024,193512,2024,69,2600,1,ALLAN
72297,12/29/2022,186474,2023,69,2500,1,ALLAN
72297,4/11/2022,22-007,2022,69,2500,1,ALLAN
72297,4/26/2021,21-039,2021,69,1725,1,ALLAN
72297,1/16/2020,174693,2020,69,1725,1,ALLAN
72297,1/18/2019,170872,2019,69,1725,1,ALLAN
72297,1/8/2018,167477,2018,69,1725,1,ALLAN
72297,3/14/2017,164497,2017,69,1875,1,ALLAN
72297,3/1/2016,160883,2016,69,1875,1,ALLAN
72297,3/26/2015,157587,2015,69,1875,1,ALLAN
72297,3/26/2015,157587,2014,69,300,1,ALLAN
72297,3/14/2014,152931,2014,69,1425,1,CECILLE
72297,4/30/2014,14-019,2013,69,1425,1,ALLAN
72301,3/26/2025,389,2025,346,2600,1,ALLAN
72301,2/15/2024,193889,2024,346,2600,1,ALLAN
72301,1/13/2023,186720,2023,346,2500,1,ALLAN
72301,2/18/2022,181196,2022,346,2500,1,ALLAN
72301,2/18/2021,177813,2021,346,1725,1,ALLAN
72301,3/3/2020,175616,2020,346,1725,1,ALLAN
72301,1/11/2019,170733,2019,346,1725,1,ALLAN
72301,3/14/2018,168447,2018,346,1725,1,ALLAN
72301,3/15/2017,164589,2017,346,1875,1,ALLAN
72301,7/30/2016,16-148,2016,346,1875,1,ALLAN
72301,3/31/2015,157761,2015,346,1875,1,ALLAN
72301,3/31/2015,157761,2014,346,1725,1,ALLAN
72301,3/19/2014,153082,2013,346,1425,1,ALLAN
72302,3/26/2025,389,2025,346,2600,1,ALLAN
72302,2/15/2024,193889,2024,346,2600,1,ALLAN
72302,1/13/2023,186720,2023,346,2500,1,ALLAN
72302,2/18/2022,181196,2022,346,2500,1,ALLAN
72302,2/18/2021,177813,2021,346,1725,1,ALLAN
72302,3/3/2020,175616,2020,346,1725,1,ALLAN
72302,1/11/2019,170733,2019,346,1725,1,ALLAN
72302,3/14/2018,168447,2018,346,1725,1,ALLAN
72302,3/15/2017,164589,2017,346,1875,1,ALLAN
72302,7/30/2016,16-148,2016,346,1875,1,ALLAN
72302,3/31/2015,157761,2015,346,1875,1,ALLAN
72302,3/31/2015,157761,2014,346,1725,1,ALLAN
72302,3/19/2014,153082,2013,346,1425,1,ALLAN
72430,3/28/2025,434,2025,15,2600,1,ALLAN
72430,2/14/2024,193859,2024,15,2600,1,ALLAN
72430,2/7/2023,187280,2023,15,2500,1,ALLAN
72430,2/21/2022,181212,2022,15,2500,1,ALLAN
72430,1/20/2021,177272,2021,15,1725,1,ALLAN
72430,2/14/2020,175325,2020,15,1725,1,ALLAN
72430,3/18/2019,171697,2019,15,1725,1,ALLAN
72430,2/26/2018,168180,2018,15,1725,1,ALLAN
72430,3/15/2017,164578,2017,15,1875,1,ALLAN
72430,3/28/2016,161323,2016,15,1875,1,ALLAN
72430,3/31/2015,157758,2015,15,1875,1,ALLAN
72430,2/26/2015,157094,2014,15,1725,1,ALLAN
72430,1/3/2014,151854,2013,15,1425,1,ALLAN
72431,3/28/2025,434,2025,15,2600,1,ALLAN
72431,2/14/2024,193859,2024,15,2600,1,ALLAN
72431,2/7/2023,187280,2023,15,2500,1,ALLAN
72431,2/21/2022,181212,2022,15,2500,1,ALLAN
72431,1/20/2021,177272,2021,15,1725,1,ALLAN
72431,2/14/2020,175325,2020,15,1725,1,ALLAN
72431,3/18/2019,171697,2019,15,1725,1,ALLAN
72431,2/26/2018,168180,2018,15,1725,1,ALLAN
72431,3/15/2017,164578,2017,15,1875,1,ALLAN
72431,3/28/2016,161323,2016,15,1875,1,ALLAN
72431,3/31/2015,157758,2015,15,1875,1,ALLAN
72431,2/26/2015,157094,2014,15,1725,1,ALLAN
72431,3/6/2014,152776,2013,15,1425,1,ALLAN
72432,3/28/2025,434,2025,15,2600,1,ALLAN
72432,2/14/2024,193859,2024,15,2600,1,ALLAN
72432,2/7/2023,187280,2023,15,2500,1,ALLAN
72432,2/21/2022,181212,2022,15,2500,1,ALLAN
72432,1/20/2021,177272,2021,15,1725,1,ALLAN
72432,2/14/2020,175325,2020,15,1725,1,ALLAN
72432,3/18/2019,171697,2019,15,1725,1,ALLAN
72432,2/26/2018,168180,2018,15,1725,1,ALLAN
72432,3/15/2017,164578,2017,15,1875,1,ALLAN
72432,3/28/2016,161323,2016,15,1875,1,ALLAN
72432,3/31/2015,157758,2015,15,1875,1,ALLAN
72432,2/26/2015,157094,2014,15,1725,1,ALLAN
72432,1/3/2014,151854,2013,15,1425,1,ALLAN
72434,3/28/2025,434,2025,15,2600,1,ALLAN
72434,2/14/2024,193859,2024,15,2600,1,ALLAN
72434,2/7/2023,187280,2023,15,2500,1,ALLAN
72434,2/21/2022,181212,2022,15,2500,1,ALLAN
72434,1/20/2021,177272,2021,15,1725,1,ALLAN
72434,2/14/2020,175325,2020,15,1725,1,ALLAN
72434,3/18/2019,171697,2019,15,1725,1,ALLAN
72434,2/26/2018,168180,2018,15,1725,1,ALLAN
72434,3/15/2017,164578,2017,15,1875,1,ALLAN
72434,3/28/2016,161323,2016,15,1875,1,ALLAN
72434,3/31/2015,157758,2015,15,1875,1,ALLAN
72434,2/26/2015,157094,2014,15,1725,1,ALLAN
72434,11/27/2013,151417,2013,15,1425,1,CECILLE
72435,3/28/2025,434,2025,15,2600,1,ALLAN
72435,2/14/2024,193859,2024,15,2600,1,ALLAN
72435,2/7/2023,187280,2023,15,2500,1,ALLAN
72435,2/21/2022,181212,2022,15,2500,1,ALLAN
72435,1/20/2021,177272,2021,15,1725,1,ALLAN
72435,2/14/2020,175325,2020,15,1725,1,ALLAN
72435,3/18/2019,171697,2019,15,1725,1,ALLAN
72435,2/26/2018,168180,2018,15,1725,1,ALLAN
72435,3/15/2017,164578,2017,15,1875,1,ALLAN
72435,3/28/2016,161323,2016,15,1875,1,ALLAN
72435,3/28/2016,161323,2015,15,1875,1,ALLAN
72436,3/28/2025,434,2025,15,2600,1,ALLAN
72436,2/14/2024,193859,2024,15,2600,1,ALLAN
72436,2/7/2023,187280,2023,15,2500,1,ALLAN
72436,2/21/2022,181212,2022,15,2500,1,ALLAN
72436,1/20/2021,177272,2021,15,1725,1,ALLAN
72436,2/14/2020,175325,2020,15,1725,1,ALLAN
72436,3/18/2019,171697,2019,15,1725,1,ALLAN
72436,2/26/2018,168180,2018,15,1725,1,ALLAN
72436,3/15/2017,164578,2017,15,1875,1,ALLAN
72436,3/28/2016,161323,2016,15,1875,1,ALLAN
72436,3/31/2015,157758,2015,15,1875,1,ALLAN
72436,2/26/2015,157094,2014,15,1725,1,ALLAN
72436,3/6/2014,152776,2013,15,1425,1,ALLAN
72456,3/26/2025,389,2025,346,2600,1,ALLAN
72456,2/15/2024,193889,2024,346,2600,1,ALLAN
72456,1/13/2023,186720,2023,346,2500,1,ALLAN
72456,2/18/2022,181196,2022,346,2500,1,ALLAN
72456,2/18/2021,177813,2021,346,1725,1,ALLAN
72456,3/3/2020,175616,2020,346,1725,1,ALLAN
72456,1/11/2019,170733,2019,346,1725,1,ALLAN
72456,3/14/2018,168447,2018,346,1725,1,ALLAN
72456,3/15/2017,164589,2017,346,1875,1,ALLAN
72456,7/30/2016,16-148,2016,346,1875,1,ALLAN
72456,3/31/2015,157761,2015,346,1875,1,ALLAN
72456,3/31/2015,157761,2014,346,1725,1,ALLAN
72456,3/19/2014,153082,2013,346,1425,1,ALLAN
72457,3/26/2025,389,2025,346,2600,1,ALLAN
72457,2/15/2024,193889,2024,346,2600,1,ALLAN
72457,1/13/2023,186720,2023,346,2500,1,ALLAN
72457,2/18/2022,181196,2022,346,2500,1,ALLAN
72457,2/18/2021,177813,2021,346,1725,1,ALLAN
72457,3/3/2020,175616,2020,346,1725,1,ALLAN
72457,1/11/2019,170733,2019,346,1725,1,ALLAN
72457,4/30/2018,18-053,2018,346,1725,1,ALLAN
72457,3/15/2017,164589,2017,346,1875,1,ALLAN
72457,7/30/2016,16-148,2016,346,1875,1,ALLAN
72457,3/31/2015,157761,2015,346,1875,1,ALLAN
72457,3/31/2015,157761,2014,346,1725,1,ALLAN
72457,3/19/2014,153082,2013,346,1425,1,ALLAN
72458,3/26/2025,389,2025,346,2600,1,ALLAN
72458,2/15/2024,193889,2024,346,2600,1,ALLAN
72458,1/13/2023,186720,2023,346,2500,1,ALLAN
72458,2/18/2022,181196,2022,346,2500,1,ALLAN
72458,2/18/2021,177813,2021,346,1725,1,ALLAN
72458,3/3/2020,175616,2020,346,1725,1,ALLAN
72458,1/11/2019,170733,2019,346,1725,1,ALLAN
72458,3/14/2018,168447,2018,346,1725,1,ALLAN
72458,3/15/2017,164589,2017,346,1875,1,ALLAN
72458,7/30/2016,16-148,2016,346,1875,1,ALLAN
72458,3/31/2015,157761,2015,346,1875,1,ALLAN
72458,3/31/2015,157761,2014,346,1725,1,ALLAN
72458,3/19/2014,153082,2013,346,1425,1,ALLAN
72516,1/15/2025,199617,2025,51,2600,1,ALLAN
72516,1/15/2024,192998,2024,51,2600,1,ALLAN
72516,1/19/2023,186866,2023,51,2500,1,ALLAN
72516,1/31/2022,180826,2022,51,2500,1,ALLAN
72516,4/26/2021,21-036,2021,51,1725,1,ALLAN
72516,1/14/2020,174589,2020,51,1725,1,ALLAN
72516,2/26/2019,171339,2019,51,1725,1,ALLAN
72516,3/7/2018,168289,2018,51,1725,1,ALLAN
72516,3/13/2017,164480,2017,51,1875,1,ALLAN
72516,2/10/2016,160667,2016,51,1875,1,CECILLE
72516,3/30/2015,157657,2015,51,1875,1,ALLAN
72516,11/12/2014,155795,2014,51,1725,1,ALLAN
72516,12/17/2013,151708,2013,51,1425,1,CECILLE
72638,3/28/2025,434,2025,15,2600,1,ALLAN
72638,2/14/2024,193859,2024,15,2600,1,ALLAN
72638,2/7/2023,187280,2023,15,2500,1,ALLAN
72638,2/21/2022,181212,2022,15,2500,1,ALLAN
72638,1/20/2021,177272,2021,15,1725,1,ALLAN
72638,2/14/2020,175325,2020,15,1725,1,ALLAN
72638,3/18/2019,171697,2019,15,1725,1,ALLAN
72638,2/26/2018,168180,2018,15,1725,1,ALLAN
72638,3/15/2017,164578,2017,15,1875,1,ALLAN
72638,3/28/2016,161323,2016,15,1875,1,ALLAN
72638,3/31/2015,157758,2015,15,1875,1,ALLAN
72638,2/26/2015,157094,2014,15,1725,1,ALLAN
72638,3/6/2014,152776,2013,15,1425,1,ALLAN
72639,3/28/2025,434,2025,15,2600,1,ALLAN
72639,2/14/2024,193859,2024,15,2600,1,ALLAN
72639,2/7/2023,187280,2023,15,2500,1,ALLAN
72639,2/21/2022,181212,2022,15,2500,1,ALLAN
72639,1/20/2021,177272,2021,15,1725,1,ALLAN
72639,2/14/2020,175325,2020,15,1725,1,ALLAN
72639,3/18/2019,171697,2019,15,1725,1,ALLAN
72639,2/26/2018,168180,2018,15,1725,1,ALLAN
72639,3/15/2017,164578,2017,15,1875,1,ALLAN
72639,3/28/2016,161323,2016,15,1875,1,ALLAN
72639,3/31/2015,157758,2015,15,1875,1,ALLAN
72639,1/27/2015,156640,2014,15,1725,1,CECILLE
72639,12/27/2013,13-371,2013,15,1425,1,ALLAN
72788,3/28/2025,434,2025,15,2600,1,ALLAN
72788,2/14/2024,193859,2024,15,2600,1,ALLAN
72788,2/7/2023,187280,2023,15,2500,1,ALLAN
72788,2/21/2022,181212,2022,15,2500,1,ALLAN
72788,1/20/2021,177272,2021,15,1725,1,ALLAN
72788,2/14/2020,175325,2020,15,1725,1,ALLAN
72788,3/18/2019,171697,2019,15,1725,1,ALLAN
72788,2/26/2018,168180,2018,15,1725,1,ALLAN
72788,3/15/2017,164578,2017,15,1875,1,ALLAN
72788,3/28/2016,161323,2016,15,1875,1,ALLAN
72788,3/31/2015,157758,2015,15,1875,1,ALLAN
72788,2/26/2015,157094,2014,15,1725,1,ALLAN
72788,3/6/2014,152776,2013,15,1425,1,ALLAN
72789,1/20/2021,177272,2021,15,1725,1,ALLAN
72789,2/14/2020,175325,2020,15,1725,1,ALLAN
72789,3/18/2019,171697,2019,15,1725,1,ALLAN
72789,2/26/2018,168180,2018,15,1725,1,ALLAN
72789,3/15/2017,164578,2017,15,1875,1,ALLAN
72789,3/28/2016,161323,2016,15,1875,1,ALLAN
72789,3/31/2015,157758,2015,15,1875,1,ALLAN
72789,1/20/2015,156486,2014,15,1725,1,CECILLE
72789,3/6/2014,152776,2013,15,1425,1,ALLAN
72806,8/6/2025,2322,2026,31,2850,1,CECILLE
72806,11/19/2024,198847,2025,31,2600,1,ALLAN
72806,1/25/2024,193344,2024,31,2600,1,ALLAN
72806,2/17/2023,187523,2023,31,2500,1,ALLAN
72806,2/22/2022,181252,2022,31,2500,1,ALLAN
72806,2/17/2021,177790,2021,31,1725,1,ALLAN
72806,1/30/2020,175050,2020,31,1725,1,ALLAN
72806,1/7/2019,170659,2019,31,1725,1,ALLAN
72806,1/11/2018,167533,2018,31,1725,1,ALLAN
72806,1/5/2017,163486,2017,31,1875,1,ALLAN
72806,3/10/2016,161018,2016,31,1875,1,ALLAN
72806,3/2/2015,157154,2015,31,1875,1,CECILLE
72806,3/2/2015,157154,2014,31,1525,1,CECILLE
72806,4/14/2014,153449,2013,31,1425,1,CECILLE
72998,3/28/2016,161323,2016,15,1875,1,ALLAN
72998,3/31/2015,157758,2015,15,1875,1,ALLAN
72998,2/26/2015,157094,2014,15,1725,1,ALLAN
72998,3/6/2014,152776,2013,15,1425,1,ALLAN
72999,3/28/2025,434,2025,15,2600,1,ALLAN
72999,2/14/2024,193859,2024,15,2600,1,ALLAN
72999,2/7/2023,187280,2023,15,2500,1,ALLAN
72999,2/21/2022,181212,2022,15,2500,1,ALLAN
72999,1/20/2021,177272,2021,15,1725,1,ALLAN
72999,2/14/2020,175325,2020,15,1725,1,ALLAN
72999,3/18/2019,171697,2019,15,1725,1,ALLAN
72999,2/26/2018,168180,2018,15,1725,1,ALLAN
72999,3/15/2017,164578,2017,15,1875,1,ALLAN
72999,3/28/2016,161323,2016,15,1875,1,ALLAN
72999,3/31/2015,157758,2015,15,1875,1,ALLAN
72999,2/26/2015,157094,2014,15,1725,1,ALLAN
72999,3/6/2014,152776,2013,15,1425,1,ALLAN
73020,1/20/2025,199746,2025,69,2600,1,ALLAN
73020,1/31/2024,193512,2024,69,2600,1,ALLAN
73020,12/29/2022,186474,2023,69,2500,1,ALLAN
73020,4/11/2022,22-007,2022,69,2500,1,ALLAN
73020,4/26/2021,21-039,2021,69,1725,1,ALLAN
73020,1/16/2020,174693,2020,69,1725,1,ALLAN
73020,1/18/2019,170872,2019,69,1725,1,ALLAN
73020,1/8/2018,167477,2018,69,1725,1,ALLAN
73020,3/14/2017,164497,2017,69,1875,1,ALLAN
73020,3/1/2016,160883,2016,69,1875,1,ALLAN
73020,3/26/2015,157587,2015,69,1875,1,ALLAN
73020,3/26/2015,157587,2014,69,300,1,ALLAN
73020,3/14/2014,152931,2014,69,1425,1,CECILLE
73020,4/30/2014,14-019,2013,69,1425,1,ALLAN
73048,3/26/2025,389,2025,346,2600,1,ALLAN
73048,2/15/2024,193889,2024,346,2600,1,ALLAN
73048,1/13/2023,186720,2023,346,2500,1,ALLAN
73048,2/18/2022,181196,2022,346,2500,1,ALLAN
73048,6/14/2021,21-128,2021,451,450,1,ALLAN
73048,2/18/2021,177813,2021,346,1725,1,ALLAN
73048,6/14/2021,21-128,2020,451,450,1,ALLAN
73048,3/3/2020,175616,2020,346,1725,1,ALLAN
73048,6/14/2021,21-128,2019,451,450,1,ALLAN
73048,1/11/2019,170733,2019,346,1725,1,ALLAN
73048,3/14/2018,168447,2018,346,1725,1,ALLAN
73048,3/15/2017,164589,2017,346,1875,1,ALLAN
73048,7/30/2016,16-148,2016,346,1875,1,ALLAN
73048,3/31/2015,157761,2015,346,1875,1,ALLAN
73048,8/22/2014,154854,2014,346,1725,1,CECILLE
73048,11/19/2013,151270,2013,346,1425,1,CECILLE
73049,3/26/2025,389,2025,346,2600,1,ALLAN
73049,2/15/2024,193889,2024,346,2600,1,ALLAN
73049,1/13/2023,186720,2023,346,2500,1,ALLAN
73049,2/18/2022,181196,2022,346,2500,1,ALLAN
73049,2/18/2021,177813,2021,346,1725,1,ALLAN
73049,3/3/2020,175616,2020,346,1725,1,ALLAN
73049,1/11/2019,170733,2019,346,1725,1,ALLAN
73049,3/14/2018,168447,2018,346,1725,1,ALLAN
73049,3/15/2017,164589,2017,346,1875,1,ALLAN
73049,7/30/2016,16-148,2016,346,1875,1,ALLAN
73049,3/31/2015,157761,2015,346,1875,1,ALLAN
73049,3/31/2015,157761,2014,346,1725,1,ALLAN
73049,3/19/2014,153082,2013,346,1425,1,ALLAN
73050,3/26/2025,389,2025,346,2600,1,ALLAN
73050,2/15/2024,193889,2024,346,2600,1,ALLAN
73050,1/13/2023,186720,2023,346,2500,1,ALLAN
73050,2/18/2022,181196,2022,346,2500,1,ALLAN
73050,2/18/2021,177813,2021,346,1725,1,ALLAN
73050,3/3/2020,175616,2020,346,1725,1,ALLAN
73050,1/11/2019,170733,2019,346,1725,1,ALLAN
73050,3/14/2018,168447,2018,346,1725,1,ALLAN
73050,11/8/2017,166533,2017,346,1875,1,ALLAN
73050,7/30/2016,16-148,2016,346,1875,1,ALLAN
73050,3/31/2015,157761,2015,346,1875,1,ALLAN
73050,3/31/2015,157761,2014,346,1725,1,ALLAN
73050,3/19/2014,153082,2013,346,1425,1,ALLAN
73051,7/30/2016,16-148,2016,346,1875,1,ALLAN
73051,3/31/2015,157761,2015,346,1875,1,ALLAN
73051,3/31/2015,157761,2014,346,1725,1,ALLAN
73051,3/19/2014,153082,2013,346,1425,1,ALLAN
73292,3/26/2025,389,2025,346,2600,1,ALLAN
73292,2/15/2024,193889,2024,346,2600,1,ALLAN
73292,1/13/2023,186720,2023,346,2500,1,ALLAN
73292,2/18/2022,181196,2022,346,2500,1,ALLAN
73292,2/18/2021,177813,2021,346,1725,1,ALLAN
73292,3/3/2020,175616,2020,346,1725,1,ALLAN
73292,1/11/2019,170733,2019,346,1725,1,ALLAN
73292,3/14/2018,168447,2018,346,1725,1,ALLAN
73292,3/15/2017,164589,2017,346,1875,1,ALLAN
73292,7/30/2016,16-148,2016,346,1875,1,ALLAN
73292,3/31/2015,157761,2015,346,1875,1,ALLAN
73292,3/31/2015,157761,2014,346,1725,1,ALLAN
73292,3/19/2014,153082,2013,346,1425,1,ALLAN
73293,1/20/2025,199746,2025,69,2600,1,ALLAN
73293,1/31/2024,193512,2024,69,2600,1,ALLAN
73293,12/29/2022,186474,2023,69,2500,1,ALLAN
73293,4/11/2022,22-007,2022,69,2500,1,ALLAN
73293,4/26/2021,21-039,2021,69,1725,1,ALLAN
73293,1/16/2020,174693,2020,69,1725,1,ALLAN
73293,1/18/2019,170872,2019,69,1725,1,ALLAN
73293,1/8/2018,167477,2018,69,1725,1,ALLAN
73293,3/14/2017,164497,2017,69,1875,1,ALLAN
73293,3/1/2016,160883,2016,69,1875,1,ALLAN
73293,3/26/2015,157587,2015,69,1875,1,ALLAN
73293,3/26/2015,157587,2014,69,300,1,ALLAN
73293,3/14/2014,152931,2014,69,1425,1,CECILLE
73293,4/30/2014,14-019,2013,69,1425,1,ALLAN
73347,1/14/2025,199569,2025,352,2600,1,ALLAN
73347,1/15/2024,193026,2024,352,2600,1,ALLAN
73347,1/13/2023,186719,2023,352,2500,1,ALLAN
73347,1/24/2022,180712,2022,352,2500,1,ALLAN
73347,1/21/2021,177315,2021,352,1725,1,ALLAN
73347,12/23/2019,174298,2020,352,1725,1,ALLAN
73347,1/15/2019,170816,2019,352,1725,1,ALLAN
73347,1/18/2018,167690,2018,352,1725,1,ALLAN
73347,1/20/2017,163781,2017,352,1875,1,ALLAN
73347,1/15/2016,160363,2016,352,1875,1,ALLAN
73347,3/16/2015,157430,2015,352,1875,1,CECILLE
73347,7/5/2014,154311,2014,352,1725,1,CECILLE
73347,7/4/2013,143814,2013,352,1425,1,CECILLE
73458,3/28/2025,434,2025,15,2600,1,ALLAN
73458,2/14/2024,193859,2024,15,2600,1,ALLAN
73458,2/7/2023,187280,2023,15,2500,1,ALLAN
73458,2/21/2022,181212,2022,15,2500,1,ALLAN
73458,1/20/2021,177272,2021,15,1725,1,ALLAN
73458,2/14/2020,175325,2020,15,1725,1,ALLAN
73458,3/18/2019,171697,2019,15,1725,1,ALLAN
73458,2/26/2018,168180,2018,15,1725,1,ALLAN
73458,3/15/2017,164578,2017,15,1875,1,ALLAN
73458,2/5/2016,160630,2016,15,1875,1,ALLAN
73458,2/9/2015,156864,2015,15,1875,1,CECILLE
73458,2/26/2015,157094,2014,15,300,1,ALLAN
73458,3/11/2014,152843,2014,15,1425,1,CECILLE
73458,4/17/2013,142901,2013,15,1425,1,ALLAN
73459,3/28/2025,434,2025,15,2600,1,ALLAN
73459,2/14/2024,193859,2024,15,2600,1,ALLAN
73459,2/7/2023,187280,2023,15,2500,1,ALLAN
73459,2/21/2022,181212,2022,15,2500,1,ALLAN
73459,1/20/2021,177272,2021,15,1725,1,ALLAN
73459,2/14/2020,175325,2020,15,1725,1,ALLAN
73459,3/18/2019,171697,2019,15,1725,1,ALLAN
73459,2/26/2018,168180,2018,15,1725,1,ALLAN
73459,3/15/2017,164578,2017,15,1875,1,ALLAN
73459,3/28/2016,161323,2016,15,1875,1,ALLAN
73459,2/9/2015,156864,2015,15,1875,1,CECILLE
73459,2/26/2015,157094,2014,15,300,1,ALLAN
73459,1/8/2014,151933,2014,15,1425,1,CECILLE
73459,1/8/2014,151932,2013,15,1425,1,CECILLE
74046,1/14/2025,199569,2025,352,2600,1,ALLAN
74046,1/15/2024,193026,2024,352,2600,1,ALLAN
74046,1/13/2023,186719,2023,352,2500,1,ALLAN
74046,1/24/2022,180712,2022,352,2500,1,ALLAN
74046,1/21/2021,177315,2021,352,1725,1,ALLAN
74046,12/23/2019,174298,2020,352,1725,1,ALLAN
74046,1/15/2019,170816,2019,352,1725,1,ALLAN
74046,1/18/2018,167690,2018,352,1725,1,ALLAN
74046,1/20/2017,163781,2017,352,1875,1,ALLAN
74046,1/15/2016,160363,2016,352,1875,1,ALLAN
74046,3/16/2015,157430,2015,352,1875,1,CECILLE
74046,6/7/2014,154059,2014,352,1725,1,ALLAN
74046,7/4/2013,143814,2013,352,1425,1,CECILLE
74068,1/15/2025,199617,2025,51,2600,1,ALLAN
74068,1/15/2024,192998,2024,51,2600,1,ALLAN
74068,1/19/2023,186866,2023,51,2500,1,ALLAN
74068,1/31/2022,180826,2022,51,2500,1,ALLAN
74068,4/26/2021,21-036,2021,51,1725,1,ALLAN
74068,1/14/2020,174589,2020,51,1725,1,ALLAN
74068,2/26/2019,171339,2019,51,1725,1,ALLAN
74068,3/7/2018,168289,2018,51,1725,1,ALLAN
74068,3/13/2017,164480,2017,51,1875,1,ALLAN
74068,2/10/2016,160667,2016,51,1875,1,CECILLE
74068,3/30/2015,157657,2015,51,1875,1,ALLAN
74068,1/7/2015,156315,2014,51,300,1,ALLAN
74068,2/11/2014,152437,2014,51,1425,1,ALLAN
74068,2/28/2014,13-478,2013,51,1425,1,ALLAN
74158,3/16/2015,157430,2015,352,1875,1,CECILLE
74158,1/31/2015,14-457,2014,352,1725,1,ALLAN
74158,4/30/2014,14-119,2013,352,1425,1,ALLAN
74176,11/19/2024,198847,2025,31,2600,1,ALLAN
74176,1/25/2024,193344,2024,31,2600,1,ALLAN
74176,3/7/2023,187908,2023,31,2500,1,ALLAN
74176,2/17/2023,187523,2022,31,2500,1,ALLAN
74176,2/17/2023,187523,2013,31,1225,1,ALLAN
74178,8/6/2025,2322,2026,31,2850,1,CECILLE
74178,11/19/2024,198847,2025,31,2600,1,ALLAN
74178,1/25/2024,193344,2024,31,2600,1,ALLAN
74178,2/17/2023,187523,2023,31,2500,1,ALLAN
74178,12/2/2022,186050,2022,31,2500,1,CECILLE
74178,12/2/2022,186050,2017,31,1675,1,CECILLE
74178,3/30/2016,161338,2016,31,1875,1,ALLAN
74178,1/26/2015,156623,2015,31,1875,1,ALLAN
74178,8/1/2014,154585,2014,31,1725,1,CECILLE
74178,4/14/2014,153449,2013,31,1425,1,CECILLE
74181,1/15/2025,199617,2025,51,2600,1,ALLAN
74181,1/15/2024,192998,2024,51,2600,1,ALLAN
74181,1/19/2023,186866,2023,51,2500,1,ALLAN
74181,1/31/2022,180826,2022,51,2500,1,ALLAN
74181,4/26/2021,21-036,2021,51,1725,1,ALLAN
74181,1/14/2020,174589,2020,51,1725,1,ALLAN
74181,2/26/2019,171339,2019,51,1725,1,ALLAN
74181,3/7/2018,168289,2018,51,1725,1,ALLAN
74181,3/13/2017,164480,2017,51,1875,1,ALLAN
74181,2/10/2016,160667,2016,51,1875,1,CECILLE
74181,3/30/2015,157657,2015,51,1875,1,ALLAN
74181,9/29/2014,155244,2014,51,1725,1,ALLAN
74181,2/28/2014,13-478,2013,51,1425,1,ALLAN
74225,1/20/2025,199746,2025,69,2600,1,ALLAN
74225,1/31/2024,193512,2024,69,2600,1,ALLAN
74225,12/29/2022,186474,2023,69,2500,1,ALLAN
74225,4/11/2022,22-007,2022,69,2500,1,ALLAN
74225,4/26/2021,21-039,2021,69,1725,1,ALLAN
74225,1/16/2020,174693,2020,69,1725,1,ALLAN
74225,1/18/2019,170872,2019,69,1725,1,ALLAN
74225,1/8/2018,167477,2018,69,1725,1,ALLAN
74225,3/14/2017,164497,2017,69,1875,1,ALLAN
74225,3/1/2016,160883,2016,69,1875,1,ALLAN
74225,2/10/2015,156883,2015,69,1875,1,CECILLE
74225,3/26/2015,157587,2014,69,1725,1,ALLAN
74225,4/30/2014,14-019,2013,69,1425,1,ALLAN
74226,1/20/2025,199746,2025,69,2600,1,ALLAN
74226,1/31/2024,193512,2024,69,2600,1,ALLAN
74226,12/29/2022,186474,2023,69,2500,1,ALLAN
74226,4/11/2022,22-007,2022,69,2500,1,ALLAN
74226,4/26/2021,21-039,2021,69,1725,1,ALLAN
74226,1/16/2020,174693,2020,69,1725,1,ALLAN
74226,1/18/2019,170872,2019,69,1725,1,ALLAN
74226,1/8/2018,167477,2018,69,1725,1,ALLAN
74226,3/14/2017,164497,2017,69,1875,1,ALLAN
74226,3/1/2016,160883,2016,69,1875,1,ALLAN
74226,3/26/2015,157587,2015,69,1875,1,ALLAN
74226,3/26/2015,157587,2014,69,300,1,ALLAN
74226,3/14/2014,152931,2014,69,1425,1,CECILLE
74226,4/30/2014,14-019,2013,69,1425,1,ALLAN
74349,1/15/2025,199617,2025,51,2600,1,ALLAN
74349,1/15/2024,192998,2024,51,2600,1,ALLAN
74349,1/19/2023,186866,2023,51,2500,1,ALLAN
74349,1/31/2022,180826,2022,51,2500,1,ALLAN
74349,4/26/2021,21-036,2021,51,1725,1,ALLAN
74349,1/14/2020,174589,2020,51,1725,1,ALLAN
74349,2/26/2019,171339,2019,51,1725,1,ALLAN
74349,3/7/2018,168289,2018,51,1725,1,ALLAN
74349,3/13/2017,164480,2017,51,1875,1,ALLAN
74349,2/10/2016,160667,2016,51,1875,1,CECILLE
74349,3/30/2015,157657,2015,51,1875,1,ALLAN
74349,5/14/2014,153836,2014,51,1725,1,ALLAN
74349,2/28/2014,13-478,2013,51,1425,1,ALLAN
74402,3/28/2025,434,2025,15,2600,1,ALLAN
74402,2/14/2024,193859,2024,15,2600,1,ALLAN
74402,2/7/2023,187280,2023,15,2500,1,ALLAN
74402,2/21/2022,181212,2022,15,2500,1,ALLAN
74402,1/20/2021,177272,2021,15,1725,1,ALLAN
74402,2/14/2020,175325,2020,15,1725,1,ALLAN
74402,3/18/2019,171697,2019,15,1725,1,ALLAN
74402,2/26/2018,168180,2018,15,1725,1,ALLAN
74402,3/15/2017,164578,2017,15,1875,1,ALLAN
74402,3/28/2016,161323,2016,15,1875,1,ALLAN
74402,3/31/2015,157758,2015,15,1875,1,ALLAN
74402,2/26/2015,157094,2014,15,300,1,ALLAN
74402,3/11/2014,152843,2014,15,1425,1,CECILLE
74402,8/1/2013,144162,2013,15,1425,1,CECILLE
74403,3/28/2025,434,2025,15,2600,1,ALLAN
74403,2/14/2024,193859,2024,15,2600,1,ALLAN
74403,2/7/2023,187280,2023,15,2500,1,ALLAN
74403,2/21/2022,181212,2022,15,2500,1,ALLAN
74403,1/20/2021,177272,2021,15,1725,1,ALLAN
74403,2/14/2020,175325,2020,15,1725,1,ALLAN
74403,3/18/2019,171697,2019,15,1725,1,ALLAN
74403,2/26/2018,168180,2018,15,1725,1,ALLAN
74403,3/15/2017,164578,2017,15,1875,1,ALLAN
74403,2/5/2016,160630,2016,15,1875,1,ALLAN
74403,3/31/2015,157758,2015,15,1875,1,ALLAN
74403,2/26/2015,157094,2014,15,300,1,ALLAN
74403,3/11/2014,152843,2014,15,1425,1,CECILLE
74403,8/1/2013,144162,2013,15,1425,1,CECILLE
74404,3/28/2025,434,2025,15,2600,1,ALLAN
74404,2/14/2024,193859,2024,15,2600,1,ALLAN
74404,2/7/2023,187280,2023,15,2500,1,ALLAN
74404,2/21/2022,181212,2022,15,2500,1,ALLAN
74404,1/20/2021,177272,2021,15,1725,1,ALLAN
74404,2/14/2020,175325,2020,15,1725,1,ALLAN
74404,3/18/2019,171697,2019,15,1725,1,ALLAN
74404,2/26/2018,168180,2018,15,1725,1,ALLAN
74404,3/15/2017,164578,2017,15,1875,1,ALLAN
74404,3/28/2016,161323,2016,15,1875,1,ALLAN
74404,3/31/2015,157758,2015,15,1875,1,ALLAN
74404,2/26/2015,157094,2014,15,300,1,ALLAN
74404,3/11/2014,152843,2014,15,1425,1,CECILLE
74404,8/1/2013,144162,2013,15,1425,1,CECILLE
74492,11/19/2024,198847,2025,31,2600,1,ALLAN
74492,1/25/2024,193344,2024,31,2600,1,ALLAN
74492,2/17/2023,187523,2023,31,2500,1,ALLAN
74492,2/22/2022,181252,2022,31,2500,1,ALLAN
74492,2/17/2021,177790,2021,31,1725,1,ALLAN
74492,1/30/2020,175050,2020,31,1725,1,ALLAN
74492,1/7/2019,170659,2019,31,1725,1,ALLAN
74492,1/11/2018,167533,2018,31,1725,1,ALLAN
74492,1/5/2017,163486,2017,31,1875,1,ALLAN
74492,3/10/2016,161018,2016,31,1875,1,ALLAN
74492,11/5/2015,159627,2015,31,1875,1,ALLAN
74492,11/5/2015,159627,2012,31,1125,1,ALLAN
74565,3/28/2025,434,2025,15,2600,1,ALLAN
74565,2/14/2024,193859,2024,15,2600,1,ALLAN
74565,2/7/2023,187280,2023,15,2500,1,ALLAN
74565,2/21/2022,181212,2022,15,2500,1,ALLAN
74565,1/20/2021,177272,2021,15,1725,1,ALLAN
74565,2/14/2020,175325,2020,15,1725,1,ALLAN
74565,3/18/2019,171697,2019,15,1725,1,ALLAN
74565,2/26/2018,168180,2018,15,1725,1,ALLAN
74565,3/15/2017,164578,2017,15,1875,1,ALLAN
74565,3/28/2016,161323,2016,15,1875,1,ALLAN
74565,3/31/2015,157758,2015,15,1875,1,ALLAN
74565,2/26/2015,157094,2014,15,1725,1,ALLAN
74565,3/6/2014,152776,2013,15,1425,1,ALLAN
74566,3/28/2025,434,2025,15,2600,1,ALLAN
74566,2/14/2024,193859,2024,15,2600,1,ALLAN
74566,2/7/2023,187280,2023,15,2500,1,ALLAN
74566,2/21/2022,181212,2022,15,2500,1,ALLAN
74566,1/20/2021,177272,2021,15,1725,1,ALLAN
74566,2/14/2020,175325,2020,15,1725,1,ALLAN
74566,3/18/2019,171697,2019,15,1725,1,ALLAN
74566,2/26/2018,168180,2018,15,1725,1,ALLAN
74566,3/15/2017,164578,2017,15,1875,1,ALLAN
74566,3/28/2016,161323,2016,15,1875,1,ALLAN
74566,3/31/2015,157758,2015,15,1875,1,ALLAN
74566,2/26/2015,157094,2014,15,1725,1,ALLAN
74566,1/3/2014,151854,2013,15,1425,1,ALLAN
75185,1/20/2025,199746,2025,69,2600,1,ALLAN
75185,1/31/2024,193512,2024,69,2600,1,ALLAN
75185,12/29/2022,186474,2023,69,2500,1,ALLAN
75185,4/11/2022,22-007,2022,69,2500,1,ALLAN
75185,4/26/2021,21-039,2021,69,1725,1,ALLAN
75185,1/16/2020,174693,2020,69,1725,1,ALLAN
75185,1/18/2019,170872,2019,69,1725,1,ALLAN
75185,1/8/2018,167477,2018,69,1725,1,ALLAN
75185,3/14/2017,164497,2017,69,1875,1,ALLAN
75185,3/1/2016,160883,2016,69,1875,1,ALLAN
75185,3/26/2015,157587,2015,69,1875,1,ALLAN
75185,3/26/2015,157587,2014,69,1725,1,ALLAN
75185,4/30/2014,14-019,2013,69,1425,1,ALLAN
75186,1/20/2025,199746,2025,69,2600,1,ALLAN
75186,1/31/2024,193512,2024,69,2600,1,ALLAN
75186,12/29/2022,186474,2023,69,2500,1,ALLAN
75186,4/11/2022,22-007,2022,69,2500,1,ALLAN
75186,4/26/2021,21-039,2021,69,1725,1,ALLAN
75186,1/16/2020,174693,2020,69,1725,1,ALLAN
75186,1/18/2019,170872,2019,69,1725,1,ALLAN
75186,1/8/2018,167477,2018,69,1725,1,ALLAN
75186,3/14/2017,164497,2017,69,1875,1,ALLAN
75186,3/1/2016,160883,2016,69,1875,1,ALLAN
75186,3/26/2015,157587,2015,69,1875,1,ALLAN
75186,3/26/2015,157587,2014,69,1725,1,ALLAN
75186,4/30/2014,14-019,2013,69,1425,1,ALLAN
75452,11/19/2024,198847,2025,31,2600,1,ALLAN
75452,1/25/2024,193344,2024,31,2600,1,ALLAN
75452,2/17/2023,187523,2023,31,2500,1,ALLAN
75452,2/22/2022,181252,2022,31,2500,1,ALLAN
75452,2/17/2021,177790,2021,31,1725,1,ALLAN
75452,1/30/2020,175050,2020,31,1725,1,ALLAN
75452,1/7/2019,170659,2019,31,1725,1,ALLAN
75452,11/20/2017,166630,2018,31,1725,1,ALLAN
75452,1/5/2017,163486,2017,31,1875,1,ALLAN
75452,2/19/2016,160788,2016,31,1875,1,CECILLE
75452,4/1/2015,157799,2015,31,1875,1,ALLAN
75452,12/5/2014,156042,2014,31,1725,1,CECILLE
75452,12/19/2013,151757,2013,31,1425,1,CECILLE
75453,11/19/2024,198847,2025,31,2600,1,ALLAN
75453,1/25/2024,193344,2024,31,2600,1,ALLAN
75453,2/17/2023,187523,2023,31,2500,1,ALLAN
75453,2/22/2022,181252,2022,31,2500,1,ALLAN
75453,2/17/2021,177790,2021,31,1725,1,ALLAN
75453,1/30/2020,175050,2020,31,1725,1,ALLAN
75453,1/7/2019,170659,2019,31,1725,1,ALLAN
75453,1/11/2018,167533,2018,31,1725,1,ALLAN
75453,1/5/2017,163486,2017,31,1875,1,ALLAN
75453,3/30/2016,161338,2016,31,1875,1,ALLAN
75453,4/1/2015,157799,2015,31,1875,1,ALLAN
75453,8/29/2014,154918,2014,31,1725,1,CECILLE
75453,12/19/2013,151757,2013,31,1425,1,CECILLE
75511,11/19/2024,198847,2025,31,2600,1,ALLAN
75511,1/25/2024,193344,2024,31,2600,1,ALLAN
75511,2/17/2023,187523,2023,31,2500,1,ALLAN
75511,2/22/2022,181252,2022,31,2500,1,ALLAN
75511,2/17/2021,177790,2021,31,1725,1,ALLAN
75511,1/30/2020,175050,2020,31,1725,1,ALLAN
75511,1/7/2019,170659,2019,31,1725,1,ALLAN
75511,1/11/2018,167533,2018,31,1725,1,ALLAN
75511,1/5/2017,163486,2017,31,1875,1,ALLAN
75511,3/30/2016,161338,2016,31,1875,1,ALLAN
75511,4/1/2015,157799,2015,31,1875,1,ALLAN
75511,11/19/2014,155880,2014,31,1725,1,ALLAN
75511,6/29/2013,143759,2013,31,1425,1,CECILLE
75683,3/26/2025,389,2025,346,2600,1,ALLAN
75683,2/15/2024,193889,2024,346,2600,1,ALLAN
75683,1/13/2023,186720,2023,346,2500,1,ALLAN
75683,2/18/2022,181196,2022,346,2500,1,ALLAN
75683,6/14/2021,21-128,2021,451,450,1,ALLAN
75683,2/18/2021,177813,2021,346,1725,1,ALLAN
75683,6/14/2021,21-128,2020,451,450,1,ALLAN
75683,3/3/2020,175616,2020,346,1725,1,ALLAN
75683,6/14/2021,21-128,2019,451,450,1,ALLAN
75683,1/11/2019,170733,2019,346,1725,1,ALLAN
75683,3/14/2018,168447,2018,346,1725,1,ALLAN
75683,3/15/2017,164589,2017,346,1875,1,ALLAN
75683,7/30/2016,16-148,2016,346,1875,1,ALLAN
75683,3/31/2015,157761,2015,346,1875,1,ALLAN
75683,3/31/2015,157761,2014,346,1725,1,ALLAN
75683,3/19/2014,153082,2013,346,1425,1,ALLAN
75684,3/26/2025,389,2025,346,2600,1,ALLAN
75684,2/15/2024,193889,2024,346,2600,1,ALLAN
75684,1/13/2023,186720,2023,346,2500,1,ALLAN
75684,2/18/2022,181196,2022,346,2500,1,ALLAN
75684,2/18/2021,177813,2021,346,1725,1,ALLAN
75684,3/3/2020,175616,2020,346,1725,1,ALLAN
75684,1/11/2019,170733,2019,346,1725,1,ALLAN
75684,3/14/2018,168447,2018,346,1725,1,ALLAN
75684,3/15/2017,164589,2017,346,1875,1,ALLAN
75684,7/30/2016,16-148,2016,346,1875,1,ALLAN
75684,3/31/2015,157761,2015,346,1875,1,ALLAN
75684,8/22/2014,154854,2014,346,1725,1,CECILLE
75684,5/31/2013,143411,2013,346,1425,1,CECILLE
75685,3/26/2025,389,2025,346,2600,1,ALLAN
75685,2/15/2024,193889,2024,346,2600,1,ALLAN
75685,1/13/2023,186720,2023,346,2500,1,ALLAN
75685,2/18/2022,181196,2022,346,2500,1,ALLAN
75685,2/18/2021,177813,2021,346,1725,1,ALLAN
75685,3/3/2020,175616,2020,346,1725,1,ALLAN
75685,1/11/2019,170733,2019,346,1725,1,ALLAN
75685,3/14/2018,168447,2018,346,1725,1,ALLAN
75685,3/15/2017,164589,2017,346,1875,1,ALLAN
75685,7/30/2016,16-148,2016,346,1875,1,ALLAN
75685,3/31/2015,157761,2015,346,1875,1,ALLAN
75685,3/31/2015,157761,2014,346,1725,1,ALLAN
75685,3/19/2014,153082,2013,346,1425,1,ALLAN
75701,1/15/2025,199617,2025,51,2600,1,ALLAN
75701,1/15/2024,192998,2024,51,2600,1,ALLAN
75701,1/19/2023,186866,2023,51,2500,1,ALLAN
75701,1/31/2022,180826,2022,51,2500,1,ALLAN
75701,4/26/2021,21-036,2021,51,1725,1,ALLAN
75701,1/14/2020,174589,2020,51,1725,1,ALLAN
75701,2/26/2019,171339,2019,51,1725,1,ALLAN
75701,3/7/2018,168289,2018,51,1725,1,ALLAN
75701,3/13/2017,164480,2017,51,1875,1,ALLAN
75701,2/10/2016,160667,2016,51,1875,1,CECILLE
75701,3/30/2015,157657,2015,51,1875,1,ALLAN
75701,8/12/2014,154737,2014,51,1725,1,ALLAN
75701,6/18/2013,143629,2013,51,1425,1,CECILLE
75870,3/28/2025,434,2025,15,2600,1,ALLAN
75870,2/14/2024,193859,2024,15,2600,1,ALLAN
75870,2/7/2023,187280,2023,15,2500,1,ALLAN
75870,2/21/2022,181212,2022,15,2500,1,ALLAN
75870,1/20/2021,177272,2021,15,1725,1,ALLAN
75870,2/14/2020,175325,2020,15,1725,1,ALLAN
75870,3/18/2019,171697,2019,15,1725,1,ALLAN
75870,2/26/2018,168180,2018,15,1725,1,ALLAN
75870,3/15/2017,164578,2017,15,1875,1,ALLAN
75870,3/28/2016,161323,2016,15,1875,1,ALLAN
75870,3/31/2015,157758,2015,15,1875,1,ALLAN
75870,2/26/2015,157094,2014,15,1725,1,ALLAN
75870,1/3/2014,151854,2013,15,1425,1,ALLAN
75874,2/17/2023,187523,2023,31,2500,1,ALLAN
75874,2/22/2022,181252,2022,31,2500,1,ALLAN
75874,2/17/2021,177790,2021,31,1725,1,ALLAN
75874,1/30/2020,175050,2020,31,1725,1,ALLAN
75874,1/7/2019,170659,2019,31,1725,1,ALLAN
75874,1/11/2018,167533,2018,31,1725,1,ALLAN
75874,1/5/2017,163486,2017,31,1875,1,ALLAN
75874,3/30/2016,161338,2016,31,1875,1,ALLAN
75874,4/1/2015,157799,2015,31,1875,1,ALLAN
75874,9/3/2014,154963,2014,31,1725,1,CECILLE
75874,9/12/2013,144685,2013,31,1425,1,CECILLE
75899,3/26/2025,389,2025,346,2600,1,ALLAN
75899,2/15/2024,193889,2024,346,2600,1,ALLAN
75899,1/13/2023,186720,2023,346,2500,1,ALLAN
75899,2/18/2022,181196,2022,346,2500,1,ALLAN
75899,2/18/2021,177813,2021,346,1725,1,ALLAN
75899,3/3/2020,175616,2020,346,1725,1,ALLAN
75899,1/11/2019,170733,2019,346,1725,1,ALLAN
75899,3/14/2018,168447,2018,346,1725,1,ALLAN
75899,3/15/2017,164589,2017,346,1875,1,ALLAN
75899,7/30/2016,16-148,2016,346,1875,1,ALLAN
75899,3/31/2015,157761,2015,346,1875,1,ALLAN
75899,3/31/2015,157761,2014,346,1725,1,ALLAN
75899,11/19/2013,151270,2013,346,1425,1,CECILLE
76122,3/26/2025,389,2025,346,2600,1,ALLAN
76122,2/15/2024,193889,2024,346,2600,1,ALLAN
76122,1/13/2023,186720,2023,346,2500,1,ALLAN
76122,2/18/2022,181196,2022,346,2500,1,ALLAN
76122,2/18/2021,177813,2021,346,1725,1,ALLAN
76122,3/3/2020,175616,2020,346,1725,1,ALLAN
76122,1/11/2019,170733,2019,346,1725,1,ALLAN
76122,3/14/2018,168447,2018,346,1725,1,ALLAN
76122,3/15/2017,164589,2017,346,1875,1,ALLAN
76122,7/30/2016,16-148,2016,346,1875,1,ALLAN
76122,3/31/2015,157761,2015,346,1875,1,ALLAN
76122,3/31/2015,157761,2014,346,1725,1,ALLAN
76122,3/19/2014,153082,2013,346,1425,1,ALLAN
76123,3/26/2025,389,2025,346,2600,1,ALLAN
76123,1/15/2025,199634,2025,451,550,1,ALLAN
76123,2/15/2024,193889,2024,346,2600,1,ALLAN
76123,1/10/2024,192897,2024,451,550,1,ALLAN
76123,1/13/2023,186720,2023,346,2500,1,ALLAN
76123,1/5/2023,186528,2023,451,550,1,ALLAN
76123,2/18/2022,181196,2022,346,2500,1,ALLAN
76123,1/27/2022,180764,2022,451,550,1,ALLAN
76123,6/14/2021,21-128,2021,451,450,1,ALLAN
76123,2/18/2021,177813,2021,346,1725,1,ALLAN
76123,6/14/2021,21-128,2020,451,450,1,ALLAN
76123,3/3/2020,175616,2020,346,1725,1,ALLAN
76123,6/14/2021,21-128,2019,451,450,1,ALLAN
76123,1/11/2019,170733,2019,346,1725,1,ALLAN
76123,3/14/2018,168447,2018,346,1725,1,ALLAN
76123,3/15/2017,164589,2017,346,1875,1,ALLAN
76123,7/30/2016,16-148,2016,346,1875,1,ALLAN
76123,3/31/2015,157761,2015,346,1875,1,ALLAN
76123,8/22/2014,154854,2014,346,1725,1,CECILLE
76123,3/19/2014,153082,2013,346,1425,1,ALLAN
76124,3/26/2025,389,2025,346,2600,1,ALLAN
76124,2/15/2024,193889,2024,346,2600,1,ALLAN
76124,1/13/2023,186720,2023,346,2500,1,ALLAN
76124,2/18/2022,181196,2022,346,2500,1,ALLAN
76124,2/18/2021,177813,2021,346,1725,1,ALLAN
76124,3/3/2020,175616,2020,346,1725,1,ALLAN
76124,1/11/2019,170733,2019,346,1725,1,ALLAN
76124,3/14/2018,168447,2018,346,1725,1,ALLAN
76124,3/15/2017,164589,2017,346,1875,1,ALLAN
76124,7/30/2016,16-148,2016,346,1875,1,ALLAN
76124,3/31/2015,157761,2015,346,1875,1,ALLAN
76124,8/22/2014,154854,2014,346,1725,1,CECILLE
76124,3/19/2014,153082,2013,346,1425,1,ALLAN
76126,3/26/2025,389,2025,346,2600,1,ALLAN
76126,2/15/2024,193889,2024,346,2600,1,ALLAN
76126,1/13/2023,186720,2023,346,2500,1,ALLAN
76126,2/18/2022,181196,2022,346,2500,1,ALLAN
76126,2/18/2021,177813,2021,346,1725,1,ALLAN
76126,3/3/2020,175616,2020,346,1725,1,ALLAN
76126,1/11/2019,170733,2019,346,1725,1,ALLAN
76126,4/30/2018,18-053,2018,346,1725,1,ALLAN
76126,3/15/2017,164589,2017,346,1875,1,ALLAN
76126,7/30/2016,16-148,2016,346,1875,1,ALLAN
76126,3/31/2015,157761,2015,346,1875,1,ALLAN
76126,3/31/2015,157761,2014,346,1725,1,ALLAN
76126,3/19/2014,153082,2013,346,1425,1,ALLAN
76127,3/26/2025,389,2025,346,2600,1,ALLAN
76127,1/15/2025,199634,2025,451,550,1,ALLAN
76127,2/15/2024,193889,2024,346,2600,1,ALLAN
76127,1/10/2024,192897,2024,451,550,1,ALLAN
76127,1/13/2023,186720,2023,346,2500,1,ALLAN
76127,1/5/2023,186528,2023,451,550,1,ALLAN
76127,2/18/2022,181196,2022,346,2500,1,ALLAN
76127,1/27/2022,180764,2022,451,550,1,ALLAN
76127,6/14/2021,21-128,2021,451,450,1,ALLAN
76127,2/18/2021,177813,2021,346,1725,1,ALLAN
76127,6/14/2021,21-128,2020,451,450,1,ALLAN
76127,3/3/2020,175616,2020,346,1725,1,ALLAN
76127,6/14/2021,21-128,2019,451,450,1,ALLAN
76127,1/11/2019,170733,2019,346,1725,1,ALLAN
76127,3/14/2018,168447,2018,346,1725,1,ALLAN
76127,11/8/2017,166533,2017,346,1875,1,ALLAN
76127,7/30/2016,16-148,2016,346,1875,1,ALLAN
76127,3/31/2015,157761,2015,346,1875,1,ALLAN
76127,3/31/2015,157761,2014,346,1725,1,ALLAN
76127,3/19/2014,153082,2013,346,1425,1,ALLAN
76200,3/26/2025,389,2025,346,2600,1,ALLAN
76200,2/15/2024,193889,2024,346,2600,1,ALLAN
76200,1/13/2023,186720,2023,346,2500,1,ALLAN
76200,2/18/2022,181196,2022,346,2500,1,ALLAN
76200,2/18/2021,177813,2021,346,1725,1,ALLAN
76200,3/3/2020,175616,2020,346,1725,1,ALLAN
76200,1/11/2019,170733,2019,346,1725,1,ALLAN
76200,3/14/2018,168447,2018,346,1725,1,ALLAN
76200,3/15/2017,164589,2017,346,1875,1,ALLAN
76200,7/30/2016,16-148,2016,346,1875,1,ALLAN
76200,3/31/2015,157761,2015,346,1875,1,ALLAN
76200,3/31/2015,157761,2014,346,1725,1,ALLAN
76200,5/31/2013,143411,2013,346,1425,1,CECILLE
76222,1/14/2025,199569,2025,352,2600,1,ALLAN
76222,1/15/2024,193026,2024,352,2600,1,ALLAN
76222,1/13/2023,186719,2023,352,2500,1,ALLAN
76222,1/24/2022,180712,2022,352,2500,1,ALLAN
76222,1/21/2021,177315,2021,352,1725,1,ALLAN
76222,12/23/2019,174298,2020,352,1725,1,ALLAN
76222,1/15/2019,170816,2019,352,1725,1,ALLAN
76222,1/18/2018,167690,2018,352,1725,1,ALLAN
76222,1/20/2017,163781,2017,352,1875,1,ALLAN
76222,1/15/2016,160363,2016,352,1875,1,ALLAN
76222,3/3/2015,157189,2015,352,1875,1,CECILLE
76222,1/31/2015,156748,2014,352,1725,1,ALLAN
76223,1/14/2025,199569,2025,352,2600,1,ALLAN
76223,1/15/2024,193026,2024,352,2600,1,ALLAN
76223,1/13/2023,186719,2023,352,2500,1,ALLAN
76223,1/24/2022,180712,2022,352,2500,1,ALLAN
76223,1/21/2021,177315,2021,352,1725,1,ALLAN
76223,12/23/2019,174298,2020,352,1725,1,ALLAN
76223,1/15/2019,170816,2019,352,1725,1,ALLAN
76223,1/18/2018,167690,2018,352,1725,1,ALLAN
76223,1/20/2017,163781,2017,352,1875,1,ALLAN
76223,1/15/2016,160363,2016,352,1875,1,ALLAN
76223,3/16/2015,157430,2015,352,1875,1,CECILLE
76223,1/31/2015,156748,2014,352,1725,1,ALLAN
76224,1/14/2025,199569,2025,352,2600,1,ALLAN
76224,1/15/2024,193026,2024,352,2600,1,ALLAN
76224,1/13/2023,186719,2023,352,2500,1,ALLAN
76224,1/24/2022,180712,2022,352,2500,1,ALLAN
76224,1/21/2021,177315,2021,352,1725,1,ALLAN
76224,12/23/2019,174298,2020,352,1725,1,ALLAN
76224,12/23/2019,174298,2019,352,1725,1,ALLAN
76224,12/23/2019,174298,2013,352,1225,1,ALLAN
76256,2/10/2016,160667,2016,51,1875,1,CECILLE
76256,3/30/2015,157657,2015,51,1875,1,ALLAN
76256,11/12/2014,155795,2014,51,1725,1,ALLAN
76256,5/22/2013,143316,2013,51,1425,1,ALLAN
76257,1/15/2025,199617,2025,51,2600,1,ALLAN
76257,1/15/2024,192998,2024,51,2600,1,ALLAN
76257,1/19/2023,186866,2023,51,2500,1,ALLAN
76257,1/31/2022,180826,2022,51,2500,1,ALLAN
76257,4/26/2021,21-036,2021,51,1725,1,ALLAN
76257,1/14/2020,174589,2020,51,1725,1,ALLAN
76257,2/26/2019,171339,2019,51,1725,1,ALLAN
76257,3/7/2018,168289,2018,51,1725,1,ALLAN
76257,3/13/2017,164480,2017,51,1875,1,ALLAN
76257,2/10/2016,160667,2016,51,1875,1,CECILLE
76257,3/30/2015,157657,2015,51,1875,1,ALLAN
76257,1/7/2015,156315,2014,51,1725,1,ALLAN
76257,2/28/2014,13-478,2013,51,1425,1,ALLAN
76258,1/15/2025,199617,2025,51,2600,1,ALLAN
76258,1/15/2024,192998,2024,51,2600,1,ALLAN
76258,1/19/2023,186866,2023,51,2500,1,ALLAN
76258,1/31/2022,180826,2022,51,2500,1,ALLAN
76258,4/26/2021,21-036,2021,51,1725,1,ALLAN
76258,1/14/2020,174589,2020,51,1725,1,ALLAN
76258,2/26/2019,171339,2019,51,1725,1,ALLAN
76258,3/7/2018,168289,2018,51,1725,1,ALLAN
76258,3/13/2017,164480,2017,51,1875,1,ALLAN
76258,2/10/2016,160667,2016,51,1875,1,CECILLE
76258,3/30/2015,157657,2015,51,1875,1,ALLAN
76258,9/29/2014,155244,2014,51,1725,1,ALLAN
76258,2/28/2014,13-478,2013,51,1425,1,ALLAN
76259,1/15/2025,199617,2025,51,2600,1,ALLAN
76259,1/15/2024,192998,2024,51,2600,1,ALLAN
76259,1/19/2023,186866,2023,51,2500,1,ALLAN
76259,1/31/2022,180826,2022,51,2500,1,ALLAN
76259,4/26/2021,21-036,2021,51,1725,1,ALLAN
76259,1/14/2020,174589,2020,51,1725,1,ALLAN
76259,2/26/2019,171339,2019,51,1725,1,ALLAN
76259,3/7/2018,168289,2018,51,1725,1,ALLAN
76259,3/7/2018,168288,2017,51,1875,1,ALLAN
76259,3/7/2018,168288,2016,51,1675,1,ALLAN
76259,3/30/2015,157657,2015,51,1875,1,ALLAN
76259,1/7/2015,156315,2014,51,1725,1,ALLAN
76259,2/28/2014,13-478,2013,51,1425,1,ALLAN
76270,11/19/2024,198847,2025,31,2600,1,ALLAN
76270,1/25/2024,193344,2024,31,2600,1,ALLAN
76270,2/17/2023,187523,2023,31,2500,1,ALLAN
76270,2/22/2022,181252,2022,31,2500,1,ALLAN
76270,2/17/2021,177790,2021,31,1725,1,ALLAN
76270,1/30/2020,175050,2020,31,1725,1,ALLAN
76270,1/7/2019,170659,2019,31,1725,1,ALLAN
76270,1/11/2018,167533,2018,31,1725,1,ALLAN
76270,1/5/2017,163486,2017,31,1875,1,ALLAN
76270,3/30/2016,161338,2016,31,1875,1,ALLAN
76270,4/1/2015,157799,2015,31,1875,1,ALLAN
76270,12/22/2014,156249,2014,31,1725,1,CECILLE
76270,12/19/2013,151757,2013,31,1425,1,CECILLE
76271,11/19/2024,198847,2025,31,2600,1,ALLAN
76271,1/25/2024,193344,2024,31,2600,1,ALLAN
76271,2/17/2023,187523,2023,31,2500,1,ALLAN
76271,2/22/2022,181252,2022,31,2500,1,ALLAN
76271,2/17/2021,177790,2021,31,1725,1,ALLAN
76271,1/30/2020,175050,2020,31,1725,1,ALLAN
76271,1/7/2019,170659,2019,31,1725,1,ALLAN
76271,1/11/2018,167533,2018,31,1725,1,ALLAN
76271,1/5/2017,163486,2017,31,1875,1,ALLAN
76271,3/30/2016,161338,2016,31,1875,1,ALLAN
76271,4/1/2015,157799,2015,31,1875,1,ALLAN
76271,12/3/2014,156020,2014,31,1725,1,ALLAN
76271,11/7/2013,151060,2013,31,1425,1,CECILLE
76273,11/19/2024,198847,2025,31,2600,1,ALLAN
76273,1/25/2024,193344,2024,31,2600,1,ALLAN
76273,2/17/2023,187523,2023,31,2500,1,ALLAN
76273,2/22/2022,181252,2022,31,2500,1,ALLAN
76273,2/17/2021,177790,2021,31,1725,1,ALLAN
76273,1/30/2020,175050,2020,31,1725,1,ALLAN
76273,1/7/2019,170659,2019,31,1725,1,ALLAN
76273,11/20/2017,166630,2018,31,1725,1,ALLAN
76273,1/5/2017,163486,2017,31,1875,1,ALLAN
76273,2/19/2016,160788,2016,31,1875,1,CECILLE
76273,4/1/2015,157799,2015,31,1875,1,ALLAN
76273,7/2/2014,154277,2014,31,1725,1,CECILLE
76273,12/19/2013,151757,2013,31,1425,1,CECILLE
76275,11/19/2024,198847,2025,31,2600,1,ALLAN
76275,1/25/2024,193344,2024,31,2600,1,ALLAN
76275,2/17/2023,187523,2023,31,2500,1,ALLAN
76275,2/22/2022,181252,2022,31,2500,1,ALLAN
76275,2/17/2021,177790,2021,31,1725,1,ALLAN
76275,1/30/2020,175050,2020,31,1725,1,ALLAN
76275,1/7/2019,170659,2019,31,1725,1,ALLAN
76275,1/11/2018,167533,2018,31,1725,1,ALLAN
76275,1/5/2017,163486,2017,31,1875,1,ALLAN
76275,3/10/2016,161018,2016,31,1875,1,ALLAN
76275,4/1/2015,157799,2015,31,1875,1,ALLAN
76275,8/1/2014,154585,2014,31,1725,1,CECILLE
76275,6/29/2013,143758,2013,31,1425,1,ALLAN
76275,6/29/2013,143758,2011,31,1125,1,ALLAN
76276,11/19/2024,198847,2025,31,2600,1,ALLAN
76276,1/25/2024,193344,2024,31,2600,1,ALLAN
76276,2/17/2023,187523,2023,31,2500,1,ALLAN
76276,2/22/2022,181252,2022,31,2500,1,ALLAN
76276,2/17/2021,177790,2021,31,1725,1,ALLAN
76276,1/30/2020,175050,2020,31,1725,1,ALLAN
76276,1/7/2019,170659,2019,31,1725,1,ALLAN
76276,1/11/2018,167533,2018,31,1725,1,ALLAN
76276,1/5/2017,163486,2017,31,1875,1,ALLAN
76276,3/30/2016,161338,2016,31,1875,1,ALLAN
76276,4/1/2015,157799,2015,31,1875,1,ALLAN
76276,12/3/2014,156020,2014,31,1725,1,ALLAN
76276,12/19/2013,151757,2013,31,1425,1,CECILLE
76277,3/7/2023,187908,2023,31,2500,1,ALLAN
76277,2/22/2022,181252,2022,31,2500,1,ALLAN
76277,2/17/2021,177790,2021,31,1725,1,ALLAN
76277,2/14/2020,19-311,2020,31,1725,1,ALLAN
76277,1/7/2019,170659,2019,31,1725,1,ALLAN
76277,1/11/2018,167533,2018,31,1725,1,ALLAN
76277,1/5/2017,163486,2017,31,1875,1,ALLAN
76277,3/30/2016,161338,2016,31,1875,1,ALLAN
76277,4/1/2015,157799,2015,31,1875,1,ALLAN
76277,12/22/2014,156249,2014,31,1725,1,CECILLE
76277,6/29/2013,143758,2013,31,1425,1,ALLAN
76277,6/29/2013,143758,2011,31,1125,1,ALLAN
76350,1/18/2019,170872,2019,69,1725,1,ALLAN
76350,7/15/2019,19-097,2018,448,450,1,ALLAN
76350,1/8/2018,167477,2018,69,1725,1,ALLAN
76350,3/14/2017,164497,2017,69,1875,1,ALLAN
76350,3/1/2016,160883,2016,69,1875,1,ALLAN
76350,3/26/2015,157587,2015,69,1875,1,ALLAN
76350,3/26/2015,157587,2014,69,1725,1,ALLAN
76350,4/30/2014,14-019,2013,69,1425,1,ALLAN
76431,11/19/2024,198847,2025,31,2600,1,ALLAN
76431,1/25/2024,193344,2024,31,2600,1,ALLAN
76431,2/17/2023,187523,2023,31,2500,1,ALLAN
76431,2/22/2022,181252,2022,31,2500,1,ALLAN
76431,2/17/2021,177790,2021,31,1725,1,ALLAN
76431,1/30/2020,175050,2020,31,1725,1,ALLAN
76431,1/7/2019,170659,2019,31,1725,1,ALLAN
76431,1/11/2018,167533,2018,31,1725,1,ALLAN
76431,1/5/2017,163486,2017,31,1875,1,ALLAN
76431,3/30/2016,161338,2016,31,1875,1,ALLAN
76431,4/1/2015,157799,2015,31,1875,1,ALLAN
76431,12/17/2014,156184,2014,31,1725,1,CECILLE
76431,12/19/2013,151757,2013,31,1425,1,CECILLE
76432,2/22/2022,181252,2022,31,2500,1,ALLAN
76432,2/17/2021,177790,2021,31,1725,1,ALLAN
76432,1/30/2020,175050,2020,31,1725,1,ALLAN
76432,1/7/2019,170659,2019,31,1725,1,ALLAN
76432,1/11/2018,167533,2018,31,1725,1,ALLAN
76432,1/5/2017,163486,2017,31,1875,1,ALLAN
76432,3/10/2016,161018,2016,31,1875,1,ALLAN
76432,3/16/2015,157425,2015,31,1875,1,CECILLE
76432,7/2/2014,154277,2014,31,1725,1,CECILLE
76432,12/19/2013,151757,2013,31,1425,1,CECILLE
76433,11/19/2024,198847,2025,31,2600,1,ALLAN
76433,1/25/2024,193344,2024,31,2600,1,ALLAN
76433,2/17/2023,187523,2023,31,2500,1,ALLAN
76433,2/22/2022,181252,2022,31,2500,1,ALLAN
76433,2/17/2021,177790,2021,31,1725,1,ALLAN
76433,1/30/2020,175050,2020,31,1725,1,ALLAN
76433,1/7/2019,170659,2019,31,1725,1,ALLAN
76433,1/11/2018,167533,2018,31,1725,1,ALLAN
76433,1/5/2017,163486,2017,31,1875,1,ALLAN
76433,3/30/2016,161338,2016,31,1875,1,ALLAN
76433,4/1/2015,157799,2015,31,1875,1,ALLAN
76433,12/3/2014,156020,2014,31,1725,1,ALLAN
76433,11/7/2013,151060,2013,31,1425,1,CECILLE
76472,1/20/2025,199746,2025,69,2600,1,ALLAN
76472,1/31/2024,193512,2024,69,2600,1,ALLAN
76472,12/29/2022,186474,2023,69,2500,1,ALLAN
76472,4/11/2022,22-007,2022,69,2500,1,ALLAN
76472,4/26/2021,21-039,2021,69,1725,1,ALLAN
76472,1/16/2020,174693,2020,69,1725,1,ALLAN
76472,1/18/2019,170872,2019,69,1725,1,ALLAN
76472,1/8/2018,167477,2018,69,1725,1,ALLAN
76472,3/14/2017,164497,2017,69,1875,1,ALLAN
76472,3/1/2016,160883,2016,69,1875,1,ALLAN
76472,3/26/2015,157587,2015,69,1875,1,ALLAN
76472,3/26/2015,157587,2014,69,1725,1,ALLAN
76472,4/30/2014,14-019,2013,69,1425,1,ALLAN
76558,1/14/2025,199569,2025,352,2600,1,ALLAN
76558,1/15/2024,193026,2024,352,2600,1,ALLAN
76558,1/13/2023,186719,2023,352,2500,1,ALLAN
76558,1/24/2022,180712,2022,352,2500,1,ALLAN
76558,1/21/2021,177315,2021,352,1725,1,ALLAN
76558,12/23/2019,174298,2020,352,1725,1,ALLAN
76558,1/15/2019,170816,2019,352,1725,1,ALLAN
76558,1/18/2018,167690,2018,352,1725,1,ALLAN
76558,1/20/2017,163781,2017,352,1875,1,ALLAN
76558,1/15/2016,160363,2016,352,1875,1,ALLAN
76558,3/16/2015,157430,2015,352,1875,1,CECILLE
76558,6/7/2014,154059,2014,352,1725,1,ALLAN
76558,7/4/2013,143814,2013,352,1425,1,CECILLE
76560,1/14/2025,199569,2025,352,2600,1,ALLAN
76560,1/15/2024,193026,2024,352,2600,1,ALLAN
76560,1/13/2023,186719,2023,352,2500,1,ALLAN
76560,1/24/2022,180712,2022,352,2500,1,ALLAN
76560,1/21/2021,177315,2021,352,1725,1,ALLAN
76560,12/23/2019,174298,2020,352,1725,1,ALLAN
76560,1/15/2019,170816,2019,352,1725,1,ALLAN
76560,1/18/2018,167690,2018,352,1725,1,ALLAN
76560,1/20/2017,163781,2017,352,1875,1,ALLAN
76560,1/20/2017,163780,2016,352,1875,1,CECILLE
76560,3/16/2015,157430,2015,352,1875,1,CECILLE
76560,6/7/2014,154059,2014,352,1725,1,ALLAN
76560,4/30/2014,14-119,2013,352,1425,1,ALLAN
76561,1/14/2025,199569,2025,352,2600,1,ALLAN
76561,1/15/2024,193026,2024,352,2600,1,ALLAN
76561,1/13/2023,186719,2023,352,2500,1,ALLAN
76561,1/24/2022,180712,2022,352,2500,1,ALLAN
76561,1/21/2021,177315,2021,352,1725,1,ALLAN
76561,12/23/2019,174298,2020,352,1725,1,ALLAN
76561,1/15/2019,170816,2019,352,1725,1,ALLAN
76561,1/18/2018,167690,2018,352,1725,1,ALLAN
76561,1/20/2017,163781,2017,352,1875,1,ALLAN
76561,1/15/2016,160363,2016,352,1875,1,ALLAN
76561,3/16/2015,157430,2015,352,1875,1,CECILLE
76561,1/31/2015,156748,2014,352,1725,1,ALLAN
76561,8/5/2013,144195,2013,352,1425,1,CECILLE
76562,1/14/2025,199569,2025,352,2600,1,ALLAN
76562,1/15/2024,193026,2024,352,2600,1,ALLAN
76562,1/13/2023,186719,2023,352,2500,1,ALLAN
76562,1/24/2022,180712,2022,352,2500,1,ALLAN
76562,1/21/2021,177315,2021,352,1725,1,ALLAN
76562,12/23/2019,174298,2020,352,1725,1,ALLAN
76562,1/15/2019,170816,2019,352,1725,1,ALLAN
76562,1/18/2018,167690,2018,352,1725,1,ALLAN
76562,1/20/2017,163781,2017,352,1875,1,ALLAN
76562,1/15/2016,160363,2016,352,1875,1,ALLAN
76562,3/16/2015,157430,2015,352,1875,1,CECILLE
76562,1/31/2015,14-457,2014,352,1725,1,ALLAN
76562,8/5/2013,144195,2013,352,1425,1,CECILLE
76588,1/15/2016,160363,2016,352,1875,1,ALLAN
76588,3/16/2015,157430,2015,352,1875,1,CECILLE
76588,7/5/2014,154311,2014,352,1725,1,CECILLE
76588,7/4/2013,143814,2013,352,1425,1,CECILLE
76589,3/16/2015,157430,2015,352,1875,1,CECILLE
76589,1/31/2015,156748,2014,352,1725,1,ALLAN
76589,4/30/2014,14-119,2013,352,1425,1,ALLAN
76699,1/15/2025,199617,2025,51,2600,1,ALLAN
76699,1/15/2024,192998,2024,51,2600,1,ALLAN
76699,1/19/2023,186866,2023,51,2500,1,ALLAN
76699,1/31/2022,180826,2022,51,2500,1,ALLAN
76699,4/26/2021,21-036,2021,51,1725,1,ALLAN
76699,1/14/2020,174589,2020,51,1725,1,ALLAN
76699,2/26/2019,171339,2019,51,1725,1,ALLAN
76699,3/7/2018,168289,2018,51,1725,1,ALLAN
76699,3/13/2017,164480,2017,51,1875,1,ALLAN
76699,2/10/2016,160667,2016,51,1875,1,CECILLE
76699,3/30/2015,157657,2015,51,1875,1,ALLAN
76699,5/14/2014,153836,2014,51,1725,1,ALLAN
76699,2/28/2014,13-478,2013,51,1425,1,ALLAN
76790,1/14/2025,199569,2025,352,2600,1,ALLAN
76790,1/15/2024,193026,2024,352,2600,1,ALLAN
76790,1/13/2023,186719,2023,352,2500,1,ALLAN
76790,1/24/2022,180712,2022,352,2500,1,ALLAN
76790,1/21/2021,177315,2021,352,1725,1,ALLAN
76790,12/23/2019,174298,2020,352,1725,1,ALLAN
76790,1/15/2019,170816,2019,352,1725,1,ALLAN
76790,1/18/2018,167690,2018,352,1725,1,ALLAN
76790,1/20/2017,163781,2017,352,1875,1,ALLAN
76790,1/15/2016,160363,2016,352,1875,1,ALLAN
76790,3/16/2015,157430,2015,352,1875,1,CECILLE
76790,8/2/2014,154597,2014,352,1725,1,CECILLE
76790,7/4/2013,143814,2013,352,1425,1,CECILLE
76791,1/14/2025,199569,2025,352,2600,1,ALLAN
76791,1/15/2024,193026,2024,352,2600,1,ALLAN
76791,1/13/2023,186719,2023,352,2500,1,ALLAN
76791,1/24/2022,180712,2022,352,2500,1,ALLAN
76791,1/21/2021,177315,2021,352,1725,1,ALLAN
76791,12/23/2019,174298,2020,352,1725,1,ALLAN
76791,1/15/2019,170816,2019,352,1725,1,ALLAN
76791,1/18/2018,167690,2018,352,1725,1,ALLAN
76791,1/20/2017,163781,2017,352,1875,1,ALLAN
76791,1/15/2016,160363,2016,352,1875,1,ALLAN
76791,3/16/2015,157430,2015,352,1875,1,CECILLE
76791,1/31/2015,156748,2014,352,1725,1,ALLAN
76791,4/30/2014,14-119,2013,352,1425,1,ALLAN
76792,1/14/2025,199569,2025,352,2600,1,ALLAN
76792,1/15/2024,193026,2024,352,2600,1,ALLAN
76792,1/13/2023,186719,2023,352,2500,1,ALLAN
76792,1/24/2022,180712,2022,352,2500,1,ALLAN
76792,1/21/2021,177315,2021,352,1725,1,ALLAN
76792,12/23/2019,174298,2020,352,1725,1,ALLAN
76792,1/15/2019,170816,2019,352,1725,1,ALLAN
76792,1/18/2018,167690,2018,352,1725,1,ALLAN
76792,1/20/2017,163781,2017,352,1875,1,ALLAN
76792,1/15/2016,160363,2016,352,1875,1,ALLAN
76792,3/16/2015,157430,2015,352,1875,1,CECILLE
76792,6/7/2014,154059,2014,352,1725,1,ALLAN
76792,8/5/2013,144195,2013,352,1425,1,CECILLE
76793,1/14/2025,199569,2025,352,2600,1,ALLAN
76793,1/15/2024,193026,2024,352,2600,1,ALLAN
76793,1/13/2023,186719,2023,352,2500,1,ALLAN
76793,1/24/2022,180712,2022,352,2500,1,ALLAN
76793,1/21/2021,177315,2021,352,1725,1,ALLAN
76793,12/23/2019,174298,2020,352,1725,1,ALLAN
76793,1/15/2019,170816,2019,352,1725,1,ALLAN
76793,1/18/2018,167690,2018,352,1725,1,ALLAN
76793,1/20/2017,163781,2017,352,1875,1,ALLAN
76793,1/15/2016,160363,2016,352,1875,1,ALLAN
76793,2/26/2015,157093,2015,352,1875,1,CECILLE
76793,6/7/2014,154059,2014,352,1725,1,ALLAN
76793,4/30/2014,14-119,2013,352,1425,1,ALLAN
77012,3/28/2025,434,2025,15,2600,1,ALLAN
77012,2/14/2024,193859,2024,15,2600,1,ALLAN
77012,2/7/2023,187280,2023,15,2500,1,ALLAN
77012,2/21/2022,181212,2022,15,2500,1,ALLAN
77012,1/20/2021,177272,2021,15,1725,1,ALLAN
77012,2/14/2020,175325,2020,15,1725,1,ALLAN
77012,3/18/2019,171697,2019,15,1725,1,ALLAN
77012,2/26/2018,168180,2018,15,1725,1,ALLAN
77012,3/15/2017,164578,2017,15,1875,1,ALLAN
77012,3/28/2016,161323,2016,15,1875,1,ALLAN
77012,2/26/2015,157095,2015,15,1875,1,CECILLE
77012,2/26/2015,157094,2014,15,1725,1,ALLAN
77012,3/6/2014,152776,2013,15,1425,1,ALLAN
77013,3/28/2025,434,2025,15,2600,1,ALLAN
77013,2/14/2024,193859,2024,15,2600,1,ALLAN
77013,2/7/2023,187280,2023,15,2500,1,ALLAN
77013,2/21/2022,181212,2022,15,2500,1,ALLAN
77013,1/20/2021,177272,2021,15,1725,1,ALLAN
77013,2/14/2020,175325,2020,15,1725,1,ALLAN
77013,3/18/2019,171697,2019,15,1725,1,ALLAN
77013,2/26/2018,168180,2018,15,1725,1,ALLAN
77013,3/15/2017,164578,2017,15,1875,1,ALLAN
77013,3/28/2016,161323,2016,15,1875,1,ALLAN
77013,3/31/2015,157758,2015,15,1875,1,ALLAN
77013,2/26/2015,157094,2014,15,1725,1,ALLAN
77013,9/19/2013,144776,2013,15,1425,1,CECILLE
77014,3/28/2025,434,2025,15,2600,1,ALLAN
77014,2/14/2024,193859,2024,15,2600,1,ALLAN
77014,2/7/2023,187280,2023,15,2500,1,ALLAN
77014,2/21/2022,181212,2022,15,2500,1,ALLAN
77014,1/20/2021,177272,2021,15,1725,1,ALLAN
77014,2/14/2020,175325,2020,15,1725,1,ALLAN
77014,3/18/2019,171697,2019,15,1725,1,ALLAN
77014,2/26/2018,168180,2018,15,1725,1,ALLAN
77014,3/15/2017,164578,2017,15,1875,1,ALLAN
77014,3/28/2016,161323,2016,15,1875,1,ALLAN
77014,3/31/2015,157758,2015,15,1875,1,ALLAN
77014,7/22/2014,154478,2014,15,1725,1,CECILLE
77014,8/1/2013,144162,2013,15,1425,1,CECILLE
77021,1/20/2025,199746,2025,69,2600,1,ALLAN
77021,1/31/2024,193512,2024,69,2600,1,ALLAN
77021,12/29/2022,186474,2023,69,2500,1,ALLAN
77021,4/11/2022,22-007,2022,69,2500,1,ALLAN
77021,4/26/2021,21-039,2021,69,1725,1,ALLAN
77021,1/16/2020,174693,2020,69,1725,1,ALLAN
77021,1/18/2019,170872,2019,69,1725,1,ALLAN
77021,1/8/2018,167477,2018,69,1725,1,ALLAN
77021,3/14/2017,164497,2017,69,1875,1,ALLAN
77021,3/1/2016,160883,2016,69,1875,1,ALLAN
77021,3/26/2015,157587,2015,69,1875,1,ALLAN
77021,3/26/2015,157587,2014,69,1725,1,ALLAN
77021,4/30/2014,14-019,2013,69,1425,1,ALLAN
77099,3/26/2025,389,2025,346,2600,1,ALLAN
77099,2/15/2024,193889,2024,346,2600,1,ALLAN
77099,1/13/2023,186720,2023,346,2500,1,ALLAN
77099,2/18/2022,181196,2022,346,2500,1,ALLAN
77099,2/18/2021,177813,2021,346,1725,1,ALLAN
77099,3/3/2020,175616,2020,346,1725,1,ALLAN
77099,1/11/2019,170733,2019,346,1725,1,ALLAN
77099,7/28/2018,169671,2018,346,1725,1,ALLAN
77099,7/30/2016,16-148,2016,346,1875,1,ALLAN
77099,3/31/2015,157761,2015,346,1875,1,ALLAN
77099,3/31/2015,157761,2014,346,1725,1,ALLAN
77099,3/19/2014,153082,2013,346,1425,1,ALLAN
77100,3/26/2025,389,2025,346,2600,1,ALLAN
77100,2/15/2024,193889,2024,346,2600,1,ALLAN
77100,1/13/2023,186720,2023,346,2500,1,ALLAN
77100,2/18/2022,181196,2022,346,2500,1,ALLAN
77100,6/14/2021,21-128,2021,451,450,1,ALLAN
77100,2/18/2021,177813,2021,346,1725,1,ALLAN
77100,6/14/2021,21-128,2020,451,450,1,ALLAN
77100,3/3/2020,175616,2020,346,1725,1,ALLAN
77100,6/14/2021,21-128,2019,451,450,1,ALLAN
77100,1/11/2019,170733,2019,346,1725,1,ALLAN
77100,4/30/2018,18-053,2018,346,1725,1,ALLAN
77100,11/8/2017,166533,2017,346,1875,1,ALLAN
77100,7/30/2016,16-148,2016,346,1875,1,ALLAN
77100,3/31/2015,157761,2015,346,1875,1,ALLAN
77100,10/4/2014,155321,2014,346,1725,1,CECILLE
77100,5/31/2013,143411,2013,346,1425,1,CECILLE
77101,3/26/2025,389,2025,346,2600,1,ALLAN
77101,2/15/2024,193889,2024,346,2600,1,ALLAN
77101,1/13/2023,186720,2023,346,2500,1,ALLAN
77101,2/18/2022,181196,2022,346,2500,1,ALLAN
77101,2/18/2021,177813,2021,346,1725,1,ALLAN
77101,3/3/2020,175616,2020,346,1725,1,ALLAN
77101,1/11/2019,170733,2019,346,1725,1,ALLAN
77101,3/14/2018,168447,2018,346,1725,1,ALLAN
77101,3/15/2017,164589,2017,346,1875,1,ALLAN
77101,7/30/2016,16-148,2016,346,1875,1,ALLAN
77101,3/31/2015,157761,2015,346,1875,1,ALLAN
77101,3/31/2015,157761,2014,346,1725,1,ALLAN
77101,3/19/2014,153082,2013,346,1425,1,ALLAN
77137,3/28/2025,434,2025,15,2600,1,ALLAN
77137,2/14/2024,193859,2024,15,2600,1,ALLAN
77137,2/7/2023,187280,2023,15,2500,1,ALLAN
77137,2/21/2022,181212,2022,15,2500,1,ALLAN
77137,1/20/2021,177272,2021,15,1725,1,ALLAN
77137,2/14/2020,175325,2020,15,1725,1,ALLAN
77137,3/18/2019,171697,2019,15,1725,1,ALLAN
77137,2/26/2018,168180,2018,15,1725,1,ALLAN
77137,3/15/2017,164578,2017,15,1875,1,ALLAN
77137,3/28/2016,161323,2016,15,1875,1,ALLAN
77137,3/28/2016,161323,2015,15,1875,1,ALLAN
77138,3/28/2025,434,2025,15,2600,1,ALLAN
77138,2/14/2024,193859,2024,15,2600,1,ALLAN
77138,2/7/2023,187280,2023,15,2500,1,ALLAN
77138,2/21/2022,181212,2022,15,2500,1,ALLAN
77138,1/20/2021,177272,2021,15,1725,1,ALLAN
77138,2/14/2020,175325,2020,15,1725,1,ALLAN
77138,3/18/2019,171697,2019,15,1725,1,ALLAN
77138,2/26/2018,168180,2018,15,1725,1,ALLAN
77138,3/15/2017,164578,2017,15,1875,1,ALLAN
77138,3/28/2016,161323,2016,15,1875,1,ALLAN
77138,3/31/2015,157758,2015,15,1875,1,ALLAN
77138,2/26/2015,157094,2014,15,1725,1,ALLAN
77138,3/6/2014,152776,2013,15,1425,1,ALLAN
77315,3/28/2025,434,2025,15,2600,1,ALLAN
77315,2/14/2024,193859,2024,15,2600,1,ALLAN
77315,2/7/2023,187280,2023,15,2500,1,ALLAN
77315,2/21/2022,181212,2022,15,2500,1,ALLAN
77315,1/20/2021,177272,2021,15,1725,1,ALLAN
77315,2/14/2020,175325,2020,15,1725,1,ALLAN
77315,3/18/2019,171697,2019,15,1725,1,ALLAN
77315,2/26/2018,168180,2018,15,1725,1,ALLAN
77315,3/15/2017,164578,2017,15,1875,1,ALLAN
77315,3/28/2016,161323,2016,15,1875,1,ALLAN
77315,3/31/2015,157758,2015,15,1875,1,ALLAN
77315,2/26/2015,157094,2014,15,300,1,ALLAN
77315,2/4/2014,152349,2014,15,1425,1,CECILLE
77315,6/28/2013,13-086,2013,15,1425,1,ALLAN
77371,11/19/2024,198847,2025,31,2600,1,ALLAN
77371,1/25/2024,193344,2024,31,2600,1,ALLAN
77371,2/17/2023,187523,2023,31,2500,1,ALLAN
77371,2/22/2022,181252,2022,31,2500,1,ALLAN
77371,2/17/2021,177790,2021,31,1725,1,ALLAN
77371,1/30/2020,175050,2020,31,1725,1,ALLAN
77371,1/7/2019,170659,2019,31,1725,1,ALLAN
77371,1/11/2018,167533,2018,31,1725,1,ALLAN
77371,1/5/2017,163486,2017,31,1875,1,ALLAN
77371,3/10/2016,161018,2016,31,1875,1,ALLAN
77371,3/2/2015,157154,2015,31,1875,1,CECILLE
77371,3/2/2015,157154,2014,31,1525,1,CECILLE
77371,6/29/2013,143759,2013,31,1425,1,CECILLE
77435,3/28/2025,434,2025,15,2600,1,ALLAN
77435,2/14/2024,193859,2024,15,2600,1,ALLAN
77435,2/7/2023,187280,2023,15,2500,1,ALLAN
77435,2/21/2022,181212,2022,15,2500,1,ALLAN
77435,1/20/2021,177272,2021,15,1725,1,ALLAN
77435,2/14/2020,175325,2020,15,1725,1,ALLAN
77435,3/18/2019,171697,2019,15,1725,1,ALLAN
77435,2/26/2018,168180,2018,15,1725,1,ALLAN
77435,3/15/2017,164578,2017,15,1875,1,ALLAN
77435,3/28/2016,161323,2016,15,1875,1,ALLAN
77435,3/31/2015,157758,2015,15,1875,1,ALLAN
77435,7/3/2014,154290,2014,15,1725,1,CECILLE
77435,3/6/2014,152776,2013,15,1425,1,ALLAN
77436,3/28/2025,434,2025,15,2600,1,ALLAN
77436,2/14/2024,193859,2024,15,2600,1,ALLAN
77436,2/7/2023,187280,2023,15,2500,1,ALLAN
77436,2/21/2022,181212,2022,15,2500,1,ALLAN
77436,1/20/2021,177272,2021,15,1725,1,ALLAN
77436,2/14/2020,175325,2020,15,1725,1,ALLAN
77436,3/18/2019,171697,2019,15,1725,1,ALLAN
77436,2/26/2018,168180,2018,15,1725,1,ALLAN
77436,3/15/2017,164578,2017,15,1875,1,ALLAN
77436,3/28/2016,161323,2016,15,1875,1,ALLAN
77436,3/31/2015,157758,2015,15,1875,1,ALLAN
77436,7/3/2014,154290,2014,15,1725,1,CECILLE
77436,12/27/2013,13-371,2013,15,1425,1,ALLAN
77640,1/15/2025,199617,2025,51,2600,1,ALLAN
77640,1/15/2024,192998,2024,51,2600,1,ALLAN
77640,1/19/2023,186866,2023,51,2500,1,ALLAN
77640,1/31/2022,180826,2022,51,2500,1,ALLAN
77640,4/26/2021,21-036,2021,51,1725,1,ALLAN
77640,1/14/2020,174589,2020,51,1725,1,ALLAN
77640,2/26/2019,171339,2019,51,1725,1,ALLAN
77640,3/7/2018,168289,2018,51,1725,1,ALLAN
77640,3/13/2017,164480,2017,51,1875,1,ALLAN
77640,2/10/2016,160667,2016,51,1875,1,CECILLE
77640,3/30/2015,157657,2015,51,1875,1,ALLAN
77640,1/7/2015,156315,2014,51,300,1,ALLAN
77640,12/17/2013,151708,2014,51,1425,1,CECILLE
77640,2/28/2014,13-478,2013,51,1425,1,ALLAN
77657,1/14/2025,199569,2025,352,2600,1,ALLAN
77657,1/15/2024,193026,2024,352,2600,1,ALLAN
77657,1/13/2023,186719,2023,352,2500,1,ALLAN
77657,1/24/2022,180712,2022,352,2500,1,ALLAN
77657,1/21/2021,177315,2021,352,1725,1,ALLAN
77657,12/23/2019,174298,2020,352,1725,1,ALLAN
77657,1/15/2019,170816,2019,352,1725,1,ALLAN
77657,1/18/2018,167690,2018,352,1725,1,ALLAN
77657,1/20/2017,163781,2017,352,1875,1,ALLAN
77657,1/15/2016,160363,2016,352,1875,1,ALLAN
77657,3/16/2015,157430,2015,352,1875,1,CECILLE
77657,7/5/2014,154311,2014,352,1725,1,CECILLE
77657,8/5/2013,144195,2013,352,1425,1,CECILLE
77658,1/14/2025,199569,2025,352,2600,1,ALLAN
77658,1/15/2024,193026,2024,352,2600,1,ALLAN
77658,1/13/2023,186719,2023,352,2500,1,ALLAN
77658,1/24/2022,180712,2022,352,2500,1,ALLAN
77658,1/21/2021,177315,2021,352,1725,1,ALLAN
77658,12/23/2019,174298,2020,352,1725,1,ALLAN
77658,1/15/2019,170816,2019,352,1725,1,ALLAN
77658,1/18/2018,167690,2018,352,1725,1,ALLAN
77658,1/20/2017,163781,2017,352,1875,1,ALLAN
77658,1/15/2016,160363,2016,352,1875,1,ALLAN
77658,3/16/2015,157430,2015,352,1875,1,CECILLE
77658,7/5/2014,154311,2014,352,1725,1,CECILLE
77658,4/30/2014,14-119,2013,352,1425,1,ALLAN
77890,1/20/2025,199746,2025,69,2600,1,ALLAN
77890,1/31/2024,193512,2024,69,2600,1,ALLAN
77890,12/29/2022,186474,2023,69,2500,1,ALLAN
77890,4/11/2022,22-007,2022,69,2500,1,ALLAN
77890,4/26/2021,21-039,2021,69,1725,1,ALLAN
77890,1/16/2020,174693,2020,69,1725,1,ALLAN
77890,1/18/2019,170872,2019,69,1725,1,ALLAN
77890,1/8/2018,167477,2018,69,1725,1,ALLAN
77890,3/14/2017,164497,2017,69,1875,1,ALLAN
77890,3/1/2016,160883,2016,69,1875,1,ALLAN
77890,3/26/2015,157587,2015,69,1875,1,ALLAN
77890,3/26/2015,157587,2014,69,1725,1,ALLAN
77890,4/30/2014,14-019,2013,69,1425,1,ALLAN
77989,1/15/2016,160363,2016,352,1875,1,ALLAN
77989,3/16/2015,157430,2015,352,1875,1,CECILLE
77989,1/31/2015,156748,2014,352,1725,1,ALLAN
77989,4/30/2014,14-119,2013,352,1425,1,ALLAN
77990,1/15/2024,193026,2024,352,2600,1,ALLAN
77990,1/13/2023,186719,2023,352,2500,1,ALLAN
77990,1/24/2022,180712,2022,352,2500,1,ALLAN
77990,3/16/2022,181762,2021,352,1725,1,ALLAN
77990,1/18/2018,167690,2018,352,1725,1,ALLAN
77990,1/20/2017,163781,2017,352,1875,1,ALLAN
77990,1/15/2016,160363,2016,352,1875,1,ALLAN
77990,3/16/2015,157430,2015,352,1875,1,CECILLE
77990,6/7/2014,154059,2014,352,1725,1,ALLAN
77990,4/30/2014,14-119,2013,352,1425,1,ALLAN
77991,1/14/2025,199569,2025,352,2600,1,ALLAN
77991,1/15/2024,193026,2024,352,2600,1,ALLAN
77991,1/13/2023,186719,2023,352,2500,1,ALLAN
77991,1/24/2022,180712,2022,352,2500,1,ALLAN
77991,1/21/2021,177315,2021,352,1725,1,ALLAN
77991,12/23/2019,174298,2020,352,1725,1,ALLAN
77991,12/23/2019,174298,2019,352,1725,1,ALLAN
77991,12/23/2019,174298,2016,352,1675,1,ALLAN
77991,3/16/2015,157430,2015,352,1875,1,CECILLE
77991,1/31/2015,156748,2014,352,1725,1,ALLAN
77991,7/4/2013,143814,2013,352,1425,1,CECILLE
77992,1/14/2025,199569,2025,352,2600,1,ALLAN
77992,1/15/2024,193026,2024,352,2600,1,ALLAN
77992,1/13/2023,186719,2023,352,2500,1,ALLAN
77992,1/24/2022,180712,2022,352,2500,1,ALLAN
77992,1/21/2021,177315,2021,352,1725,1,ALLAN
77992,12/23/2019,174298,2020,352,1725,1,ALLAN
77992,1/15/2019,170816,2019,352,1725,1,ALLAN
77992,1/18/2018,167690,2018,352,1725,1,ALLAN
77992,1/20/2017,163781,2017,352,1875,1,ALLAN
77992,1/15/2016,160363,2016,352,1875,1,ALLAN
77992,3/16/2015,157430,2015,352,1875,1,CECILLE
77992,1/31/2015,156748,2014,352,1725,1,ALLAN
77993,1/31/2015,156748,2014,352,1725,1,ALLAN
77993,7/4/2013,143814,2013,352,1425,1,CECILLE
77995,1/14/2025,199569,2025,352,2600,1,ALLAN
77995,1/15/2024,193026,2024,352,2600,1,ALLAN
77995,1/13/2023,186719,2023,352,2500,1,ALLAN
77995,1/24/2022,180712,2022,352,2500,1,ALLAN
77995,1/21/2021,177315,2021,352,1725,1,ALLAN
77995,12/23/2019,174298,2020,352,1725,1,ALLAN
77995,1/15/2019,170816,2019,352,1725,1,ALLAN
77995,1/18/2018,167690,2018,352,1725,1,ALLAN
77995,1/20/2017,163781,2017,352,1875,1,ALLAN
77995,1/15/2016,160363,2016,352,1875,1,ALLAN
77995,3/16/2015,157430,2015,352,1875,1,CECILLE
77995,1/31/2015,156748,2014,352,1725,1,ALLAN
77995,7/4/2013,143814,2013,352,1425,1,CECILLE
77996,1/14/2025,199569,2025,352,2600,1,ALLAN
77996,1/15/2024,193026,2024,352,2600,1,ALLAN
77996,1/13/2023,186719,2023,352,2500,1,ALLAN
77996,1/24/2022,180712,2022,352,2500,1,ALLAN
77996,1/21/2021,177315,2021,352,1725,1,ALLAN
77996,12/23/2019,174298,2020,352,1725,1,ALLAN
77996,1/15/2019,170816,2019,352,1725,1,ALLAN
77996,1/18/2018,167690,2018,352,1725,1,ALLAN
77996,1/20/2017,163781,2017,352,1875,1,ALLAN
77996,1/15/2016,160363,2016,352,1875,1,ALLAN
77996,4/16/2015,158002,2015,352,1875,1,CECILLE
78065,1/15/2025,199617,2025,51,2600,1,ALLAN
78065,1/15/2024,192998,2024,51,2600,1,ALLAN
78065,1/19/2023,186866,2023,51,2500,1,ALLAN
78065,1/31/2022,180826,2022,51,2500,1,ALLAN
78065,4/26/2021,21-036,2021,51,1725,1,ALLAN
78065,1/14/2020,174589,2020,51,1725,1,ALLAN
78065,2/26/2019,171339,2019,51,1725,1,ALLAN
78065,3/7/2018,168289,2018,51,1725,1,ALLAN
78065,3/13/2017,164480,2017,51,1875,1,ALLAN
78065,2/10/2016,160667,2016,51,1875,1,CECILLE
78065,3/30/2015,157657,2015,51,1875,1,ALLAN
78065,5/14/2014,153836,2014,51,1725,1,ALLAN
78065,2/28/2014,13-478,2013,51,1425,1,ALLAN
78234,1/14/2025,199569,2025,352,2600,1,ALLAN
78234,1/15/2024,193026,2024,352,2600,1,ALLAN
78234,1/13/2023,186719,2023,352,2500,1,ALLAN
78234,1/24/2022,180712,2022,352,2500,1,ALLAN
78234,1/21/2021,177315,2021,352,1725,1,ALLAN
78234,12/23/2019,174298,2020,352,1725,1,ALLAN
78234,1/15/2019,170816,2019,352,1725,1,ALLAN
78234,1/18/2018,167690,2018,352,1725,1,ALLAN
78234,1/20/2017,163781,2017,352,1875,1,ALLAN
78234,1/15/2016,160363,2016,352,1875,1,ALLAN
78234,3/16/2015,157430,2015,352,1875,1,CECILLE
78234,7/5/2014,154311,2014,352,1725,1,CECILLE
78234,4/30/2014,14-119,2013,352,1425,1,ALLAN
78235,1/14/2025,199569,2025,352,2600,1,ALLAN
78235,1/15/2024,193026,2024,352,2600,1,ALLAN
78235,1/13/2023,186719,2023,352,2500,1,ALLAN
78235,1/24/2022,180712,2022,352,2500,1,ALLAN
78235,1/21/2021,177315,2021,352,1725,1,ALLAN
78235,12/23/2019,174298,2020,352,1725,1,ALLAN
78235,1/15/2019,170816,2019,352,1725,1,ALLAN
78235,1/18/2018,167690,2018,352,1725,1,ALLAN
78235,1/20/2017,163781,2017,352,1875,1,ALLAN
78235,1/15/2016,160363,2016,352,1875,1,ALLAN
78235,3/16/2015,157430,2015,352,1875,1,CECILLE
78235,7/5/2014,154311,2014,352,1725,1,CECILLE
78235,7/4/2013,143814,2013,352,1425,1,CECILLE
78392,1/15/2025,199617,2025,51,2600,1,ALLAN
78392,1/15/2024,192998,2024,51,2600,1,ALLAN
78392,1/19/2023,186866,2023,51,2500,1,ALLAN
78392,1/31/2022,180826,2022,51,2500,1,ALLAN
78392,4/26/2021,21-036,2021,51,1725,1,ALLAN
78392,1/14/2020,174589,2020,51,1725,1,ALLAN
78392,2/26/2019,171339,2019,51,1725,1,ALLAN
78392,3/7/2018,168289,2018,51,1725,1,ALLAN
78392,3/7/2018,168288,2017,51,1875,1,ALLAN
78392,3/7/2018,168288,2016,51,1675,1,ALLAN
78392,3/30/2015,157657,2015,51,1875,1,ALLAN
78392,1/7/2015,156315,2014,51,1725,1,ALLAN
78392,2/28/2014,13-478,2013,51,1425,1,ALLAN
78393,3/28/2025,434,2025,15,550,1,ALLAN
78393,1/15/2025,199617,2025,51,2600,1,ALLAN
78393,3/28/2025,434,2024,15,550,1,ALLAN
78393,1/15/2024,192998,2024,51,2600,1,ALLAN
78393,1/19/2023,186866,2023,51,2500,1,ALLAN
78393,1/31/2022,180826,2022,51,2500,1,ALLAN
78393,4/26/2021,21-036,2021,51,1725,1,ALLAN
78393,1/14/2020,174589,2020,51,1725,1,ALLAN
78393,2/26/2019,171339,2019,51,1725,1,ALLAN
78393,3/7/2018,168289,2018,51,1725,1,ALLAN
78393,3/13/2017,164480,2017,51,1875,1,ALLAN
78393,2/10/2016,160667,2016,51,1875,1,CECILLE
78393,3/30/2015,157657,2015,51,1875,1,ALLAN
78393,5/14/2014,153836,2014,51,1725,1,ALLAN
78393,2/28/2014,13-478,2013,51,1425,1,ALLAN
78394,1/15/2025,199617,2025,51,2600,1,ALLAN
78394,1/15/2024,192998,2024,51,2600,1,ALLAN
78394,1/19/2023,186866,2023,51,2500,1,ALLAN
78394,1/31/2022,180826,2022,51,2500,1,ALLAN
78394,4/26/2021,21-036,2021,51,1725,1,ALLAN
78394,1/14/2020,174589,2020,51,1725,1,ALLAN
78394,2/26/2019,171339,2019,51,1725,1,ALLAN
78394,3/7/2018,168289,2018,51,1725,1,ALLAN
78394,3/13/2017,164480,2017,51,1875,1,ALLAN
78394,2/10/2016,160667,2016,51,1875,1,CECILLE
78394,3/30/2015,157657,2015,51,1875,1,ALLAN
78394,5/14/2014,153836,2014,51,1725,1,ALLAN
78394,5/22/2013,143316,2013,51,1425,1,ALLAN
78395,1/31/2022,180826,2022,51,2500,1,ALLAN
78395,4/26/2021,21-036,2021,51,1725,1,ALLAN
78395,1/14/2020,174589,2020,51,1725,1,ALLAN
78395,2/26/2019,171339,2019,51,1725,1,ALLAN
78395,3/7/2018,168289,2018,51,1725,1,ALLAN
78395,3/13/2017,164480,2017,51,1875,1,ALLAN
78395,2/10/2016,160667,2016,51,1875,1,CECILLE
78395,3/30/2015,157657,2015,51,1875,1,ALLAN
78395,1/7/2015,156315,2014,51,1725,1,ALLAN
78395,2/28/2014,13-478,2013,51,1425,1,ALLAN
78396,1/15/2025,199617,2025,51,2600,1,ALLAN
78396,1/15/2024,192998,2024,51,2600,1,ALLAN
78396,1/19/2023,186866,2023,51,2500,1,ALLAN
78396,1/31/2022,180826,2022,51,2500,1,ALLAN
78396,4/26/2021,21-036,2021,51,1725,1,ALLAN
78396,1/14/2020,174589,2020,51,1725,1,ALLAN
78396,2/26/2019,171339,2019,51,1725,1,ALLAN
78396,3/7/2018,168289,2018,51,1725,1,ALLAN
78396,3/13/2017,164480,2017,51,1875,1,ALLAN
78396,2/10/2016,160667,2016,51,1875,1,CECILLE
78396,3/30/2015,157657,2015,51,1875,1,ALLAN
78396,9/29/2014,155244,2014,51,1725,1,ALLAN
78396,8/13/2013,144288,2013,51,1425,1,CECILLE
78460,1/20/2025,199746,2025,69,2600,1,ALLAN
78460,1/31/2024,193512,2024,69,2600,1,ALLAN
78460,12/29/2022,186474,2023,69,2500,1,ALLAN
78460,4/11/2022,22-007,2022,69,2500,1,ALLAN
78460,2/28/2022,181404,2022,448,550,1,ALLAN
78460,4/26/2021,21-039,2021,69,1725,1,ALLAN
78460,2/17/2021,177784,2021,448,450,1,ALLAN
78460,2/17/2021,177784,2020,448,450,1,ALLAN
78460,1/16/2020,174693,2020,69,1725,1,ALLAN
78460,7/15/2019,19-097,2019,448,450,1,ALLAN
78460,1/18/2019,170872,2019,69,1725,1,ALLAN
78460,7/15/2019,19-097,2018,448,450,1,ALLAN
78460,1/8/2018,167477,2018,69,1725,1,ALLAN
78460,3/14/2017,164497,2017,69,1875,1,ALLAN
78460,3/1/2016,160883,2016,69,1875,1,ALLAN
78460,3/26/2015,157587,2015,69,1875,1,ALLAN
78460,10/21/2014,155548,2014,69,1725,1,ALLAN
78460,4/30/2014,14-019,2013,69,1425,1,ALLAN
78568,11/19/2024,198847,2025,31,2600,1,ALLAN
78568,1/25/2024,193344,2024,31,2600,1,ALLAN
78568,2/17/2023,187523,2023,31,2500,1,ALLAN
78568,2/22/2022,181252,2022,31,2500,1,ALLAN
78568,2/17/2021,177790,2021,31,1725,1,ALLAN
78568,1/30/2020,175050,2020,31,1725,1,ALLAN
78568,9/19/2018,170022,2019,31,1725,1,CECILLE
78568,1/11/2018,167533,2018,31,1725,1,ALLAN
78568,1/5/2017,163486,2017,31,1875,1,ALLAN
78568,2/19/2016,160788,2016,31,1875,1,CECILLE
78568,1/26/2015,156623,2015,31,1875,1,ALLAN
78568,8/29/2014,154918,2014,31,1725,1,CECILLE
78568,6/28/2013,13-090,2013,31,1425,1,ALLAN
78575,1/15/2025,199617,2025,51,2600,1,ALLAN
78575,1/15/2024,192998,2024,51,2600,1,ALLAN
78575,1/19/2023,186866,2023,51,2500,1,ALLAN
78575,1/31/2022,180826,2022,51,2500,1,ALLAN
78575,4/26/2021,21-036,2021,51,1725,1,ALLAN
78575,1/14/2020,174589,2020,51,1725,1,ALLAN
78575,2/26/2019,171339,2019,51,1725,1,ALLAN
78575,3/7/2018,168289,2018,51,1725,1,ALLAN
78575,3/7/2018,168288,2017,51,1875,1,ALLAN
78575,3/7/2018,168288,2016,51,1675,1,ALLAN
78575,3/30/2015,157657,2015,51,1875,1,ALLAN
78575,1/7/2015,156315,2014,51,1725,1,ALLAN
78575,2/28/2014,13-478,2013,51,1425,1,ALLAN
78576,1/15/2025,199617,2025,51,2600,1,ALLAN
78576,1/15/2024,192998,2024,51,2600,1,ALLAN
78576,1/19/2023,186866,2023,51,2500,1,ALLAN
78576,1/31/2022,180826,2022,51,2500,1,ALLAN
78576,4/26/2021,21-036,2021,51,1725,1,ALLAN
78576,1/14/2020,174589,2020,51,1725,1,ALLAN
78576,2/26/2019,171339,2019,51,1725,1,ALLAN
78576,3/7/2018,168289,2018,51,1725,1,ALLAN
78576,3/13/2017,164480,2017,51,1875,1,ALLAN
78576,2/10/2016,160667,2016,51,1875,1,CECILLE
78576,3/30/2015,157657,2015,51,1875,1,ALLAN
78576,1/7/2015,156315,2014,51,300,1,ALLAN
78576,2/11/2014,152437,2014,51,1425,1,ALLAN
78576,8/13/2013,144288,2013,51,1425,1,CECILLE
78669,1/15/2025,199617,2025,51,2600,1,ALLAN
78669,1/15/2024,192998,2024,51,2600,1,ALLAN
78669,1/19/2023,186866,2023,51,2500,1,ALLAN
78669,1/31/2022,180826,2022,51,2500,1,ALLAN
78669,4/26/2021,21-036,2021,51,1725,1,ALLAN
78669,1/14/2020,174589,2020,51,1725,1,ALLAN
78669,2/26/2019,171339,2019,51,1725,1,ALLAN
78669,3/7/2018,168289,2018,51,1725,1,ALLAN
78669,3/13/2017,164480,2017,51,1875,1,ALLAN
78669,2/10/2016,160667,2016,51,1875,1,CECILLE
78669,1/7/2015,156315,2015,51,1875,1,ALLAN
78669,1/7/2015,156315,2014,51,300,1,ALLAN
78669,11/18/2013,151235,2014,51,1425,1,CECILLE
78669,2/28/2014,13-478,2013,51,1425,1,ALLAN
78745,1/14/2025,199569,2025,352,2600,1,ALLAN
78745,1/15/2024,193026,2024,352,2600,1,ALLAN
78745,1/13/2023,186719,2023,352,2500,1,ALLAN
78745,1/24/2022,180712,2022,352,2500,1,ALLAN
78745,2/17/2021,177784,2021,448,450,1,ALLAN
78745,1/21/2021,177315,2021,352,1725,1,ALLAN
78745,2/17/2021,177784,2020,448,450,1,ALLAN
78745,12/23/2019,174298,2020,352,1725,1,ALLAN
78745,7/15/2019,19-097,2019,448,450,1,ALLAN
78745,1/15/2019,170816,2019,352,1725,1,ALLAN
78745,7/15/2019,19-097,2018,448,450,1,ALLAN
78745,1/18/2018,167690,2018,352,1725,1,ALLAN
78745,1/20/2017,163781,2017,352,1875,1,ALLAN
78745,1/15/2016,160363,2016,352,1875,1,ALLAN
78745,3/3/2015,157189,2015,352,1875,1,CECILLE
78745,5/9/2014,153803,2014,352,1725,1,ALLAN
78745,7/4/2013,143814,2013,352,1425,1,CECILLE
78847,11/12/2024,198757,2025,31,2600,1,ALLAN
78847,1/25/2024,193344,2024,31,2600,1,ALLAN
78847,2/17/2023,187523,2023,31,2500,1,ALLAN
78847,2/22/2022,181252,2022,31,2500,1,ALLAN
78847,2/17/2021,177790,2021,31,1725,1,ALLAN
78847,1/30/2020,175050,2020,31,1725,1,ALLAN
78847,1/7/2019,170659,2019,31,1725,1,ALLAN
78847,11/20/2017,166630,2018,31,1725,1,ALLAN
78847,1/5/2017,163486,2017,31,1875,1,ALLAN
78847,3/10/2016,161018,2016,31,1875,1,ALLAN
78847,3/2/2015,157154,2015,31,1875,1,CECILLE
78847,11/19/2014,155880,2014,31,1725,1,ALLAN
78847,12/19/2013,151757,2013,31,1425,1,CECILLE
78877,1/15/2024,193026,2024,352,2600,1,ALLAN
78877,1/13/2023,186719,2023,352,2500,1,ALLAN
78877,1/24/2022,180712,2022,352,2500,1,ALLAN
78877,1/21/2021,177315,2021,352,1725,1,ALLAN
78877,12/23/2019,174298,2020,352,1725,1,ALLAN
78877,1/15/2019,170816,2019,352,1725,1,ALLAN
78877,1/18/2018,167690,2018,352,1725,1,ALLAN
78877,1/20/2017,163781,2017,352,1875,1,ALLAN
78877,1/15/2016,160363,2016,352,1875,1,ALLAN
78877,2/26/2015,157093,2015,352,1875,1,CECILLE
78877,1/31/2015,156748,2014,352,1725,1,ALLAN
78877,4/30/2014,14-119,2013,352,1425,1,ALLAN
78878,1/15/2024,193026,2024,352,2600,1,ALLAN
78878,1/13/2023,186719,2023,352,2500,1,ALLAN
78878,1/24/2022,180712,2022,352,2500,1,ALLAN
78878,1/21/2021,177315,2021,352,1725,1,ALLAN
78878,12/23/2019,174298,2020,352,1725,1,ALLAN
78878,1/15/2019,170816,2019,352,1725,1,ALLAN
78878,1/18/2018,167690,2018,352,1725,1,ALLAN
78878,1/20/2017,163781,2017,352,1875,1,ALLAN
78878,1/15/2016,160363,2016,352,1875,1,ALLAN
78878,3/16/2015,157430,2015,352,1875,1,CECILLE
78878,6/7/2014,154059,2014,352,1725,1,ALLAN
78879,1/15/2024,193026,2024,352,2600,1,ALLAN
78879,1/13/2023,186719,2023,352,2500,1,ALLAN
78879,1/24/2022,180712,2022,352,2500,1,ALLAN
78879,1/21/2021,177315,2021,352,1725,1,ALLAN
78879,12/23/2019,174298,2020,352,1725,1,ALLAN
78879,1/15/2019,170816,2019,352,1725,1,ALLAN
78879,1/18/2018,167690,2018,352,1725,1,ALLAN
78879,1/20/2017,163781,2017,352,1875,1,ALLAN
78879,1/15/2016,160363,2016,352,1875,1,ALLAN
78879,3/16/2015,157430,2015,352,1875,1,CECILLE
78879,6/7/2014,154059,2014,352,1725,1,ALLAN
78880,1/14/2025,199569,2025,352,2600,1,ALLAN
78880,1/15/2024,193026,2024,352,2600,1,ALLAN
78880,1/13/2023,186719,2023,352,2500,1,ALLAN
78880,1/24/2022,180712,2022,352,2500,1,ALLAN
78880,1/21/2021,177315,2021,352,1725,1,ALLAN
78880,12/23/2019,174298,2020,352,1725,1,ALLAN
78880,1/15/2019,170816,2019,352,1725,1,ALLAN
78880,1/18/2018,167690,2018,352,1725,1,ALLAN
78880,1/20/2017,163781,2017,352,1875,1,ALLAN
78880,1/15/2016,160363,2016,352,1875,1,ALLAN
78880,3/16/2015,157430,2015,352,1875,1,CECILLE
78880,6/7/2014,154059,2014,352,1725,1,ALLAN
78880,4/30/2014,14-119,2013,352,1425,1,ALLAN
78881,1/14/2025,199569,2025,352,2600,1,ALLAN
78881,1/15/2024,193026,2024,352,2600,1,ALLAN
78881,1/13/2023,186719,2023,352,2500,1,ALLAN
78881,1/24/2022,180712,2022,352,2500,1,ALLAN
78881,1/21/2021,177315,2021,352,1725,1,ALLAN
78881,12/23/2019,174298,2020,352,1725,1,ALLAN
78881,1/15/2019,170816,2019,352,1725,1,ALLAN
78881,1/18/2018,167690,2018,352,1725,1,ALLAN
78881,1/20/2017,163781,2017,352,1875,1,ALLAN
78881,1/15/2016,160363,2016,352,1875,1,ALLAN
78881,3/16/2015,157430,2015,352,1875,1,CECILLE
78881,1/31/2015,156748,2014,352,1725,1,ALLAN
78881,4/30/2014,14-119,2013,352,1425,1,ALLAN
78943,3/26/2025,389,2025,346,2600,1,ALLAN
78943,2/15/2024,193889,2024,346,2600,1,ALLAN
78943,1/13/2023,186720,2023,346,2500,1,ALLAN
78943,2/18/2022,181196,2022,346,2500,1,ALLAN
78943,2/18/2021,177813,2021,346,1725,1,ALLAN
78943,3/3/2020,175616,2020,346,1725,1,ALLAN
78943,1/11/2019,170733,2019,346,1725,1,ALLAN
78943,3/14/2018,168447,2018,346,1725,1,ALLAN
78943,3/15/2017,164589,2017,346,1875,1,ALLAN
78943,7/30/2016,16-148,2016,346,1875,1,ALLAN
78943,3/31/2015,157761,2015,346,1875,1,ALLAN
78943,3/31/2015,157761,2014,346,1725,1,ALLAN
78943,3/19/2014,153082,2013,346,1425,1,ALLAN
78989,1/15/2025,199617,2025,51,2600,1,ALLAN
78989,1/15/2024,192998,2024,51,2600,1,ALLAN
78989,1/19/2023,186866,2023,51,2500,1,ALLAN
78989,1/31/2022,180826,2022,51,2500,1,ALLAN
78989,4/26/2021,21-036,2021,51,1725,1,ALLAN
78989,1/14/2020,174589,2020,51,1725,1,ALLAN
78989,2/26/2019,171339,2019,51,1725,1,ALLAN
78989,3/7/2018,168289,2018,51,1725,1,ALLAN
78989,3/13/2017,164480,2017,51,1875,1,ALLAN
78989,2/10/2016,160667,2016,51,1875,1,CECILLE
78989,3/30/2015,157657,2015,51,1875,1,ALLAN
78989,1/7/2015,156315,2014,51,300,1,ALLAN
78989,1/28/2014,152236,2014,51,1425,1,ALLAN
78989,2/28/2014,13-478,2013,51,1425,1,ALLAN
79206,1/15/2025,199617,2025,51,2600,1,ALLAN
79206,1/15/2024,192998,2024,51,2600,1,ALLAN
79206,1/19/2023,186866,2023,51,2500,1,ALLAN
79206,1/31/2022,180826,2022,51,2500,1,ALLAN
79206,4/26/2021,21-036,2021,51,1725,1,ALLAN
79206,1/14/2020,174589,2020,51,1725,1,ALLAN
79206,2/26/2019,171339,2019,51,1725,1,ALLAN
79206,3/7/2018,168289,2018,51,1725,1,ALLAN
79206,3/13/2017,164480,2017,51,1875,1,ALLAN
79206,2/10/2016,160667,2016,51,1875,1,CECILLE
79206,3/30/2015,157657,2015,51,1875,1,ALLAN
79206,8/12/2014,154737,2014,51,1725,1,ALLAN
79206,2/28/2014,13-478,2013,51,1425,1,ALLAN
79235,3/28/2025,434,2025,15,2600,1,ALLAN
79235,2/14/2024,193859,2024,15,2600,1,ALLAN
79235,2/7/2023,187280,2023,15,2500,1,ALLAN
79235,2/21/2022,181212,2022,15,2500,1,ALLAN
79235,1/20/2021,177272,2021,15,1725,1,ALLAN
79235,2/14/2020,175325,2020,15,1725,1,ALLAN
79235,3/18/2019,171697,2019,15,1725,1,ALLAN
79235,2/26/2018,168180,2018,15,1725,1,ALLAN
79235,3/15/2017,164578,2017,15,1875,1,ALLAN
79235,3/28/2016,161323,2016,15,1875,1,ALLAN
79235,3/31/2015,157758,2015,15,1875,1,ALLAN
79235,7/22/2014,154478,2014,15,1725,1,CECILLE
79236,3/28/2025,434,2025,15,2600,1,ALLAN
79236,2/14/2024,193859,2024,15,2600,1,ALLAN
79236,2/7/2023,187280,2023,15,2500,1,ALLAN
79236,2/21/2022,181212,2022,15,2500,1,ALLAN
79236,1/20/2021,177272,2021,15,1725,1,ALLAN
79236,2/14/2020,175325,2020,15,1725,1,ALLAN
79236,3/18/2019,171697,2019,15,1725,1,ALLAN
79236,2/26/2018,168180,2018,15,1725,1,ALLAN
79236,3/15/2017,164578,2017,15,1875,1,ALLAN
79236,3/15/2017,164578,2016,15,1875,1,ALLAN
79236,3/15/2017,164578,2015,15,1675,1,ALLAN
79264,1/14/2025,199569,2025,352,2600,1,ALLAN
79264,1/15/2024,193026,2024,352,2600,1,ALLAN
79264,1/13/2023,186719,2023,352,2500,1,ALLAN
79264,1/24/2022,180712,2022,352,2500,1,ALLAN
79264,1/21/2021,177315,2021,352,1725,1,ALLAN
79264,12/23/2019,174298,2020,352,1725,1,ALLAN
79264,1/15/2019,170816,2019,352,1725,1,ALLAN
79264,1/18/2018,167690,2018,352,1725,1,ALLAN
79264,1/20/2017,163781,2017,352,1875,1,ALLAN
79264,1/15/2016,160363,2016,352,1875,1,ALLAN
79264,3/16/2015,157430,2015,352,1875,1,CECILLE
79264,1/31/2015,156748,2014,352,1725,1,ALLAN
79265,1/14/2025,199569,2025,352,2600,1,ALLAN
79265,1/15/2024,193026,2024,352,2600,1,ALLAN
79265,1/13/2023,186719,2023,352,2500,1,ALLAN
79265,1/24/2022,180712,2022,352,2500,1,ALLAN
79265,1/21/2021,177315,2021,352,1725,1,ALLAN
79265,12/23/2019,174298,2020,352,1725,1,ALLAN
79265,1/15/2019,170816,2019,352,1725,1,ALLAN
79265,1/18/2018,167690,2018,352,1725,1,ALLAN
79265,1/20/2017,163781,2017,352,1875,1,ALLAN
79265,1/15/2016,160363,2016,352,1875,1,ALLAN
79265,3/16/2015,157430,2015,352,1875,1,CECILLE
79265,6/7/2014,154059,2014,352,1725,1,ALLAN
79265,4/30/2014,14-119,2013,352,1425,1,ALLAN
79342,1/15/2025,199617,2025,51,2600,1,ALLAN
79342,1/15/2024,192998,2024,51,2600,1,ALLAN
79342,1/19/2023,186866,2023,51,2500,1,ALLAN
79342,1/31/2022,180826,2022,51,2500,1,ALLAN
79342,4/26/2021,21-036,2021,51,1725,1,ALLAN
79342,1/14/2020,174589,2020,51,1725,1,ALLAN
79342,2/26/2019,171339,2019,51,1725,1,ALLAN
79342,3/7/2018,168289,2018,51,1725,1,ALLAN
79342,3/13/2017,164480,2017,51,1875,1,ALLAN
79342,2/10/2016,160667,2016,51,1875,1,CECILLE
79342,3/30/2015,157657,2015,51,1875,1,ALLAN
79342,1/7/2015,156315,2014,51,300,1,ALLAN
79342,2/11/2014,152437,2014,51,1425,1,ALLAN
79342,2/28/2014,13-478,2013,51,1425,1,ALLAN
79392,3/28/2025,434,2025,15,2600,1,ALLAN
79392,2/14/2024,193859,2024,15,2600,1,ALLAN
79392,2/7/2023,187280,2023,15,2500,1,ALLAN
79392,2/21/2022,181212,2022,15,2500,1,ALLAN
79392,1/20/2021,177272,2021,15,1725,1,ALLAN
79392,2/14/2020,175325,2020,15,1725,1,ALLAN
79392,3/18/2019,171697,2019,15,1725,1,ALLAN
79392,2/26/2018,168180,2018,15,1725,1,ALLAN
79392,3/15/2017,164578,2017,15,1875,1,ALLAN
79392,3/28/2016,161323,2016,15,1875,1,ALLAN
79392,3/31/2015,157758,2015,15,1875,1,ALLAN
79392,2/26/2015,157094,2014,15,1725,1,ALLAN
79392,3/6/2014,152776,2013,15,1425,1,ALLAN
79393,3/28/2025,434,2025,15,2600,1,ALLAN
79393,2/14/2024,193859,2024,15,2600,1,ALLAN
79393,2/7/2023,187280,2023,15,2500,1,ALLAN
79393,2/21/2022,181212,2022,15,2500,1,ALLAN
79393,1/20/2021,177272,2021,15,1725,1,ALLAN
79393,2/14/2020,175325,2020,15,1725,1,ALLAN
79393,3/18/2019,171697,2019,15,1725,1,ALLAN
79393,2/26/2018,168180,2018,15,1725,1,ALLAN
79393,3/15/2017,164578,2017,15,1875,1,ALLAN
79393,3/28/2016,161323,2016,15,1875,1,ALLAN
79393,3/31/2015,157758,2015,15,1875,1,ALLAN
79393,7/22/2014,154478,2014,15,1725,1,CECILLE
79393,3/6/2014,152776,2013,15,1425,1,ALLAN
79517,1/15/2025,199617,2025,51,2600,1,ALLAN
79517,1/15/2024,192998,2024,51,2600,1,ALLAN
79517,1/19/2023,186866,2023,51,2500,1,ALLAN
79517,1/31/2022,180826,2022,51,2500,1,ALLAN
79517,4/26/2021,21-036,2021,51,1725,1,ALLAN
79517,1/14/2020,174589,2020,51,1725,1,ALLAN
79517,2/26/2019,171339,2019,51,1725,1,ALLAN
79517,3/7/2018,168289,2018,51,1725,1,ALLAN
79517,3/13/2017,164480,2017,51,1875,1,ALLAN
79517,2/10/2016,160667,2016,51,1875,1,CECILLE
79517,3/30/2015,157657,2015,51,1875,1,ALLAN
79517,11/12/2014,155795,2014,51,1725,1,ALLAN
79517,2/28/2014,13-478,2013,51,1425,1,ALLAN
79518,1/15/2025,199617,2025,51,2600,1,ALLAN
79518,1/15/2024,192998,2024,51,2600,1,ALLAN
79518,1/19/2023,186866,2023,51,2500,1,ALLAN
79518,1/31/2022,180826,2022,51,2500,1,ALLAN
79518,4/26/2021,21-036,2021,51,1725,1,ALLAN
79518,1/14/2020,174589,2020,51,1725,1,ALLAN
79518,2/26/2019,171339,2019,51,1725,1,ALLAN
79518,3/7/2018,168289,2018,51,1725,1,ALLAN
79518,3/13/2017,164480,2017,51,1875,1,ALLAN
79518,2/10/2016,160667,2016,51,1875,1,CECILLE
79518,3/30/2015,157657,2015,51,1875,1,ALLAN
79518,1/7/2015,156315,2014,51,300,1,ALLAN
79518,2/11/2014,152437,2014,51,1425,1,ALLAN
79518,12/17/2013,151708,2013,51,1425,1,CECILLE
79519,1/15/2025,199617,2025,51,2600,1,ALLAN
79519,1/15/2024,192998,2024,51,2600,1,ALLAN
79519,1/19/2023,186866,2023,51,2500,1,ALLAN
79519,1/31/2022,180826,2022,51,2500,1,ALLAN
79519,4/26/2021,21-036,2021,51,1725,1,ALLAN
79519,1/14/2020,174589,2020,51,1725,1,ALLAN
79519,2/26/2019,171339,2019,51,1725,1,ALLAN
79519,3/7/2018,168289,2018,51,1725,1,ALLAN
79519,3/13/2017,164480,2017,51,1875,1,ALLAN
79519,2/10/2016,160667,2016,51,1875,1,CECILLE
79519,3/30/2015,157657,2015,51,1875,1,ALLAN
79519,8/12/2014,154737,2014,51,1725,1,ALLAN
79519,2/28/2014,13-478,2013,51,1425,1,ALLAN
79520,1/15/2025,199617,2025,51,2600,1,ALLAN
79520,1/15/2024,192998,2024,51,2600,1,ALLAN
79520,1/19/2023,186866,2023,51,2500,1,ALLAN
79520,1/31/2022,180826,2022,51,2500,1,ALLAN
79520,4/26/2021,21-036,2021,51,1725,1,ALLAN
79520,1/14/2020,174589,2020,51,1725,1,ALLAN
79520,2/26/2019,171339,2019,51,1725,1,ALLAN
79520,3/7/2018,168289,2018,51,1725,1,ALLAN
79520,3/13/2017,164480,2017,51,1875,1,ALLAN
79520,2/10/2016,160667,2016,51,1875,1,CECILLE
79520,3/30/2015,157657,2015,51,1875,1,ALLAN
79520,11/12/2014,155795,2014,51,1725,1,ALLAN
79520,2/28/2014,13-478,2013,51,1425,1,ALLAN
79628,1/15/2024,193026,2024,352,2600,1,ALLAN
79628,1/13/2023,186719,2023,352,2500,1,ALLAN
79628,1/24/2022,180712,2022,352,2500,1,ALLAN
79628,1/21/2021,177315,2021,352,1725,1,ALLAN
79628,12/23/2019,174298,2020,352,1725,1,ALLAN
79628,1/15/2019,170816,2019,352,1725,1,ALLAN
79628,1/18/2018,167690,2018,352,1725,1,ALLAN
79628,1/20/2017,163781,2017,352,1875,1,ALLAN
79628,1/15/2016,160363,2016,352,1875,1,ALLAN
79628,3/10/2015,157308,2015,352,1875,1,ALLAN
79628,5/9/2014,153803,2014,352,1725,1,ALLAN
79628,4/30/2014,14-119,2013,352,1425,1,ALLAN
79643,3/26/2025,389,2025,346,2600,1,ALLAN
79643,2/15/2024,193889,2024,346,2600,1,ALLAN
79643,1/13/2023,186720,2023,346,2500,1,ALLAN
79643,2/18/2022,181196,2022,346,2500,1,ALLAN
79643,2/18/2021,177813,2021,346,1725,1,ALLAN
79643,3/3/2020,175616,2020,346,1725,1,ALLAN
79643,1/11/2019,170733,2019,346,1725,1,ALLAN
79643,4/30/2018,18-053,2018,346,1725,1,ALLAN
79643,3/15/2017,164589,2017,346,1875,1,ALLAN
79643,7/30/2016,16-148,2016,346,1875,1,ALLAN
79643,3/31/2015,157761,2015,346,1875,1,ALLAN
79643,3/31/2015,157761,2014,346,1725,1,ALLAN
79643,3/19/2014,153082,2013,346,1425,1,ALLAN
79644,3/26/2025,389,2025,346,2600,1,ALLAN
79644,2/15/2024,193889,2024,346,2600,1,ALLAN
79644,1/13/2023,186720,2023,346,2500,1,ALLAN
79644,2/18/2022,181196,2022,346,2500,1,ALLAN
79644,2/18/2021,177813,2021,346,1725,1,ALLAN
79644,3/3/2020,175616,2020,346,1725,1,ALLAN
79644,1/11/2019,170733,2019,346,1725,1,ALLAN
79644,3/14/2018,168447,2018,346,1725,1,ALLAN
79644,3/15/2017,164589,2017,346,1875,1,ALLAN
79644,7/30/2016,16-148,2016,346,1875,1,ALLAN
79644,3/31/2015,157761,2015,346,1875,1,ALLAN
79644,3/31/2015,157761,2014,346,1725,1,ALLAN
79644,3/19/2014,153082,2013,346,1425,1,ALLAN
79645,3/26/2025,389,2025,346,2600,1,ALLAN
79645,2/15/2024,193889,2024,346,2600,1,ALLAN
79645,1/13/2023,186720,2023,346,2500,1,ALLAN
79645,2/18/2022,181196,2022,346,2500,1,ALLAN
79645,2/18/2021,177813,2021,346,1725,1,ALLAN
79645,3/3/2020,175616,2020,346,1725,1,ALLAN
79645,1/11/2019,170733,2019,346,1725,1,ALLAN
79645,3/14/2018,168447,2018,346,1725,1,ALLAN
79645,3/15/2017,164589,2017,346,1875,1,ALLAN
79645,7/30/2016,16-148,2016,346,1875,1,ALLAN
79645,3/31/2015,157761,2015,346,1875,1,ALLAN
79645,10/4/2014,155322,2014,346,1725,1,CECILLE
79645,3/19/2014,153082,2013,346,1425,1,ALLAN
79646,3/26/2025,389,2025,346,2600,1,ALLAN
79646,2/15/2024,193889,2024,346,2600,1,ALLAN
79646,1/13/2023,186720,2023,346,2500,1,ALLAN
79646,2/18/2022,181196,2022,346,2500,1,ALLAN
79646,2/18/2021,177813,2021,346,1725,1,ALLAN
79646,3/3/2020,175616,2020,346,1725,1,ALLAN
79646,1/11/2019,170733,2019,346,1725,1,ALLAN
79646,4/30/2018,18-053,2018,346,1725,1,ALLAN
79646,3/15/2017,164589,2017,346,1875,1,ALLAN
79646,7/30/2016,16-148,2016,346,1875,1,ALLAN
79646,3/31/2015,157761,2015,346,1875,1,ALLAN
79646,3/31/2015,157761,2014,346,1725,1,ALLAN
79646,4/16/2013,142884,2013,346,1425,1,ALLAN
79647,3/26/2025,389,2025,346,2600,1,ALLAN
79647,1/15/2025,199634,2025,451,550,1,ALLAN
79647,2/15/2024,193889,2024,346,2600,1,ALLAN
79647,1/10/2024,192897,2024,451,550,1,ALLAN
79647,1/13/2023,186720,2023,346,2500,1,ALLAN
79647,1/5/2023,186528,2023,451,550,1,ALLAN
79647,2/18/2022,181196,2022,346,2500,1,ALLAN
79647,1/27/2022,180764,2022,451,550,1,ALLAN
79647,6/14/2021,21-128,2021,451,450,1,ALLAN
79647,2/18/2021,177813,2021,346,1725,1,ALLAN
79647,6/14/2021,21-128,2020,451,450,1,ALLAN
79647,3/3/2020,175616,2020,346,1725,1,ALLAN
79647,6/14/2021,21-128,2019,451,450,1,ALLAN
79647,1/11/2019,170733,2019,346,1725,1,ALLAN
79647,3/14/2018,168447,2018,346,1725,1,ALLAN
79647,3/15/2017,164589,2017,346,1875,1,ALLAN
79647,7/30/2016,16-148,2016,346,1875,1,ALLAN
79647,3/31/2015,157761,2015,346,1875,1,ALLAN
79647,3/31/2015,157761,2014,346,1725,1,ALLAN
79648,3/26/2025,389,2025,346,2600,1,ALLAN
79648,2/15/2024,193889,2024,346,2600,1,ALLAN
79648,1/13/2023,186720,2023,346,2500,1,ALLAN
79648,2/18/2022,181196,2022,346,2500,1,ALLAN
79648,2/18/2021,177813,2021,346,1725,1,ALLAN
79648,3/3/2020,175616,2020,346,1725,1,ALLAN
79648,1/11/2019,170733,2019,346,1725,1,ALLAN
79648,4/30/2018,18-053,2018,346,1725,1,ALLAN
79648,3/15/2017,164589,2017,346,1875,1,ALLAN
79648,7/30/2016,16-148,2016,346,1875,1,ALLAN
79648,3/31/2015,157761,2015,346,1875,1,ALLAN
79648,3/31/2015,157761,2014,346,1725,1,ALLAN
79648,3/19/2014,153082,2013,346,1425,1,ALLAN
79725,1/14/2025,199569,2025,352,2600,1,ALLAN
79725,1/15/2024,193026,2024,352,2600,1,ALLAN
79725,1/13/2023,186719,2023,352,2500,1,ALLAN
79725,1/24/2022,180712,2022,352,2500,1,ALLAN
79725,1/21/2021,177315,2021,352,1725,1,ALLAN
79725,12/23/2019,174298,2020,352,1725,1,ALLAN
79725,1/15/2019,170816,2019,352,1725,1,ALLAN
79725,1/18/2018,167690,2018,352,1725,1,ALLAN
79725,1/20/2017,163781,2017,352,1875,1,ALLAN
79725,1/15/2016,160363,2016,352,1875,1,ALLAN
79725,3/16/2015,157430,2015,352,1875,1,CECILLE
79725,6/7/2014,154059,2014,352,1725,1,ALLAN
79725,4/30/2014,14-119,2013,352,1425,1,ALLAN
80074,1/14/2025,199569,2025,352,2600,1,ALLAN
80074,1/15/2024,193026,2024,352,2600,1,ALLAN
80074,1/13/2023,186719,2023,352,2500,1,ALLAN
80074,1/24/2022,180712,2022,352,2500,1,ALLAN
80074,1/21/2021,177315,2021,352,1725,1,ALLAN
80074,12/23/2019,174298,2020,352,1725,1,ALLAN
80074,1/15/2019,170816,2019,352,1725,1,ALLAN
80074,1/18/2018,167690,2018,352,1725,1,ALLAN
80074,1/20/2017,163781,2017,352,1875,1,ALLAN
80074,1/15/2016,160363,2016,352,1875,1,ALLAN
80074,3/16/2015,157430,2015,352,1875,1,CECILLE
80074,1/31/2015,156748,2014,352,1725,1,ALLAN
80075,1/14/2025,199569,2025,352,2600,1,ALLAN
80075,1/15/2024,193026,2024,352,2600,1,ALLAN
80075,1/13/2023,186719,2023,352,2500,1,ALLAN
80075,1/24/2022,180712,2022,352,2500,1,ALLAN
80075,1/21/2021,177315,2021,352,1725,1,ALLAN
80075,12/23/2019,174298,2020,352,1725,1,ALLAN
80075,1/15/2019,170816,2019,352,1725,1,ALLAN
80075,1/18/2018,167690,2018,352,1725,1,ALLAN
80075,1/20/2017,163781,2017,352,1875,1,ALLAN
80075,1/15/2016,160363,2016,352,1875,1,ALLAN
80075,3/16/2015,157430,2015,352,1875,1,CECILLE
80075,1/31/2015,156748,2014,352,1725,1,ALLAN
80149,3/26/2025,389,2025,346,2600,1,ALLAN
80149,2/15/2024,193889,2024,346,2600,1,ALLAN
80149,1/13/2023,186720,2023,346,2500,1,ALLAN
80149,2/18/2022,181196,2022,346,2500,1,ALLAN
80149,2/18/2021,177813,2021,346,1725,1,ALLAN
80149,3/3/2020,175616,2020,346,1725,1,ALLAN
80149,1/11/2019,170733,2019,346,1725,1,ALLAN
80149,3/14/2018,168447,2018,346,1725,1,ALLAN
80149,11/8/2017,166533,2017,346,1875,1,ALLAN
80149,7/30/2016,16-148,2016,346,1875,1,ALLAN
80149,3/31/2015,157761,2015,346,1875,1,ALLAN
80149,3/31/2015,157761,2014,346,1725,1,ALLAN
80150,3/26/2025,389,2025,346,2600,1,ALLAN
80150,2/15/2024,193889,2024,346,2600,1,ALLAN
80150,1/13/2023,186720,2023,346,2500,1,ALLAN
80150,2/18/2022,181196,2022,346,2500,1,ALLAN
80150,2/18/2021,177813,2021,346,1725,1,ALLAN
80150,3/3/2020,175616,2020,346,1725,1,ALLAN
80150,1/11/2019,170733,2019,346,1725,1,ALLAN
80150,4/30/2018,18-053,2018,346,1725,1,ALLAN
80150,3/15/2017,164589,2017,346,1875,1,ALLAN
80150,7/30/2016,16-148,2016,346,1875,1,ALLAN
80150,7/25/2015,15-188,2015,346,1875,1,ALLAN
80151,3/26/2025,389,2025,346,2600,1,ALLAN
80151,2/15/2024,193889,2024,346,2600,1,ALLAN
80151,1/13/2023,186720,2023,346,2500,1,ALLAN
80151,2/18/2022,181196,2022,346,2500,1,ALLAN
80151,2/18/2021,177813,2021,346,1725,1,ALLAN
80151,3/3/2020,175616,2020,346,1725,1,ALLAN
80151,1/11/2019,170733,2019,346,1725,1,ALLAN
80151,3/14/2018,168447,2018,346,1725,1,ALLAN
80151,3/15/2017,164589,2017,346,1875,1,ALLAN
80151,7/30/2016,16-148,2016,346,1875,1,ALLAN
80151,7/25/2015,15-188,2015,346,1875,1,ALLAN
80152,3/26/2025,389,2025,346,2600,1,ALLAN
80152,2/15/2024,193889,2024,346,2600,1,ALLAN
80152,1/13/2023,186720,2023,346,2500,1,ALLAN
80152,2/18/2022,181196,2022,346,2500,1,ALLAN
80152,2/18/2021,177813,2021,346,1725,1,ALLAN
80152,3/3/2020,175616,2020,346,1725,1,ALLAN
80152,1/11/2019,170733,2019,346,1725,1,ALLAN
80152,3/14/2018,168447,2018,346,1725,1,ALLAN
80152,11/8/2017,166533,2017,346,1875,1,ALLAN
80159,3/28/2025,434,2025,15,2600,1,ALLAN
80159,2/14/2024,193859,2024,15,2600,1,ALLAN
80159,2/7/2023,187280,2023,15,2500,1,ALLAN
80159,2/21/2022,181212,2022,15,2500,1,ALLAN
80159,1/20/2021,177272,2021,15,1725,1,ALLAN
80159,2/14/2020,175325,2020,15,1725,1,ALLAN
80159,3/18/2019,171697,2019,15,1725,1,ALLAN
80159,2/26/2018,168180,2018,15,1725,1,ALLAN
80159,3/15/2017,164578,2017,15,1875,1,ALLAN
80159,3/28/2016,161323,2016,15,1875,1,ALLAN
80159,1/29/2015,156707,2015,15,1875,1,CECILLE
80159,2/26/2015,157094,2014,15,1725,1,ALLAN
80160,3/28/2025,434,2025,15,2600,1,ALLAN
80160,2/14/2024,193859,2024,15,2600,1,ALLAN
80160,2/7/2023,187280,2023,15,2500,1,ALLAN
80160,2/21/2022,181212,2022,15,2500,1,ALLAN
80160,1/20/2021,177272,2021,15,1725,1,ALLAN
80160,2/14/2020,175325,2020,15,1725,1,ALLAN
80160,3/18/2019,171697,2019,15,1725,1,ALLAN
80160,2/26/2018,168180,2018,15,1725,1,ALLAN
80160,3/15/2017,164578,2017,15,1875,1,ALLAN
80160,3/28/2016,161323,2016,15,1875,1,ALLAN
80160,3/31/2015,157758,2015,15,1875,1,ALLAN
80160,2/26/2015,157094,2014,15,1725,1,ALLAN
80161,3/28/2025,434,2025,15,2600,1,ALLAN
80161,2/14/2024,193859,2024,15,2600,1,ALLAN
80161,2/7/2023,187280,2023,15,2500,1,ALLAN
80161,2/21/2022,181212,2022,15,2500,1,ALLAN
80161,1/20/2021,177272,2021,15,1725,1,ALLAN
80161,2/14/2020,175325,2020,15,1725,1,ALLAN
80161,3/18/2019,171697,2019,15,1725,1,ALLAN
80161,2/26/2018,168180,2018,15,1725,1,ALLAN
80161,3/15/2017,164578,2017,15,1875,1,ALLAN
80161,3/28/2016,161323,2016,15,1875,1,ALLAN
80161,3/31/2015,157758,2015,15,1875,1,ALLAN
80161,2/26/2015,157094,2014,15,1725,1,ALLAN
80175,3/26/2025,389,2025,346,2600,1,ALLAN
80175,2/15/2024,193889,2024,346,2600,1,ALLAN
80175,1/13/2023,186720,2023,346,2500,1,ALLAN
80175,2/18/2022,181196,2022,346,2500,1,ALLAN
80175,2/18/2021,177813,2021,346,1725,1,ALLAN
80175,3/3/2020,175616,2020,346,1725,1,ALLAN
80175,1/11/2019,170733,2019,346,1725,1,ALLAN
80175,3/14/2018,168447,2018,346,1725,1,ALLAN
80175,3/15/2017,164589,2017,346,1875,1,ALLAN
80175,7/30/2016,16-148,2016,346,1875,1,ALLAN
80175,3/31/2015,157761,2015,346,1875,1,ALLAN
80175,3/31/2015,157761,2014,346,1725,1,ALLAN
80175,3/19/2014,153082,2013,346,1425,1,ALLAN
80176,3/26/2025,389,2025,346,2600,1,ALLAN
80176,2/15/2024,193889,2024,346,2600,1,ALLAN
80176,1/13/2023,186720,2023,346,2500,1,ALLAN
80176,2/18/2022,181196,2022,346,2500,1,ALLAN
80176,2/18/2021,177813,2021,346,1725,1,ALLAN
80176,3/3/2020,175616,2020,346,1725,1,ALLAN
80176,1/11/2019,170733,2019,346,1725,1,ALLAN
80176,3/14/2018,168447,2018,346,1725,1,ALLAN
80176,3/15/2017,164589,2017,346,1875,1,ALLAN
80176,7/30/2016,16-148,2016,346,1875,1,ALLAN
80176,3/31/2015,157761,2015,346,1875,1,ALLAN
80176,3/31/2015,157761,2014,346,1725,1,ALLAN
80176,3/19/2014,153082,2013,346,1425,1,ALLAN
80214,1/15/2025,199617,2025,51,2600,1,ALLAN
80214,1/15/2024,192998,2024,51,2600,1,ALLAN
80214,1/19/2023,186866,2023,51,2500,1,ALLAN
80214,1/31/2022,180826,2022,51,2500,1,ALLAN
80214,4/26/2021,21-036,2021,51,1725,1,ALLAN
80214,1/14/2020,174589,2020,51,1725,1,ALLAN
80214,2/26/2019,171339,2019,51,1725,1,ALLAN
80214,3/7/2018,168289,2018,51,1725,1,ALLAN
80214,3/13/2017,164480,2017,51,1875,1,ALLAN
80214,2/10/2016,160667,2016,51,1875,1,CECILLE
80214,3/30/2015,157657,2015,51,1875,1,ALLAN
80214,5/14/2014,153836,2014,51,1725,1,ALLAN
80214,2/28/2014,13-478,2013,51,1425,1,ALLAN
80401,1/15/2025,199617,2025,51,2600,1,ALLAN
80401,1/15/2024,192998,2024,51,2600,1,ALLAN
80401,1/19/2023,186866,2023,51,2500,1,ALLAN
80401,1/31/2022,180826,2022,51,2500,1,ALLAN
80401,4/26/2021,21-036,2021,51,1725,1,ALLAN
80401,1/14/2020,174589,2020,51,1725,1,ALLAN
80401,2/26/2019,171339,2019,51,1725,1,ALLAN
80401,3/7/2018,168289,2018,51,1725,1,ALLAN
80401,3/13/2017,164480,2017,51,1875,1,ALLAN
80401,2/10/2016,160667,2016,51,1875,1,CECILLE
80401,3/30/2015,157657,2015,51,1875,1,ALLAN
80401,1/7/2015,156315,2014,51,300,1,ALLAN
80401,2/11/2014,152437,2014,51,1425,1,ALLAN
80401,2/28/2014,13-478,2013,51,1425,1,ALLAN
80402,1/15/2025,199617,2025,51,2600,1,ALLAN
80402,1/15/2024,192998,2024,51,2600,1,ALLAN
80402,1/19/2023,186866,2023,51,2500,1,ALLAN
80402,1/31/2022,180826,2022,51,2500,1,ALLAN
80402,4/26/2021,21-036,2021,51,1725,1,ALLAN
80402,1/14/2020,174589,2020,51,1725,1,ALLAN
80402,2/26/2019,171339,2019,51,1725,1,ALLAN
80402,3/7/2018,168289,2018,51,1725,1,ALLAN
80402,3/13/2017,164480,2017,51,1875,1,ALLAN
80402,2/10/2016,160667,2016,51,1875,1,CECILLE
80402,3/30/2015,157657,2015,51,1875,1,ALLAN
80402,1/7/2015,156315,2014,51,300,1,ALLAN
80402,2/11/2014,152437,2014,51,1425,1,ALLAN
80402,2/28/2014,13-478,2013,51,1425,1,ALLAN
80403,1/15/2025,199617,2025,51,2600,1,ALLAN
80403,1/15/2024,192998,2024,51,2600,1,ALLAN
80403,1/19/2023,186866,2023,51,2500,1,ALLAN
80403,1/31/2022,180826,2022,51,2500,1,ALLAN
80403,4/26/2021,21-036,2021,51,1725,1,ALLAN
80403,1/14/2020,174589,2020,51,1725,1,ALLAN
80403,2/26/2019,171339,2019,51,1725,1,ALLAN
80403,3/7/2018,168289,2018,51,1725,1,ALLAN
80403,3/13/2017,164480,2017,51,1875,1,ALLAN
80403,2/10/2016,160667,2016,51,1875,1,CECILLE
80403,3/30/2015,157657,2015,51,1875,1,ALLAN
80403,1/7/2015,156315,2014,51,1725,1,ALLAN
80403,2/28/2014,13-478,2013,51,1425,1,ALLAN
80404,1/15/2025,199617,2025,51,2600,1,ALLAN
80404,1/15/2024,192998,2024,51,2600,1,ALLAN
80404,1/19/2023,186866,2023,51,2500,1,ALLAN
80404,1/31/2022,180826,2022,51,2500,1,ALLAN
80404,4/26/2021,21-036,2021,51,1725,1,ALLAN
80404,1/14/2020,174589,2020,51,1725,1,ALLAN
80404,2/26/2019,171339,2019,51,1725,1,ALLAN
80404,3/7/2018,168289,2018,51,1725,1,ALLAN
80404,3/13/2017,164480,2017,51,1875,1,ALLAN
80404,2/10/2016,160667,2016,51,1875,1,CECILLE
80404,3/30/2015,157657,2015,51,1875,1,ALLAN
80404,1/7/2015,156315,2014,51,1725,1,ALLAN
80404,2/28/2014,13-478,2013,51,1425,1,ALLAN
80584,1/15/2025,199617,2025,51,2600,1,ALLAN
80584,1/15/2024,192998,2024,51,2600,1,ALLAN
80584,1/19/2023,186866,2023,51,2500,1,ALLAN
80584,1/31/2022,180826,2022,51,2500,1,ALLAN
80584,4/26/2021,21-036,2021,51,1725,1,ALLAN
80584,1/14/2020,174589,2020,51,1725,1,ALLAN
80584,2/26/2019,171339,2019,51,1725,1,ALLAN
80584,3/7/2018,168289,2018,51,1725,1,ALLAN
80584,3/13/2017,164480,2017,51,1875,1,ALLAN
80584,2/10/2016,160667,2016,51,1875,1,CECILLE
80584,3/30/2015,157657,2015,51,1875,1,ALLAN
80584,1/7/2015,156315,2014,51,1725,1,ALLAN
80586,1/15/2025,199617,2025,51,2600,1,ALLAN
80586,1/15/2024,192998,2024,51,2600,1,ALLAN
80586,1/19/2023,186866,2023,51,2500,1,ALLAN
80586,1/31/2022,180826,2022,51,2500,1,ALLAN
80586,4/26/2021,21-036,2021,51,1725,1,ALLAN
80586,1/14/2020,174589,2020,51,1725,1,ALLAN
80586,2/26/2019,171339,2019,51,1725,1,ALLAN
80586,3/7/2018,168289,2018,51,1725,1,ALLAN
80586,3/13/2017,164480,2017,51,1875,1,ALLAN
80586,2/10/2016,160667,2016,51,1875,1,CECILLE
80586,3/30/2015,157657,2015,51,1875,1,ALLAN
80586,1/7/2015,156315,2014,51,1725,1,ALLAN
80586,2/28/2014,13-478,2013,51,1425,1,ALLAN
80587,1/15/2025,199617,2025,51,2600,1,ALLAN
80587,1/15/2024,192998,2024,51,2600,1,ALLAN
80587,1/15/2024,192998,2023,51,2500,1,ALLAN
80587,1/31/2022,180826,2022,51,2500,1,ALLAN
80587,4/26/2021,21-036,2021,51,1725,1,ALLAN
80587,2/18/2021,177827,2020,51,1725,1,ALLAN
80587,2/26/2019,171339,2019,51,1725,1,ALLAN
80587,3/7/2018,168289,2018,51,1725,1,ALLAN
80587,3/13/2017,164480,2017,51,1875,1,ALLAN
80587,2/10/2016,160667,2016,51,1875,1,CECILLE
80587,2/27/2015,157111,2015,51,1875,1,CECILLE
80587,1/7/2015,156315,2014,51,1725,1,ALLAN
80587,2/28/2014,13-478,2013,51,1425,1,ALLAN
80588,1/15/2025,199617,2025,51,2600,1,ALLAN
80588,1/15/2024,192998,2024,51,2600,1,ALLAN
80588,1/19/2023,186866,2023,51,2500,1,ALLAN
80588,1/31/2022,180826,2022,51,2500,1,ALLAN
80588,4/26/2021,21-036,2021,51,1725,1,ALLAN
80588,1/14/2020,174589,2020,51,1725,1,ALLAN
80588,2/26/2019,171339,2019,51,1725,1,ALLAN
80588,3/7/2018,168289,2018,51,1725,1,ALLAN
80588,3/13/2017,164480,2017,51,1875,1,ALLAN
80588,2/10/2016,160667,2016,51,1875,1,CECILLE
80588,3/30/2015,157657,2015,51,1875,1,ALLAN
80588,1/7/2015,156315,2014,51,1725,1,ALLAN
80588,2/28/2014,13-478,2013,51,1425,1,ALLAN
80661,1/15/2025,199617,2025,51,2600,1,ALLAN
80661,1/15/2024,192998,2024,51,2600,1,ALLAN
80661,1/19/2023,186866,2023,51,2500,1,ALLAN
80661,1/31/2022,180826,2022,51,2500,1,ALLAN
80661,4/26/2021,21-036,2021,51,1725,1,ALLAN
80661,1/14/2020,174589,2020,51,1725,1,ALLAN
80661,2/26/2019,171339,2019,51,1725,1,ALLAN
80661,3/7/2018,168289,2018,51,1725,1,ALLAN
80661,3/13/2017,164480,2017,51,1875,1,ALLAN
80661,2/10/2016,160667,2016,51,1875,1,CECILLE
80661,3/30/2015,157657,2015,51,1875,1,ALLAN
80661,11/12/2014,155795,2014,51,1725,1,ALLAN
80666,1/15/2025,199617,2025,51,2600,1,ALLAN
80666,1/15/2024,192998,2024,51,2600,1,ALLAN
80666,1/19/2023,186866,2023,51,2500,1,ALLAN
80666,1/31/2022,180826,2022,51,2500,1,ALLAN
80666,4/26/2021,21-036,2021,51,1725,1,ALLAN
80666,1/14/2020,174589,2020,51,1725,1,ALLAN
80666,2/26/2019,171339,2019,51,1725,1,ALLAN
80666,3/7/2018,168289,2018,51,1725,1,ALLAN
80666,3/13/2017,164480,2017,51,1875,1,ALLAN
80666,2/10/2016,160667,2016,51,1875,1,CECILLE
80666,3/30/2015,157657,2015,51,1875,1,ALLAN
80666,1/7/2015,156315,2014,51,1725,1,ALLAN
80667,1/15/2025,199617,2025,51,2600,1,ALLAN
80667,1/15/2024,192998,2024,51,2600,1,ALLAN
80667,1/19/2023,186866,2023,51,2500,1,ALLAN
80667,1/31/2022,180826,2022,51,2500,1,ALLAN
80667,4/26/2021,21-036,2021,51,1725,1,ALLAN
80667,2/18/2021,177827,2020,51,1725,1,ALLAN
80667,2/18/2021,177827,2019,51,1725,1,ALLAN
80668,1/15/2025,199617,2025,51,2600,1,ALLAN
80668,1/15/2024,192998,2024,51,2600,1,ALLAN
80668,1/19/2023,186866,2023,51,2500,1,ALLAN
80668,1/31/2022,180826,2022,51,2500,1,ALLAN
80668,4/26/2021,21-036,2021,51,1725,1,ALLAN
80668,1/14/2020,174589,2020,51,1725,1,ALLAN
80668,2/26/2019,171339,2019,51,1725,1,ALLAN
80668,3/7/2018,168289,2018,51,1725,1,ALLAN
80668,3/13/2017,164480,2017,51,1875,1,ALLAN
80668,2/10/2016,160667,2016,51,1875,1,CECILLE
80668,3/30/2015,157657,2015,51,1875,1,ALLAN
80668,5/14/2014,153836,2014,51,1725,1,ALLAN
80669,1/15/2025,199617,2025,51,2600,1,ALLAN
80669,1/15/2024,192998,2024,51,2600,1,ALLAN
80669,1/19/2023,186866,2023,51,2500,1,ALLAN
80669,1/31/2022,180826,2022,51,2500,1,ALLAN
80669,4/26/2021,21-036,2021,51,1725,1,ALLAN
80669,1/14/2020,174589,2020,51,1725,1,ALLAN
80669,2/26/2019,171339,2019,51,1725,1,ALLAN
80669,3/7/2018,168289,2018,51,1725,1,ALLAN
80669,3/13/2017,164480,2017,51,1875,1,ALLAN
80669,2/10/2016,160667,2016,51,1875,1,CECILLE
80669,3/30/2015,157657,2015,51,1875,1,ALLAN
80669,11/12/2014,155795,2014,51,1725,1,ALLAN
80670,1/15/2025,199617,2025,51,2600,1,ALLAN
80670,1/15/2024,192998,2024,51,2600,1,ALLAN
80670,1/19/2023,186866,2023,51,2500,1,ALLAN
80670,1/31/2022,180826,2022,51,2500,1,ALLAN
80670,4/26/2021,21-036,2021,51,1725,1,ALLAN
80670,1/14/2020,174589,2020,51,1725,1,ALLAN
80670,2/26/2019,171339,2019,51,1725,1,ALLAN
80670,3/7/2018,168289,2018,51,1725,1,ALLAN
80670,3/13/2017,164480,2017,51,1875,1,ALLAN
80670,2/10/2016,160667,2016,51,1875,1,CECILLE
80670,3/30/2015,157657,2015,51,1875,1,ALLAN
80670,11/12/2014,155795,2014,51,1725,1,ALLAN
80671,1/15/2025,199617,2025,51,2600,1,ALLAN
80671,1/15/2024,192998,2024,51,2600,1,ALLAN
80671,1/19/2023,186866,2023,51,2500,1,ALLAN
80671,1/31/2022,180826,2022,51,2500,1,ALLAN
80671,4/26/2021,21-036,2021,51,1725,1,ALLAN
80671,1/14/2020,174589,2020,51,1725,1,ALLAN
80671,2/26/2019,171339,2019,51,1725,1,ALLAN
80671,3/7/2018,168289,2018,51,1725,1,ALLAN
80671,3/13/2017,164480,2017,51,1875,1,ALLAN
80671,2/10/2016,160667,2016,51,1875,1,CECILLE
80671,3/30/2015,157657,2015,51,1875,1,ALLAN
80671,1/7/2015,156315,2014,51,1725,1,ALLAN
80864,11/19/2024,198847,2025,31,2600,1,ALLAN
80864,1/25/2024,193344,2024,31,2600,1,ALLAN
80864,2/17/2023,187523,2023,31,2500,1,ALLAN
80864,2/22/2022,181252,2022,31,2500,1,ALLAN
80864,2/17/2021,177790,2021,31,1725,1,ALLAN
80864,1/30/2020,175050,2020,31,1725,1,ALLAN
80864,1/7/2019,170659,2019,31,1725,1,ALLAN
80864,1/11/2018,167533,2018,31,1725,1,ALLAN
80864,1/5/2017,163486,2017,31,1875,1,ALLAN
80864,3/30/2016,161338,2016,31,1875,1,ALLAN
80864,4/1/2015,157799,2015,31,1875,1,ALLAN
80864,9/3/2014,154963,2014,31,1725,1,CECILLE
81051,3/26/2025,389,2025,346,2600,1,ALLAN
81051,2/15/2024,193889,2024,346,2600,1,ALLAN
81051,1/13/2023,186720,2023,346,2500,1,ALLAN
81051,2/18/2022,181196,2022,346,2500,1,ALLAN
81051,2/18/2021,177813,2021,346,1725,1,ALLAN
81051,3/3/2020,175616,2020,346,1725,1,ALLAN
81051,1/11/2019,170733,2019,346,1725,1,ALLAN
81051,3/14/2018,168447,2018,346,1725,1,ALLAN
81051,3/15/2017,164589,2017,346,1875,1,ALLAN
81051,4/28/2017,17-051,2016,346,1875,1,ALLAN
81052,3/26/2025,389,2025,346,2600,1,ALLAN
81052,2/15/2024,193889,2024,346,2600,1,ALLAN
81052,1/13/2023,186720,2023,346,2500,1,ALLAN
81052,2/18/2022,181196,2022,346,2500,1,ALLAN
81052,2/18/2021,177813,2021,346,1725,1,ALLAN
81052,3/3/2020,175616,2020,346,1725,1,ALLAN
81052,1/11/2019,170733,2019,346,1725,1,ALLAN
81052,3/14/2018,168447,2018,346,1725,1,ALLAN
81052,3/15/2017,164589,2017,346,1875,1,ALLAN
81052,7/30/2016,16-148,2016,346,1875,1,ALLAN
81052,3/31/2015,157761,2015,346,1875,1,ALLAN
81052,3/31/2015,157761,2014,346,1725,1,ALLAN
81053,3/26/2025,389,2025,346,2600,1,ALLAN
81053,2/15/2024,193889,2024,346,2600,1,ALLAN
81053,1/13/2023,186720,2023,346,2500,1,ALLAN
81053,2/18/2022,181196,2022,346,2500,1,ALLAN
81053,2/18/2021,177813,2021,346,1725,1,ALLAN
81053,3/3/2020,175616,2020,346,1725,1,ALLAN
81053,1/11/2019,170733,2019,346,1725,1,ALLAN
81053,3/14/2018,168447,2018,346,1725,1,ALLAN
81053,3/15/2017,164589,2017,346,1875,1,ALLAN
81053,7/30/2016,16-148,2016,346,1875,1,ALLAN
81053,3/31/2015,157761,2015,346,1875,1,ALLAN
81053,3/31/2015,157761,2014,346,1725,1,ALLAN
81054,3/26/2025,389,2025,346,2600,1,ALLAN
81054,2/15/2024,193889,2024,346,2600,1,ALLAN
81054,1/13/2023,186720,2023,346,2500,1,ALLAN
81054,2/18/2022,181196,2022,346,2500,1,ALLAN
81054,2/18/2021,177813,2021,346,1725,1,ALLAN
81054,3/3/2020,175616,2020,346,1725,1,ALLAN
81054,1/11/2019,170733,2019,346,1725,1,ALLAN
81054,4/30/2018,18-053,2018,346,1725,1,ALLAN
81054,11/8/2017,166533,2017,346,1875,1,ALLAN
81054,10/30/2015,15-308,2016,346,1875,1,ALLAN
81054,7/25/2015,15-188,2015,346,1875,1,ALLAN
81057,1/15/2025,199617,2025,51,2600,1,ALLAN
81057,1/15/2024,192998,2024,51,2600,1,ALLAN
81057,1/19/2023,186866,2023,51,2500,1,ALLAN
81057,1/31/2022,180826,2022,51,2500,1,ALLAN
81057,4/26/2021,21-036,2021,51,1725,1,ALLAN
81057,1/14/2020,174589,2020,51,1725,1,ALLAN
81057,2/26/2019,171339,2019,51,1725,1,ALLAN
81057,3/7/2018,168289,2018,51,1725,1,ALLAN
81057,3/13/2017,164480,2017,51,1875,1,ALLAN
81057,2/10/2016,160667,2016,51,1875,1,CECILLE
81057,3/30/2015,157657,2015,51,1875,1,ALLAN
81057,11/12/2014,155795,2014,51,1725,1,ALLAN
81057,2/28/2014,13-478,2013,51,1425,1,ALLAN
81217,1/15/2025,199617,2025,51,2600,1,ALLAN
81217,1/15/2024,192998,2024,51,2600,1,ALLAN
81217,1/19/2023,186866,2023,51,2500,1,ALLAN
81217,1/31/2022,180826,2022,51,2500,1,ALLAN
81217,4/26/2021,21-036,2021,51,1725,1,ALLAN
81217,1/14/2020,174589,2020,51,1725,1,ALLAN
81217,2/26/2019,171339,2019,51,1725,1,ALLAN
81217,3/7/2018,168289,2018,51,1725,1,ALLAN
81217,3/13/2017,164480,2017,51,1875,1,ALLAN
81217,2/10/2016,160667,2016,51,1875,1,CECILLE
81217,3/30/2015,157657,2015,51,1875,1,ALLAN
81217,1/7/2015,156315,2014,51,1725,1,ALLAN
81271,3/28/2025,434,2025,15,2600,1,ALLAN
81271,2/14/2024,193859,2024,15,2600,1,ALLAN
81271,2/7/2023,187280,2023,15,2500,1,ALLAN
81271,2/21/2022,181212,2022,15,2500,1,ALLAN
81271,1/20/2021,177272,2021,15,1725,1,ALLAN
81271,2/14/2020,175325,2020,15,1725,1,ALLAN
81271,3/18/2019,171697,2019,15,1725,1,ALLAN
81271,2/26/2018,168180,2018,15,1725,1,ALLAN
81271,3/15/2017,164578,2017,15,1875,1,ALLAN
81271,3/28/2016,161323,2016,15,1875,1,ALLAN
81271,3/28/2016,161323,2015,15,1875,1,ALLAN
81344,1/15/2025,199617,2025,51,2600,1,ALLAN
81344,1/15/2024,192998,2024,51,2600,1,ALLAN
81344,1/19/2023,186866,2023,51,2500,1,ALLAN
81344,1/31/2022,180826,2022,51,2500,1,ALLAN
81344,4/26/2021,21-036,2021,51,1725,1,ALLAN
81344,1/14/2020,174589,2020,51,1725,1,ALLAN
81344,2/26/2019,171339,2019,51,1725,1,ALLAN
81344,3/7/2018,168289,2018,51,1725,1,ALLAN
81344,11/28/2017,166823,2017,51,1875,1,CECILLE
81344,2/10/2016,160667,2016,51,1875,1,CECILLE
81344,2/10/2016,160667,2015,51,1875,1,CECILLE
81345,1/15/2025,199617,2025,51,2600,1,ALLAN
81345,1/15/2024,192998,2024,51,2600,1,ALLAN
81345,1/19/2023,186866,2023,51,2500,1,ALLAN
81345,1/31/2022,180826,2022,51,2500,1,ALLAN
81345,4/26/2021,21-036,2021,51,1725,1,ALLAN
81345,1/14/2020,174589,2020,51,1725,1,ALLAN
81345,2/26/2019,171339,2019,51,1725,1,ALLAN
81345,3/7/2018,168289,2018,51,1725,1,ALLAN
81345,3/13/2017,164480,2017,51,1875,1,ALLAN
81345,2/10/2016,160667,2016,51,1875,1,CECILLE
81345,3/30/2015,157657,2015,51,1875,1,ALLAN
81345,1/7/2015,156315,2014,51,1725,1,ALLAN
81587,11/19/2024,198847,2025,31,2600,1,ALLAN
81587,1/25/2024,193344,2024,31,2600,1,ALLAN
81587,2/17/2023,187523,2023,31,2500,1,ALLAN
81587,2/17/2023,187523,2022,31,2500,1,ALLAN
81587,2/17/2023,187523,2021,31,1725,1,ALLAN
81592,8/6/2025,2322,2026,31,2850,1,CECILLE
81592,11/19/2024,198847,2025,31,2600,1,ALLAN
81592,1/25/2024,193344,2024,31,2600,1,ALLAN
81592,2/17/2023,187523,2023,31,2500,1,ALLAN
81592,2/22/2022,181252,2022,31,2500,1,ALLAN
81592,2/17/2021,177790,2021,31,1725,1,ALLAN
81592,1/30/2020,175050,2020,31,1725,1,ALLAN
81592,1/7/2019,170659,2019,31,1725,1,ALLAN
81592,11/20/2017,166630,2018,31,1725,1,ALLAN
81592,1/5/2017,163486,2017,31,1875,1,ALLAN
81592,3/10/2016,161018,2016,31,1875,1,ALLAN
81592,3/2/2015,157154,2015,31,1875,1,CECILLE
81592,10/8/2014,155350,2014,31,1725,1,ALLAN
81593,11/19/2024,198847,2025,31,2600,1,ALLAN
81593,1/25/2024,193344,2024,31,2600,1,ALLAN
81593,2/17/2023,187523,2023,31,2500,1,ALLAN
81593,2/22/2022,181252,2022,31,2500,1,ALLAN
81593,2/17/2021,177790,2021,31,1725,1,ALLAN
81593,1/30/2020,175050,2020,31,1725,1,ALLAN
81593,1/7/2019,170659,2019,31,1725,1,ALLAN
81593,1/11/2018,167533,2018,31,1725,1,ALLAN
81593,1/5/2017,163486,2017,31,1875,1,ALLAN
81593,3/30/2016,161338,2016,31,1875,1,ALLAN
81593,3/2/2015,157154,2015,31,1875,1,CECILLE
81593,10/8/2014,155350,2014,31,1725,1,ALLAN
81620,1/15/2025,199617,2025,51,2600,1,ALLAN
81620,1/15/2024,192998,2024,51,2600,1,ALLAN
81620,1/19/2023,186866,2023,51,2500,1,ALLAN
81620,1/31/2022,180826,2022,51,2500,1,ALLAN
81620,4/26/2021,21-036,2021,51,1725,1,ALLAN
81620,1/14/2020,174589,2020,51,1725,1,ALLAN
81620,2/26/2019,171339,2019,51,1725,1,ALLAN
81620,3/7/2018,168289,2018,51,1725,1,ALLAN
81620,3/13/2017,164480,2017,51,1875,1,ALLAN
81620,2/10/2016,160667,2016,51,1875,1,CECILLE
81620,3/30/2015,157657,2015,51,1875,1,ALLAN
81620,1/7/2015,156315,2014,51,1725,1,ALLAN
81621,1/15/2025,199617,2025,51,2600,1,ALLAN
81621,1/15/2024,192998,2024,51,2600,1,ALLAN
81621,1/19/2023,186866,2023,51,2500,1,ALLAN
81621,1/31/2022,180826,2022,51,2500,1,ALLAN
81621,4/26/2021,21-036,2021,51,1725,1,ALLAN
81621,1/14/2020,174589,2020,51,1725,1,ALLAN
81621,2/26/2019,171339,2019,51,1725,1,ALLAN
81621,3/7/2018,168289,2018,51,1725,1,ALLAN
81621,3/13/2017,164480,2017,51,1875,1,ALLAN
81621,2/10/2016,160667,2016,51,1875,1,CECILLE
81621,3/30/2015,157657,2015,51,1875,1,ALLAN
81621,1/7/2015,156315,2014,51,1725,1,ALLAN
81622,1/15/2025,199617,2025,51,2600,1,ALLAN
81622,1/15/2024,192998,2024,51,2600,1,ALLAN
81622,1/19/2023,186866,2023,51,2500,1,ALLAN
81622,1/31/2022,180826,2022,51,2500,1,ALLAN
81622,4/26/2021,21-036,2021,51,1725,1,ALLAN
81622,1/14/2020,174589,2020,51,1725,1,ALLAN
81622,2/26/2019,171339,2019,51,1725,1,ALLAN
81622,3/7/2018,168289,2018,51,1725,1,ALLAN
81622,3/13/2017,164480,2017,51,1875,1,ALLAN
81622,2/10/2016,160667,2016,51,1875,1,CECILLE
81622,3/30/2015,157657,2015,51,1875,1,ALLAN
81622,1/7/2015,156315,2014,51,1725,1,ALLAN
81624,1/15/2025,199617,2025,51,2600,1,ALLAN
81624,1/15/2024,192998,2024,51,2600,1,ALLAN
81624,1/19/2023,186866,2023,51,2500,1,ALLAN
81624,1/31/2022,180826,2022,51,2500,1,ALLAN
81624,4/26/2021,21-036,2021,51,1725,1,ALLAN
81624,1/14/2020,174589,2020,51,1725,1,ALLAN
81624,2/26/2019,171339,2019,51,1725,1,ALLAN
81624,3/7/2018,168289,2018,51,1725,1,ALLAN
81624,3/13/2017,164480,2017,51,1875,1,ALLAN
81624,2/10/2016,160667,2016,51,1875,1,CECILLE
81624,3/30/2015,157657,2015,51,1875,1,ALLAN
81624,1/7/2015,156315,2014,51,1725,1,ALLAN
81625,1/15/2025,199617,2025,51,2600,1,ALLAN
81625,1/15/2024,192998,2024,51,2600,1,ALLAN
81625,1/19/2023,186866,2023,51,2500,1,ALLAN
81625,1/31/2022,180826,2022,51,2500,1,ALLAN
81625,4/26/2021,21-036,2021,51,1725,1,ALLAN
81625,1/14/2020,174589,2020,51,1725,1,ALLAN
81625,2/26/2019,171339,2019,51,1725,1,ALLAN
81625,3/7/2018,168289,2018,51,1725,1,ALLAN
81625,3/13/2017,164480,2017,51,1875,1,ALLAN
81625,2/10/2016,160667,2016,51,1875,1,CECILLE
81625,3/30/2015,157657,2015,51,1875,1,ALLAN
81625,1/7/2015,156315,2014,51,1725,1,ALLAN
81626,1/31/2022,180826,2022,51,2500,1,ALLAN
81626,4/26/2021,21-036,2021,51,1725,1,ALLAN
81626,1/14/2020,174589,2020,51,1725,1,ALLAN
81626,2/26/2019,171339,2019,51,1725,1,ALLAN
81626,3/7/2018,168289,2018,51,1725,1,ALLAN
81626,3/13/2017,164480,2017,51,1875,1,ALLAN
81626,2/10/2016,160667,2016,51,1875,1,CECILLE
81626,3/30/2015,157657,2015,51,1875,1,ALLAN
81626,1/7/2015,156315,2014,51,1725,1,ALLAN
81788,1/15/2025,199617,2025,51,2600,1,ALLAN
81788,1/15/2024,192998,2024,51,2600,1,ALLAN
81788,1/19/2023,186866,2023,51,2500,1,ALLAN
81788,1/31/2022,180826,2022,51,2500,1,ALLAN
81788,4/26/2021,21-036,2021,51,1725,1,ALLAN
81788,1/14/2020,174589,2020,51,1725,1,ALLAN
81788,2/26/2019,171339,2019,51,1725,1,ALLAN
81788,3/7/2018,168289,2018,51,1725,1,ALLAN
81788,3/13/2017,164480,2017,51,1875,1,ALLAN
81788,2/10/2016,160667,2016,51,1875,1,CECILLE
81788,2/10/2016,160667,2015,51,1875,1,CECILLE
81789,1/15/2025,199617,2025,51,2600,1,ALLAN
81789,1/15/2024,192998,2024,51,2600,1,ALLAN
81789,1/19/2023,186866,2023,51,2500,1,ALLAN
81789,1/31/2022,180826,2022,51,2500,1,ALLAN
81789,4/26/2021,21-036,2021,51,1725,1,ALLAN
81789,1/14/2020,174589,2020,51,1725,1,ALLAN
81789,2/26/2019,171339,2019,51,1725,1,ALLAN
81789,3/7/2018,168289,2018,51,1725,1,ALLAN
81789,3/13/2017,164480,2017,51,1875,1,ALLAN
81789,2/10/2016,160667,2016,51,1875,1,CECILLE
81789,2/10/2016,160667,2015,51,1875,1,CECILLE
81790,1/15/2025,199617,2025,51,2600,1,ALLAN
81790,1/15/2024,192998,2024,51,2600,1,ALLAN
81790,1/19/2023,186866,2023,51,2500,1,ALLAN
81790,1/31/2022,180826,2022,51,2500,1,ALLAN
81790,4/26/2021,21-036,2021,51,1725,1,ALLAN
81790,1/14/2020,174589,2020,51,1725,1,ALLAN
81790,2/26/2019,171339,2019,51,1725,1,ALLAN
81790,3/7/2018,168289,2018,51,1725,1,ALLAN
81790,3/13/2017,164480,2017,51,1875,1,ALLAN
81790,2/10/2016,160667,2016,51,1875,1,CECILLE
81790,2/10/2016,160667,2015,51,1875,1,CECILLE
81854,11/19/2024,198847,2025,31,2600,1,ALLAN
81854,1/25/2024,193344,2024,31,2600,1,ALLAN
81854,2/17/2023,187523,2023,31,2500,1,ALLAN
81854,2/22/2022,181252,2022,31,2500,1,ALLAN
81854,2/17/2021,177790,2021,31,1725,1,ALLAN
81854,1/30/2020,175050,2020,31,1725,1,ALLAN
81854,1/7/2019,170659,2019,31,1725,1,ALLAN
81854,1/11/2018,167533,2018,31,1725,1,ALLAN
81854,1/5/2017,163486,2017,31,1875,1,ALLAN
81854,2/19/2016,160788,2016,31,1875,1,CECILLE
81854,5/27/2015,158404,2015,31,1875,1,CECILLE
81907,1/14/2025,199569,2025,352,2600,1,ALLAN
81907,1/15/2024,193026,2024,352,2600,1,ALLAN
81907,1/13/2023,186719,2023,352,2500,1,ALLAN
81907,1/24/2022,180712,2022,352,2500,1,ALLAN
81907,1/21/2021,177315,2021,352,1725,1,ALLAN
81907,12/23/2019,174298,2020,352,1725,1,ALLAN
81907,1/15/2019,170816,2019,352,1725,1,ALLAN
81907,1/18/2018,167690,2018,352,1725,1,ALLAN
81907,1/18/2018,167690,2017,352,1875,1,ALLAN
81908,1/14/2025,199569,2025,352,2600,1,ALLAN
81908,1/15/2024,193026,2024,352,2600,1,ALLAN
81908,1/13/2023,186719,2023,352,2500,1,ALLAN
81908,1/24/2022,180712,2022,352,2500,1,ALLAN
81908,1/21/2021,177315,2021,352,1725,1,ALLAN
81908,12/23/2019,174298,2020,352,1725,1,ALLAN
81908,1/15/2019,170816,2019,352,1725,1,ALLAN
81908,1/18/2018,167690,2018,352,1725,1,ALLAN
81908,1/20/2017,163781,2017,352,1875,1,ALLAN
81908,1/15/2016,160363,2016,352,1875,1,ALLAN
81908,8/8/2015,158922,2015,352,1875,1,ALLAN
81967,1/20/2025,199746,2025,69,2600,1,ALLAN
81967,1/31/2024,193512,2024,69,2600,1,ALLAN
81967,12/29/2022,186474,2023,69,2500,1,ALLAN
81967,4/11/2022,22-007,2022,69,2500,1,ALLAN
81967,4/26/2021,21-039,2021,69,1725,1,ALLAN
81967,1/16/2020,174693,2020,69,1725,1,ALLAN
81967,1/18/2019,170872,2019,69,1725,1,ALLAN
81967,1/8/2018,167477,2018,69,1725,1,ALLAN
81967,3/14/2017,164497,2017,69,1875,1,ALLAN
81967,3/14/2017,164497,2016,69,1875,1,ALLAN
82064,3/28/2025,434,2025,15,2600,1,ALLAN
82064,2/14/2024,193859,2024,15,2600,1,ALLAN
82064,2/7/2023,187280,2023,15,2500,1,ALLAN
82064,2/21/2022,181212,2022,15,2500,1,ALLAN
82064,1/20/2021,177272,2021,15,1725,1,ALLAN
82064,2/14/2020,175325,2020,15,1725,1,ALLAN
82064,3/18/2019,171697,2019,15,1725,1,ALLAN
82064,2/26/2018,168180,2018,15,1725,1,ALLAN
82064,3/15/2017,164578,2017,15,1875,1,ALLAN
82064,3/28/2016,161323,2016,15,1875,1,ALLAN
82064,3/28/2016,161323,2015,15,1875,1,ALLAN
82113,1/14/2025,199569,2025,352,2600,1,ALLAN
82113,1/15/2024,193026,2024,352,2600,1,ALLAN
82113,1/13/2023,186719,2023,352,2500,1,ALLAN
82113,1/24/2022,180712,2022,352,2500,1,ALLAN
82113,1/21/2021,177315,2021,352,1725,1,ALLAN
82113,12/23/2019,174298,2020,352,1725,1,ALLAN
82113,1/15/2019,170816,2019,352,1725,1,ALLAN
82113,1/18/2018,167690,2018,352,1725,1,ALLAN
82113,1/20/2017,163781,2017,352,1875,1,ALLAN
82113,9/8/2016,162568,2016,352,1875,1,ALLAN
82114,1/14/2025,199569,2025,352,2600,1,ALLAN
82114,1/15/2024,193026,2024,352,2600,1,ALLAN
82114,1/13/2023,186719,2023,352,2500,1,ALLAN
82114,1/24/2022,180712,2022,352,2500,1,ALLAN
82114,1/21/2021,177315,2021,352,1725,1,ALLAN
82114,12/23/2019,174298,2020,352,1725,1,ALLAN
82114,1/15/2019,170816,2019,352,1725,1,ALLAN
82114,1/18/2018,167690,2018,352,1725,1,ALLAN
82114,1/20/2017,163781,2017,352,1875,1,ALLAN
82114,12/6/2016,163310,2016,352,1875,1,CECILLE
82115,1/14/2025,199569,2025,352,2600,1,ALLAN
82115,1/15/2024,193026,2024,352,2600,1,ALLAN
82115,1/13/2023,186719,2023,352,2500,1,ALLAN
82115,1/24/2022,180712,2022,352,2500,1,ALLAN
82115,1/21/2021,177315,2021,352,1725,1,ALLAN
82115,12/23/2019,174298,2020,352,1725,1,ALLAN
82115,1/15/2019,170816,2019,352,1725,1,ALLAN
82115,1/15/2019,170816,2018,352,1725,1,ALLAN
82116,1/24/2022,180712,2022,352,2500,1,ALLAN
82116,1/21/2021,177315,2021,352,1725,1,ALLAN
82116,12/23/2019,174298,2020,352,1725,1,ALLAN
82116,1/15/2019,170816,2019,352,1725,1,ALLAN
82116,1/18/2018,167690,2018,352,1725,1,ALLAN
82116,1/18/2018,167690,2017,352,1875,1,ALLAN
82136,1/14/2025,199569,2025,352,2600,1,ALLAN
82136,1/15/2024,193026,2024,352,2600,1,ALLAN
82136,1/13/2023,186719,2023,352,2500,1,ALLAN
82136,1/24/2022,180712,2022,352,2500,1,ALLAN
82136,1/21/2021,177315,2021,352,1725,1,ALLAN
82136,12/23/2019,174298,2020,352,1725,1,ALLAN
82136,1/15/2019,170816,2019,352,1725,1,ALLAN
82136,1/18/2018,167690,2018,352,1725,1,ALLAN
82136,1/20/2017,163781,2017,352,1875,1,ALLAN
82136,1/15/2016,160363,2016,352,1875,1,ALLAN
82136,3/16/2015,157430,2015,352,1875,1,CECILLE
82136,1/31/2015,156748,2014,352,1725,1,ALLAN
82313,1/14/2025,199569,2025,352,2600,1,ALLAN
82313,1/15/2024,193026,2024,352,2600,1,ALLAN
82313,1/13/2023,186719,2023,352,2500,1,ALLAN
82313,1/24/2022,180712,2022,352,2500,1,ALLAN
82313,1/21/2021,177315,2021,352,1725,1,ALLAN
82313,12/23/2019,174298,2020,352,1725,1,ALLAN
82313,1/15/2019,170816,2019,352,1725,1,ALLAN
82313,1/18/2018,167690,2018,352,1725,1,ALLAN
82313,1/20/2017,163781,2017,352,1875,1,ALLAN
82313,1/15/2016,160363,2016,352,1875,1,ALLAN
82313,3/16/2015,157430,2015,352,1875,1,CECILLE
82313,1/31/2015,156748,2014,352,1725,1,ALLAN
82400,11/19/2024,198847,2025,31,2600,1,ALLAN
82400,1/25/2024,193344,2024,31,2600,1,ALLAN
82400,2/17/2023,187523,2023,31,2500,1,ALLAN
82400,2/22/2022,181252,2022,31,2500,1,ALLAN
82400,2/17/2021,177790,2021,31,1725,1,ALLAN
82400,1/30/2020,175050,2020,31,1725,1,ALLAN
82400,9/19/2018,170022,2019,31,1725,1,CECILLE
82400,1/11/2018,167533,2018,31,1725,1,ALLAN
82400,1/5/2017,163486,2017,31,1875,1,ALLAN
82400,3/30/2016,161338,2016,31,1875,1,ALLAN
82400,4/1/2015,157799,2015,31,1875,1,ALLAN
82401,8/6/2025,2322,2026,31,2850,1,CECILLE
82401,11/12/2024,198757,2025,31,2600,1,ALLAN
82401,1/25/2024,193344,2024,31,2600,1,ALLAN
82401,2/17/2023,187523,2023,31,2500,1,ALLAN
82401,2/22/2022,181252,2022,31,2500,1,ALLAN
82401,2/17/2021,177790,2021,31,1725,1,ALLAN
82401,1/30/2020,175050,2020,31,1725,1,ALLAN
82401,9/19/2018,170022,2019,31,1725,1,CECILLE
82401,10/23/2017,166376,2018,31,1725,1,CECILLE
82401,10/24/2016,162945,2017,31,1875,1,ALLAN
82401,2/19/2016,160788,2016,31,1875,1,CECILLE
82401,3/16/2015,157425,2015,31,1875,1,CECILLE
82415,3/26/2025,389,2025,346,2600,1,ALLAN
82415,2/15/2024,193889,2024,346,2600,1,ALLAN
82415,1/13/2023,186720,2023,346,2500,1,ALLAN
82415,2/18/2022,181196,2022,346,2500,1,ALLAN
82415,2/18/2021,177813,2021,346,1725,1,ALLAN
82415,3/3/2020,175616,2020,346,1725,1,ALLAN
82415,1/11/2019,170733,2019,346,1725,1,ALLAN
82415,3/14/2018,168447,2018,346,1725,1,ALLAN
82415,3/15/2017,164589,2017,346,1875,1,ALLAN
82415,7/30/2016,16-148,2016,346,1875,1,ALLAN
82415,4/26/2016,161678,2015,346,1875,1,ALLAN
82416,3/26/2025,389,2025,346,2600,1,ALLAN
82416,2/15/2024,193889,2024,346,2600,1,ALLAN
82416,1/13/2023,186720,2023,346,2500,1,ALLAN
82416,2/18/2022,181196,2022,346,2500,1,ALLAN
82416,2/18/2021,177813,2021,346,1725,1,ALLAN
82416,3/3/2020,175616,2020,346,1725,1,ALLAN
82416,1/11/2019,170733,2019,346,1725,1,ALLAN
82416,3/14/2018,168447,2018,346,1725,1,ALLAN
82416,3/15/2017,164589,2017,346,1875,1,ALLAN
82416,3/15/2017,164589,2016,346,1875,1,ALLAN
82416,4/26/2016,161678,2015,346,1875,1,ALLAN
82417,3/26/2025,389,2025,346,2600,1,ALLAN
82417,2/15/2024,193889,2024,346,2600,1,ALLAN
82417,1/13/2023,186720,2023,346,2500,1,ALLAN
82417,2/18/2022,181196,2022,346,2500,1,ALLAN
82417,2/18/2021,177813,2021,346,1725,1,ALLAN
82417,3/3/2020,175616,2020,346,1725,1,ALLAN
82417,1/11/2019,170733,2019,346,1725,1,ALLAN
82417,3/14/2018,168447,2018,346,1725,1,ALLAN
82417,3/15/2017,164589,2017,346,1875,1,ALLAN
82417,7/30/2016,16-148,2016,346,1875,1,ALLAN
82417,4/26/2016,161678,2015,346,1875,1,ALLAN
82418,3/26/2025,389,2025,346,2600,1,ALLAN
82418,2/15/2024,193889,2024,346,2600,1,ALLAN
82418,1/13/2023,186720,2023,346,2500,1,ALLAN
82418,2/18/2022,181196,2022,346,2500,1,ALLAN
82418,2/18/2021,177813,2021,346,1725,1,ALLAN
82418,3/3/2020,175616,2020,346,1725,1,ALLAN
82418,1/11/2019,170733,2019,346,1725,1,ALLAN
82418,3/14/2018,168447,2018,346,1725,1,ALLAN
82418,3/15/2017,164589,2017,346,1875,1,ALLAN
82418,3/15/2017,164589,2016,346,1875,1,ALLAN
82418,4/26/2016,161678,2015,346,1875,1,ALLAN
82816,11/19/2024,198847,2025,31,2600,1,ALLAN
82816,1/25/2024,193344,2024,31,2600,1,ALLAN
82816,3/7/2023,187908,2023,31,2500,1,ALLAN
82816,2/22/2022,181252,2022,31,2500,1,ALLAN
82816,2/17/2021,177790,2021,31,1725,1,ALLAN
82816,1/30/2020,175050,2020,31,1725,1,ALLAN
82816,1/7/2019,170659,2019,31,1725,1,ALLAN
82816,1/11/2018,167533,2018,31,1725,1,ALLAN
82816,1/5/2017,163486,2017,31,1875,1,ALLAN
82816,3/10/2016,161018,2016,31,1875,1,ALLAN
82816,7/28/2015,158835,2015,31,1875,1,CECILLE
82907,1/14/2025,199569,2025,352,2600,1,ALLAN
82907,1/15/2024,193026,2024,352,2600,1,ALLAN
82907,1/13/2023,186719,2023,352,2500,1,ALLAN
82907,1/24/2022,180712,2022,352,2500,1,ALLAN
82907,1/21/2021,177315,2021,352,1725,1,ALLAN
82907,12/23/2019,174298,2020,352,1725,1,ALLAN
82907,1/15/2019,170816,2019,352,1725,1,ALLAN
82907,1/18/2018,167690,2018,352,1725,1,ALLAN
82907,1/20/2017,163781,2017,352,1875,1,ALLAN
82907,1/15/2016,160363,2016,352,1875,1,ALLAN
82907,8/8/2015,158922,2015,352,1875,1,ALLAN
82908,1/14/2025,199569,2025,352,2600,1,ALLAN
82908,1/15/2024,193026,2024,352,2600,1,ALLAN
82908,1/13/2023,186719,2023,352,2500,1,ALLAN
82908,1/24/2022,180712,2022,352,2500,1,ALLAN
82908,1/21/2021,177315,2021,352,1725,1,ALLAN
82908,12/23/2019,174298,2020,352,1725,1,ALLAN
82908,1/15/2019,170816,2019,352,1725,1,ALLAN
82908,1/18/2018,167690,2018,352,1725,1,ALLAN
82908,1/18/2018,167690,2017,352,1875,1,ALLAN
83033,1/14/2025,199569,2025,352,2600,1,ALLAN
83033,1/15/2024,193026,2024,352,2600,1,ALLAN
83033,1/13/2023,186719,2023,352,2500,1,ALLAN
83033,1/24/2022,180712,2022,352,2500,1,ALLAN
83033,1/21/2021,177315,2021,352,1725,1,ALLAN
83033,12/23/2019,174298,2020,352,1725,1,ALLAN
83033,1/15/2019,170816,2019,352,1725,1,ALLAN
83033,1/18/2018,167690,2018,352,1725,1,ALLAN
83033,1/20/2017,163781,2017,352,1875,1,ALLAN
83033,12/6/2016,163310,2016,352,1875,1,CECILLE
83034,1/14/2025,199569,2025,352,2600,1,ALLAN
83034,1/15/2024,193026,2024,352,2600,1,ALLAN
83034,1/13/2023,186719,2023,352,2500,1,ALLAN
83034,1/24/2022,180712,2022,352,2500,1,ALLAN
83034,1/21/2021,177315,2021,352,1725,1,ALLAN
83034,12/23/2019,174298,2020,352,1725,1,ALLAN
83034,1/15/2019,170816,2019,352,1725,1,ALLAN
83034,1/15/2019,170816,2018,352,1725,1,ALLAN
83063,11/19/2024,198847,2025,31,2600,1,ALLAN
83063,1/25/2024,193344,2024,31,2600,1,ALLAN
83063,2/17/2023,187523,2023,31,2500,1,ALLAN
83063,2/22/2022,181252,2022,31,2500,1,ALLAN
83063,2/17/2021,177790,2021,31,1725,1,ALLAN
83063,1/30/2020,175050,2020,31,1725,1,ALLAN
83063,1/7/2019,170659,2019,31,1725,1,ALLAN
83063,1/11/2018,167533,2018,31,1725,1,ALLAN
83063,1/5/2017,163486,2017,31,1875,1,ALLAN
83063,2/19/2016,160788,2016,31,1875,1,CECILLE
83063,8/25/2015,159041,2015,31,1875,1,CECILLE
83064,11/19/2024,198847,2025,31,2600,1,ALLAN
83064,1/25/2024,193344,2024,31,2600,1,ALLAN
83064,3/7/2023,187908,2023,31,2500,1,ALLAN
83064,2/22/2022,181252,2022,31,2500,1,ALLAN
83064,2/17/2021,177790,2021,31,1725,1,ALLAN
83064,1/30/2020,175050,2020,31,1725,1,ALLAN
83064,1/7/2019,170659,2019,31,1725,1,ALLAN
83064,1/11/2018,167533,2018,31,1725,1,ALLAN
83064,1/5/2017,163486,2017,31,1875,1,ALLAN
83064,3/30/2016,161338,2016,31,1875,1,ALLAN
83064,11/25/2015,159832,2015,31,1875,1,CECILLE
83065,11/19/2024,198847,2025,31,2600,1,ALLAN
83065,1/25/2024,193344,2024,31,2600,1,ALLAN
83065,2/17/2023,187523,2023,31,2500,1,ALLAN
83065,2/22/2022,181252,2022,31,2500,1,ALLAN
83065,2/17/2021,177790,2021,31,1725,1,ALLAN
83065,1/30/2020,175050,2020,31,1725,1,ALLAN
83065,1/7/2019,170659,2019,31,1725,1,ALLAN
83065,1/11/2018,167533,2018,31,1725,1,ALLAN
83065,3/27/2017,164746,2017,31,1875,1,ALLAN
83066,11/19/2024,198847,2025,31,2600,1,ALLAN
83066,1/25/2024,193344,2024,31,2600,1,ALLAN
83066,2/17/2023,187523,2023,31,2500,1,ALLAN
83066,2/22/2022,181252,2022,31,2500,1,ALLAN
83066,2/17/2021,177790,2021,31,1725,1,ALLAN
83066,1/30/2020,175050,2020,31,1725,1,ALLAN
83066,1/7/2019,170659,2019,31,1725,1,ALLAN
83066,11/20/2017,166630,2018,31,1725,1,ALLAN
83066,1/5/2017,163486,2017,31,1875,1,ALLAN
83066,6/8/2016,161932,2016,31,1875,1,CECILLE
83067,11/19/2024,198847,2025,31,2600,1,ALLAN
83067,1/25/2024,193344,2024,31,2600,1,ALLAN
83067,3/7/2023,187908,2023,31,2500,1,ALLAN
83067,2/22/2022,181252,2022,31,2500,1,ALLAN
83067,2/17/2021,177790,2021,31,1725,1,ALLAN
83067,1/30/2020,175050,2020,31,1725,1,ALLAN
83067,1/7/2019,170659,2019,31,1725,1,ALLAN
83067,1/11/2018,167533,2018,31,1725,1,ALLAN
83067,1/5/2017,163486,2017,31,1875,1,ALLAN
83067,3/10/2016,161018,2016,31,1875,1,ALLAN
83067,11/25/2015,159832,2015,31,1875,1,CECILLE
83163,3/26/2025,389,2025,346,2600,1,ALLAN
83163,2/15/2024,193889,2024,346,2600,1,ALLAN
83163,1/13/2023,186720,2023,346,2500,1,ALLAN
83163,2/18/2022,181196,2022,346,2500,1,ALLAN
83163,2/18/2021,177813,2021,346,1725,1,ALLAN
83163,3/3/2020,175616,2020,346,1725,1,ALLAN
83163,1/11/2019,170733,2019,346,1725,1,ALLAN
83163,3/14/2018,168447,2018,346,1725,1,ALLAN
83163,3/15/2017,164589,2017,346,1875,1,ALLAN
83163,3/15/2017,164589,2016,346,1875,1,ALLAN
83164,3/26/2025,389,2025,346,2600,1,ALLAN
83164,2/15/2024,193889,2024,346,2600,1,ALLAN
83164,1/13/2023,186720,2023,346,2500,1,ALLAN
83164,2/18/2022,181196,2022,346,2500,1,ALLAN
83164,2/18/2021,177813,2021,346,1725,1,ALLAN
83164,3/3/2020,175616,2020,346,1725,1,ALLAN
83164,1/11/2019,170733,2019,346,1725,1,ALLAN
83164,3/14/2018,168447,2018,346,1725,1,ALLAN
83164,3/15/2017,164589,2017,346,1875,1,ALLAN
83164,3/15/2017,164589,2016,346,1875,1,ALLAN
83165,3/26/2025,389,2025,346,2600,1,ALLAN
83165,2/15/2024,193889,2024,346,2600,1,ALLAN
83165,1/13/2023,186720,2023,346,2500,1,ALLAN
83165,2/18/2022,181196,2022,346,2500,1,ALLAN
83165,2/18/2021,177813,2021,346,1725,1,ALLAN
83165,3/3/2020,175616,2020,346,1725,1,ALLAN
83165,1/11/2019,170733,2019,346,1725,1,ALLAN
83165,3/14/2018,168447,2018,346,1725,1,ALLAN
83165,3/15/2017,164589,2017,346,1875,1,ALLAN
83165,3/15/2017,164589,2016,346,1875,1,ALLAN
83173,1/20/2025,199746,2025,69,2600,1,ALLAN
83173,1/31/2024,193512,2024,69,2600,1,ALLAN
83173,12/29/2022,186474,2023,69,2500,1,ALLAN
83173,4/11/2022,22-007,2022,69,2500,1,ALLAN
83173,4/26/2021,21-039,2021,69,1725,1,ALLAN
83173,1/16/2020,174693,2020,69,1725,1,ALLAN
83173,1/18/2019,170872,2019,69,1725,1,ALLAN
83173,1/24/2018,167766,2018,69,1725,1,ALLAN
83173,1/8/2018,167476,2017,69,1875,1,ALLAN
83286,11/19/2024,198847,2025,31,2600,1,ALLAN
83286,1/25/2024,193344,2024,31,2600,1,ALLAN
83286,2/17/2023,187523,2023,31,2500,1,ALLAN
83286,2/22/2022,181252,2022,31,2500,1,ALLAN
83286,2/17/2021,177790,2021,31,1725,1,ALLAN
83286,1/30/2020,175050,2020,31,1725,1,ALLAN
83286,1/7/2019,170659,2019,31,1725,1,ALLAN
83286,1/11/2018,167533,2018,31,1725,1,ALLAN
83286,1/5/2017,163486,2017,31,1875,1,ALLAN
83286,1/5/2017,163487,2016,31,1875,1,ALLAN
83287,11/19/2024,198847,2025,31,2600,1,ALLAN
83287,1/25/2024,193344,2024,31,2600,1,ALLAN
83287,2/17/2023,187523,2023,31,2500,1,ALLAN
83287,2/22/2022,181252,2022,31,2500,1,ALLAN
83287,2/17/2021,177790,2021,31,1725,1,ALLAN
83287,1/30/2020,175050,2020,31,1725,1,ALLAN
83287,1/7/2019,170659,2019,31,1725,1,ALLAN
83287,1/11/2018,167533,2018,31,1725,1,ALLAN
83287,1/5/2017,163486,2017,31,1875,1,ALLAN
83287,1/5/2017,163487,2016,31,1875,1,ALLAN
83290,11/19/2024,198847,2025,31,2600,1,ALLAN
83290,1/25/2024,193344,2024,31,2600,1,ALLAN
83290,3/7/2023,187908,2023,31,2500,1,ALLAN
83290,2/22/2022,181252,2022,31,2500,1,ALLAN
83290,2/17/2021,177790,2021,31,1725,1,ALLAN
83290,1/30/2020,175050,2020,31,1725,1,ALLAN
83290,1/7/2019,170659,2019,31,1725,1,ALLAN
83290,1/11/2018,167533,2018,31,1725,1,ALLAN
83290,1/5/2017,163486,2017,31,1875,1,ALLAN
83290,1/5/2017,163487,2016,31,1875,1,ALLAN
83792,3/28/2025,434,2025,15,2600,1,ALLAN
83792,2/14/2024,193859,2024,15,2600,1,ALLAN
83792,2/7/2023,187280,2023,15,2500,1,ALLAN
83792,2/21/2022,181212,2022,15,2500,1,ALLAN
83792,1/20/2021,177272,2021,15,1725,1,ALLAN
83792,2/14/2020,175325,2020,15,1725,1,ALLAN
83792,3/18/2019,171697,2019,15,1725,1,ALLAN
83792,2/26/2018,168180,2018,15,1725,1,ALLAN
83792,3/13/2018,168410,2017,15,1875,1,ALLAN
83794,3/28/2025,434,2025,15,2600,1,ALLAN
83794,2/14/2024,193859,2024,15,2600,1,ALLAN
83794,2/7/2023,187280,2023,15,2500,1,ALLAN
83794,2/21/2022,181212,2022,15,2500,1,ALLAN
83794,1/20/2021,177272,2021,15,1725,1,ALLAN
83794,1/20/2021,177272,2020,15,1725,1,ALLAN
83794,1/20/2021,177272,2019,15,1725,1,ALLAN
83795,3/28/2025,434,2025,15,2600,1,ALLAN
83795,2/14/2024,193859,2024,15,2600,1,ALLAN
83795,2/7/2023,187280,2023,15,2500,1,ALLAN
83795,2/21/2022,181212,2022,15,2500,1,ALLAN
83795,1/20/2021,177272,2021,15,1725,1,ALLAN
83795,2/14/2020,175325,2020,15,1725,1,ALLAN
83795,3/18/2019,171697,2019,15,1725,1,ALLAN
83795,2/26/2018,168180,2018,15,1725,1,ALLAN
83795,3/13/2018,168410,2017,15,1875,1,ALLAN
83796,3/28/2025,434,2025,15,2600,1,ALLAN
83796,2/14/2024,193859,2024,15,2600,1,ALLAN
83796,2/7/2023,187280,2023,15,2500,1,ALLAN
83796,2/21/2022,181212,2022,15,2500,1,ALLAN
83796,1/20/2021,177272,2021,15,1725,1,ALLAN
83796,2/14/2020,175325,2020,15,1725,1,ALLAN
83796,3/18/2019,171697,2019,15,1725,1,ALLAN
83796,2/26/2018,168180,2018,15,1725,1,ALLAN
83796,3/13/2018,168410,2017,15,1875,1,ALLAN
83797,3/28/2025,434,2025,15,2600,1,ALLAN
83797,2/14/2024,193859,2024,15,2600,1,ALLAN
83797,2/7/2023,187280,2023,15,2500,1,ALLAN
83797,2/21/2022,181212,2022,15,2500,1,ALLAN
83797,1/20/2021,177272,2021,15,1725,1,ALLAN
83797,2/14/2020,175325,2020,15,1725,1,ALLAN
83797,3/18/2019,171697,2019,15,1725,1,ALLAN
83797,2/26/2018,168180,2018,15,1725,1,ALLAN
83797,3/13/2018,168410,2017,15,1875,1,ALLAN
83798,3/28/2025,434,2025,15,2600,1,ALLAN
83798,2/14/2024,193859,2024,15,2600,1,ALLAN
83798,2/7/2023,187280,2023,15,2500,1,ALLAN
83798,2/21/2022,181212,2022,15,2500,1,ALLAN
83798,1/20/2021,177272,2021,15,1725,1,ALLAN
83798,2/14/2020,175325,2020,15,1725,1,ALLAN
83798,3/18/2019,171697,2019,15,1725,1,ALLAN
83798,3/13/2018,168410,2018,15,1725,1,ALLAN
83798,3/13/2018,168410,2017,15,1875,1,ALLAN
83921,1/20/2025,199746,2025,69,2600,1,ALLAN
83921,1/31/2024,193512,2024,69,2600,1,ALLAN
83921,12/29/2022,186474,2023,69,2500,1,ALLAN
83921,4/11/2022,22-007,2022,69,2500,1,ALLAN
83921,4/26/2021,21-039,2021,69,1725,1,ALLAN
83921,1/16/2020,174693,2020,69,1725,1,ALLAN
83921,1/18/2019,170872,2019,69,1725,1,ALLAN
83921,1/24/2018,167766,2018,69,1725,1,ALLAN
83921,1/8/2018,167476,2017,69,1875,1,ALLAN
83922,1/20/2025,199746,2025,69,2600,1,ALLAN
83922,1/31/2024,193512,2024,69,2600,1,ALLAN
83922,12/29/2022,186474,2023,69,2500,1,ALLAN
83922,4/11/2022,22-007,2022,69,2500,1,ALLAN
83922,4/26/2021,21-039,2021,69,1725,1,ALLAN
83922,1/16/2020,174693,2020,69,1725,1,ALLAN
83922,1/18/2019,170872,2019,69,1725,1,ALLAN
83922,1/24/2018,167766,2018,69,1725,1,ALLAN
83922,1/8/2018,167476,2017,69,1875,1,ALLAN
83923,1/20/2025,199746,2025,69,2600,1,ALLAN
83923,1/31/2024,193512,2024,69,2600,1,ALLAN
83923,12/29/2022,186474,2023,69,2500,1,ALLAN
83923,4/11/2022,22-007,2022,69,2500,1,ALLAN
83923,4/26/2021,21-039,2021,69,1725,1,ALLAN
83923,1/16/2020,174693,2020,69,1725,1,ALLAN
83923,1/18/2019,170872,2019,69,1725,1,ALLAN
83923,1/24/2018,167766,2018,69,1725,1,ALLAN
83923,1/8/2018,167476,2017,69,1875,1,ALLAN
83938,3/26/2025,389,2025,346,2600,1,ALLAN
83938,2/15/2024,193889,2024,346,2600,1,ALLAN
83938,1/13/2023,186720,2023,346,2500,1,ALLAN
83938,2/18/2022,181196,2022,346,2500,1,ALLAN
83938,2/18/2021,177813,2021,346,1725,1,ALLAN
83938,3/3/2020,175616,2020,346,1725,1,ALLAN
83938,1/11/2019,170733,2019,346,1725,1,ALLAN
83938,3/14/2018,168447,2018,346,1725,1,ALLAN
83938,3/14/2018,168446,2017,346,1875,1,ALLAN
84011,3/26/2025,389,2025,346,2600,1,ALLAN
84011,2/15/2024,193889,2024,346,2600,1,ALLAN
84011,1/13/2023,186720,2023,346,2500,1,ALLAN
84011,2/18/2022,181196,2022,346,2500,1,ALLAN
84011,2/18/2021,177813,2021,346,1725,1,ALLAN
84011,3/3/2020,175616,2020,346,1725,1,ALLAN
84011,1/11/2019,170733,2019,346,1725,1,ALLAN
84011,7/28/2018,169671,2018,346,1725,1,ALLAN
84079,1/14/2025,199569,2025,352,2600,1,ALLAN
84079,1/15/2024,193026,2024,352,2600,1,ALLAN
84079,1/13/2023,186719,2023,352,2500,1,ALLAN
84079,1/13/2023,186719,2022,352,2500,1,ALLAN
84377,3/26/2025,389,2025,346,2600,1,ALLAN
84377,2/15/2024,193889,2024,346,2600,1,ALLAN
84377,1/13/2023,186720,2023,346,2500,1,ALLAN
84377,2/18/2022,181196,2022,346,2500,1,ALLAN
84377,2/18/2021,177813,2021,346,1725,1,ALLAN
84377,3/3/2020,175616,2020,346,1725,1,ALLAN
84377,1/11/2019,170733,2019,346,1725,1,ALLAN
84377,3/14/2018,168447,2018,346,1725,1,ALLAN
84377,3/14/2018,168446,2017,346,1875,1,ALLAN
84405,11/19/2024,198847,2025,31,2600,1,ALLAN
84405,1/25/2024,193344,2024,31,2600,1,ALLAN
84405,2/17/2023,187523,2023,31,2500,1,ALLAN
84405,2/22/2022,181252,2022,31,2500,1,ALLAN
84405,2/17/2021,177790,2021,31,1725,1,ALLAN
84405,1/30/2020,175050,2020,31,1725,1,ALLAN
84405,1/30/2020,175050,2019,31,1725,1,ALLAN
84527,11/19/2024,198847,2025,31,2600,1,ALLAN
84527,1/25/2024,193344,2024,31,2600,1,ALLAN
84527,2/17/2023,187523,2023,31,2500,1,ALLAN
84527,2/22/2022,181252,2022,31,2500,1,ALLAN
84527,2/17/2021,177790,2021,31,1725,1,ALLAN
84527,1/30/2020,175050,2020,31,1725,1,ALLAN
84527,1/7/2019,170659,2019,31,1725,1,ALLAN
84527,1/11/2018,167533,2018,31,1725,1,ALLAN
84527,12/28/2017,167339,2017,31,1875,1,CECILLE
84528,11/19/2024,198847,2025,31,2600,1,ALLAN
84528,1/25/2024,193344,2024,31,2600,1,ALLAN
84528,2/17/2023,187523,2023,31,2500,1,ALLAN
84528,2/22/2022,181252,2022,31,2500,1,ALLAN
84528,2/17/2021,177790,2021,31,1725,1,ALLAN
84528,2/17/2021,177790,2020,31,1725,1,ALLAN
84530,11/19/2024,198847,2025,31,2600,1,ALLAN
84530,1/25/2024,193344,2024,31,2600,1,ALLAN
84530,2/17/2023,187523,2023,31,2500,1,ALLAN
84530,2/22/2022,181252,2022,31,2500,1,ALLAN
84530,2/17/2021,177790,2021,31,1725,1,ALLAN
84530,1/30/2020,175050,2020,31,1725,1,ALLAN
84530,1/30/2020,175050,2019,31,1725,1,ALLAN
84581,1/20/2025,199746,2025,69,2600,1,ALLAN
84581,1/31/2024,193512,2024,69,2600,1,ALLAN
84581,12/29/2022,186474,2023,69,2500,1,ALLAN
84581,4/11/2022,22-007,2022,69,2500,1,ALLAN
84581,4/26/2021,21-039,2021,69,1725,1,ALLAN
84581,1/16/2020,174693,2020,69,1725,1,ALLAN
84581,1/18/2019,170872,2019,69,1725,1,ALLAN
84581,1/24/2018,167766,2018,69,1725,1,ALLAN
84581,1/8/2018,167476,2017,69,1875,1,ALLAN
84621,3/26/2025,389,2025,346,2600,1,ALLAN
84621,2/15/2024,193889,2024,346,2600,1,ALLAN
84621,1/13/2023,186720,2023,346,2500,1,ALLAN
84621,2/18/2022,181196,2022,346,2500,1,ALLAN
84621,2/18/2021,177813,2021,346,1725,1,ALLAN
84621,3/3/2020,175616,2020,346,1725,1,ALLAN
84621,1/11/2019,170733,2019,346,1725,1,ALLAN
84621,3/14/2018,168447,2018,346,1725,1,ALLAN
84621,3/14/2018,168446,2017,346,1875,1,ALLAN
84734,3/28/2025,434,2025,15,2600,1,ALLAN
84734,2/14/2024,193859,2024,15,2600,1,ALLAN
84734,2/7/2023,187280,2023,15,2500,1,ALLAN
84734,2/21/2022,181212,2022,15,2500,1,ALLAN
84734,1/20/2021,177272,2021,15,1725,1,ALLAN
84734,4/23/2021,21-015,2020,15,1725,1,ALLAN
84734,4/23/2021,21-015,2019,15,1725,1,ALLAN
84819,3/28/2025,434,2025,15,2600,1,ALLAN
84819,2/14/2024,193859,2024,15,2600,1,ALLAN
84819,2/7/2023,187280,2023,15,2500,1,ALLAN
84819,2/21/2022,181212,2022,15,2500,1,ALLAN
84819,1/20/2021,177272,2021,15,1725,1,ALLAN
84819,2/14/2020,175325,2020,15,1725,1,ALLAN
84819,2/14/2020,175325,2019,15,1725,1,ALLAN
84832,11/19/2024,198847,2025,31,2600,1,ALLAN
84832,1/25/2024,193344,2024,31,2600,1,ALLAN
84832,2/17/2023,187523,2023,31,2500,1,ALLAN
84832,2/22/2022,181252,2022,31,2500,1,ALLAN
84832,2/17/2021,177790,2021,31,1725,1,ALLAN
84832,1/30/2020,175050,2020,31,1725,1,ALLAN
84832,1/30/2020,175050,2019,31,1725,1,ALLAN
84833,11/19/2024,198847,2025,31,2600,1,ALLAN
84833,1/25/2024,193344,2024,31,2600,1,ALLAN
84833,2/17/2023,187523,2023,31,2500,1,ALLAN
84833,2/17/2023,187523,2022,31,2500,1,ALLAN
84833,2/17/2023,187523,2021,31,1725,1,ALLAN
84834,11/19/2024,198847,2025,31,2600,1,ALLAN
84834,1/25/2024,193344,2024,31,2600,1,ALLAN
84834,2/17/2023,187523,2023,31,2500,1,ALLAN
84834,2/17/2023,187523,2022,31,2500,1,ALLAN
84834,2/17/2023,187523,2021,31,1725,1,ALLAN
84941,2/15/2024,193889,2024,346,2600,1,ALLAN
84941,1/13/2023,186720,2023,346,2500,1,ALLAN
84941,2/18/2022,181196,2022,346,2500,1,ALLAN
84941,2/18/2021,177813,2021,346,1725,1,ALLAN
84941,3/3/2020,175616,2020,346,1725,1,ALLAN
84941,1/11/2019,170733,2019,346,1725,1,ALLAN
84941,4/30/2018,18-053,2018,346,1725,1,ALLAN
84941,11/8/2017,166533,2017,346,1875,1,ALLAN
84942,3/26/2025,389,2025,346,2600,1,ALLAN
84942,2/15/2024,193889,2024,346,2600,1,ALLAN
84942,1/13/2023,186720,2023,346,2500,1,ALLAN
84942,2/18/2022,181196,2022,346,2500,1,ALLAN
84942,2/18/2021,177813,2021,346,1725,1,ALLAN
84942,3/3/2020,175616,2020,346,1725,1,ALLAN
84942,1/11/2019,170733,2019,346,1725,1,ALLAN
84942,3/14/2018,168447,2018,346,1725,1,ALLAN
84942,11/8/2017,166533,2017,346,1875,1,ALLAN
84995,3/26/2025,389,2025,346,2600,1,ALLAN
84995,2/15/2024,193889,2024,346,2600,1,ALLAN
84995,1/13/2023,186720,2023,346,2500,1,ALLAN
84995,2/18/2022,181196,2022,346,2500,1,ALLAN
84995,2/18/2021,177813,2021,346,1725,1,ALLAN
84995,3/3/2020,175616,2020,346,1725,1,ALLAN
84995,6/19/2019,172506,2019,346,1725,1,CECILLE
85310,8/6/2025,2322,2026,31,2850,1,CECILLE
85310,11/19/2024,198847,2025,31,2600,1,ALLAN
85310,1/25/2024,193344,2024,31,2600,1,ALLAN
85310,2/17/2023,187523,2023,31,2500,1,ALLAN
85310,2/22/2022,181252,2022,31,2500,1,ALLAN
85310,2/17/2021,177790,2021,31,1725,1,ALLAN
85310,2/17/2021,177790,2020,31,1725,1,ALLAN
85332,3/26/2025,389,2025,346,2600,1,ALLAN
85332,2/15/2024,193889,2024,346,2600,1,ALLAN
85332,1/13/2023,186720,2023,346,2500,1,ALLAN
85332,2/18/2022,181196,2022,346,2500,1,ALLAN
85332,2/18/2021,177813,2021,346,1725,1,ALLAN
85332,4/26/2021,21-027,2020,346,1725,1,ALLAN
85333,3/26/2025,389,2025,346,2600,1,ALLAN
85333,2/15/2024,193889,2024,346,2600,1,ALLAN
85333,1/13/2023,186720,2023,346,2500,1,ALLAN
85333,2/18/2022,181196,2022,346,2500,1,ALLAN
85333,2/18/2021,177813,2021,346,1725,1,ALLAN
85333,3/3/2020,175616,2020,346,1725,1,ALLAN
85333,3/3/2020,175616,2019,346,1725,1,ALLAN
85334,3/26/2025,389,2025,346,2600,1,ALLAN
85334,2/15/2024,193889,2024,346,2600,1,ALLAN
85334,1/13/2023,186720,2023,346,2500,1,ALLAN
85334,2/18/2022,181196,2022,346,2500,1,ALLAN
85334,2/18/2021,177813,2021,346,1725,1,ALLAN
85334,3/3/2020,175616,2020,346,1725,1,ALLAN
85334,3/3/2020,175616,2019,346,1725,1,ALLAN
85488,3/28/2025,434,2025,15,2600,1,ALLAN
85488,2/14/2024,193859,2024,15,2600,1,ALLAN
85488,2/7/2023,187280,2023,15,2500,1,ALLAN
85488,2/7/2023,187280,2022,15,2500,1,ALLAN
85488,2/7/2023,187280,2021,15,1725,1,ALLAN
85488,2/7/2023,187280,2020,15,1525,1,ALLAN
85488,2/7/2023,187280,2019,15,1525,1,ALLAN
85488,2/7/2023,187280,2018,15,1525,1,ALLAN
85658,11/19/2024,198847,2025,31,2600,1,ALLAN
85658,1/25/2024,193344,2024,31,2600,1,ALLAN
85658,2/17/2023,187523,2023,31,2500,1,ALLAN
85658,2/22/2022,181252,2022,31,2500,1,ALLAN
85658,2/17/2021,177790,2021,31,1725,1,ALLAN
85658,1/30/2020,175050,2020,31,1725,1,ALLAN
85658,1/30/2020,175050,2019,31,1725,1,ALLAN
85659,11/19/2024,198847,2025,31,2600,1,ALLAN
85659,1/25/2024,193344,2024,31,2600,1,ALLAN
85659,2/17/2023,187523,2023,31,2500,1,ALLAN
85659,2/22/2022,181252,2022,31,2500,1,ALLAN
85659,2/17/2021,177790,2021,31,1725,1,ALLAN
85659,2/17/2021,177790,2020,31,1725,1,ALLAN
85795,3/26/2025,389,2025,346,2600,1,ALLAN
85795,2/15/2024,193889,2024,346,2600,1,ALLAN
85795,1/13/2023,186720,2023,346,2500,1,ALLAN
85795,2/18/2022,181196,2022,346,2500,1,ALLAN
85795,2/18/2021,177813,2021,346,1725,1,ALLAN
85795,4/26/2021,21-027,2020,346,1725,1,ALLAN
85954,1/15/2025,199617,2025,51,2600,1,ALLAN
85954,1/15/2024,192998,2024,51,2600,1,ALLAN
85954,1/19/2023,186866,2023,51,2500,1,ALLAN
85954,1/31/2022,180826,2022,51,2500,1,ALLAN
85954,4/26/2021,21-036,2021,51,1725,1,ALLAN
85954,1/14/2020,174589,2020,51,1725,1,ALLAN
85954,7/22/2019,172812,2019,51,1725,1,CECILLE
85955,7/22/2019,172812,2019,51,1725,1,CECILLE
85956,1/15/2025,199617,2025,51,2600,1,ALLAN
85956,1/15/2024,192998,2024,51,2600,1,ALLAN
85956,1/19/2023,186866,2023,51,2500,1,ALLAN
85956,1/31/2022,180826,2022,51,2500,1,ALLAN
85956,4/26/2021,21-036,2021,51,1725,1,ALLAN
85956,1/14/2020,174589,2020,51,1725,1,ALLAN
85956,1/14/2020,174589,2019,51,1725,1,ALLAN
85994,11/19/2024,198847,2025,31,2600,1,ALLAN
85994,1/25/2024,193344,2024,31,2600,1,ALLAN
85994,1/15/2024,193035,2023,31,2500,1,ALLAN
86074,11/19/2024,198847,2025,31,2600,1,ALLAN
86074,1/25/2024,193344,2024,31,2600,1,ALLAN
86074,1/15/2024,193035,2023,31,2500,1,ALLAN
86205,11/19/2024,198847,2025,31,2600,1,ALLAN
86205,1/25/2024,193344,2024,31,2600,1,ALLAN
86205,1/15/2024,193035,2023,31,2500,1,ALLAN
86207,11/19/2024,198847,2025,31,2600,1,ALLAN
86207,1/25/2024,193344,2024,31,2600,1,ALLAN
86207,1/15/2024,193035,2023,31,2500,1,ALLAN
86208,11/19/2024,198847,2025,31,2600,1,ALLAN
86208,1/25/2024,193344,2024,31,2600,1,ALLAN
86208,1/15/2024,193035,2023,31,2500,1,ALLAN
86334,3/28/2025,434,2025,15,2600,1,ALLAN
86334,2/14/2024,193859,2024,15,2600,1,ALLAN
86334,2/7/2023,187280,2023,15,2500,1,ALLAN
86334,2/21/2022,181212,2022,15,2500,1,ALLAN
86334,2/21/2022,181212,2021,15,1725,1,ALLAN
86334,2/21/2022,181212,2020,15,1725,1,ALLAN
86335,3/28/2025,434,2025,15,2600,1,ALLAN
86335,2/14/2024,193859,2024,15,2600,1,ALLAN
86335,2/7/2023,187280,2023,15,2500,1,ALLAN
86335,2/21/2022,181212,2022,15,2500,1,ALLAN
86335,2/21/2022,181212,2021,15,1725,1,ALLAN
86335,2/21/2022,181212,2020,15,1725,1,ALLAN
86419,3/28/2025,434,2025,15,2600,1,ALLAN
86419,2/14/2024,193859,2024,15,2600,1,ALLAN
86419,2/7/2023,187280,2023,15,2500,1,ALLAN
86419,2/7/2023,187280,2022,15,2500,1,ALLAN
86430,11/19/2024,198847,2025,31,2600,1,ALLAN
86430,1/25/2024,193344,2024,31,2600,1,ALLAN
86430,2/17/2023,187523,2023,31,2500,1,ALLAN
86430,2/17/2023,187523,2022,31,2500,1,ALLAN
86430,2/17/2023,187523,2021,31,1725,1,ALLAN
86431,11/19/2024,198847,2025,31,2600,1,ALLAN
86431,1/25/2024,193344,2024,31,2600,1,ALLAN
86431,2/17/2023,187523,2023,31,2500,1,ALLAN
86431,2/17/2023,187523,2022,31,2500,1,ALLAN
86431,2/17/2023,187523,2021,31,1725,1,ALLAN
86431,2/17/2023,187523,2020,31,1525,1,ALLAN
86873,1/31/2024,193512,2024,69,2600,1,ALLAN
86873,12/29/2022,186474,2023,69,2500,1,ALLAN
86873,4/11/2022,22-007,2022,69,2500,1,ALLAN
86873,4/26/2021,21-039,2021,69,1725,1,ALLAN
86873,1/16/2020,174693,2020,69,1725,1,ALLAN
86873,1/16/2020,174693,2019,69,1725,1,ALLAN
86874,1/20/2025,199746,2025,69,2600,1,ALLAN
86874,1/31/2024,193512,2024,69,2600,1,ALLAN
86874,12/29/2022,186474,2023,69,2500,1,ALLAN
86874,4/11/2022,22-007,2022,69,2500,1,ALLAN
86874,4/26/2021,21-039,2021,69,1725,1,ALLAN
86874,1/16/2020,174693,2020,69,1725,1,ALLAN
86874,1/16/2020,174693,2019,69,1725,1,ALLAN
86876,1/20/2025,199746,2025,69,2600,1,ALLAN
86876,1/31/2024,193512,2024,69,2600,1,ALLAN
86876,12/29/2022,186474,2023,69,2500,1,ALLAN
86876,4/11/2022,22-007,2022,69,2500,1,ALLAN
86876,4/26/2021,21-039,2021,69,1725,1,ALLAN
86876,1/16/2020,174693,2020,69,1725,1,ALLAN
86876,1/16/2020,174693,2019,69,1725,1,ALLAN
86887,1/20/2025,199746,2025,69,2600,1,ALLAN
86887,1/31/2024,193512,2024,69,2600,1,ALLAN
86887,12/29/2022,186474,2023,69,2500,1,ALLAN
86887,4/11/2022,22-007,2022,69,2500,1,ALLAN
86887,4/26/2021,21-039,2021,69,1725,1,ALLAN
86887,1/16/2020,174693,2020,69,1725,1,ALLAN
86887,1/16/2020,174693,2019,69,1725,1,ALLAN
87103,3/28/2025,437,2025,448,2600,1,ALLAN
87103,4/4/2024,195011,2024,448,2600,1,ALLAN
87103,3/6/2023,187883,2023,448,2500,1,ALLAN
87103,2/28/2022,181404,2022,448,2500,1,ALLAN
87103,2/17/2021,177784,2021,448,1725,1,ALLAN
87103,2/17/2021,177784,2020,448,1725,1,ALLAN
87103,7/15/2019,19-097,2019,448,1725,1,ALLAN
87109,8/6/2025,2322,2026,31,2850,1,CECILLE
87109,11/19/2024,198847,2025,31,2600,1,ALLAN
87109,1/25/2024,193344,2024,31,2600,1,ALLAN
87109,2/17/2023,187523,2023,31,2500,1,ALLAN
87109,2/22/2022,181252,2022,31,2500,1,ALLAN
87109,2/17/2021,177790,2021,31,1725,1,ALLAN
87109,2/17/2021,177790,2020,31,1725,1,ALLAN
87110,8/6/2025,2322,2026,31,2850,1,CECILLE
87110,11/19/2024,198847,2025,31,2600,1,ALLAN
87110,1/25/2024,193344,2024,31,2600,1,ALLAN
87110,2/17/2023,187523,2023,31,2500,1,ALLAN
87110,2/22/2022,181252,2022,31,2500,1,ALLAN
87110,2/22/2022,181252,2021,31,1725,1,ALLAN
87110,2/22/2022,181252,2020,31,1725,1,ALLAN
87148,3/28/2025,434,2025,15,2600,1,ALLAN
87148,2/14/2024,193859,2024,15,2600,1,ALLAN
87148,2/14/2024,193859,2023,15,2500,1,ALLAN
87255,11/19/2024,198847,2025,31,2600,1,ALLAN
87255,1/25/2024,193344,2024,31,2600,1,ALLAN
87255,2/17/2023,187523,2023,31,2500,1,ALLAN
87255,2/22/2022,181252,2022,31,2500,1,ALLAN
87255,2/22/2022,181252,2021,31,1725,1,ALLAN
87255,2/22/2022,181252,2020,31,1725,1,ALLAN
87355,3/28/2025,437,2025,448,2600,1,ALLAN
87355,4/4/2024,195011,2024,448,2600,1,ALLAN
87355,3/6/2023,187883,2023,448,2500,1,ALLAN
87355,2/28/2022,181404,2022,448,2500,1,ALLAN
87355,2/28/2022,181404,2021,448,1725,1,ALLAN
87355,2/28/2022,181404,2020,448,1725,1,ALLAN
87356,3/28/2025,437,2025,448,2600,1,ALLAN
87356,4/4/2024,195011,2024,448,2600,1,ALLAN
87356,3/6/2023,187883,2023,448,2500,1,ALLAN
87356,2/28/2022,181404,2022,448,2500,1,ALLAN
87356,2/28/2022,181404,2021,448,1725,1,ALLAN
87356,2/28/2022,181404,2020,448,1725,1,ALLAN
87357,3/28/2025,437,2025,448,2600,1,ALLAN
87357,4/4/2024,195011,2024,448,2600,1,ALLAN
87357,3/6/2023,187883,2023,448,2500,1,ALLAN
87357,2/28/2022,181404,2022,448,2500,1,ALLAN
87357,2/28/2022,181404,2021,448,1725,1,ALLAN
87357,2/28/2022,181404,2020,448,1725,1,ALLAN
87440,3/28/2025,437,2025,448,2600,1,ALLAN
87440,4/4/2024,195011,2024,448,2600,1,ALLAN
87440,3/6/2023,187883,2023,448,2500,1,ALLAN
87440,2/28/2022,181404,2022,448,2500,1,ALLAN
87440,2/28/2022,181404,2021,448,1725,1,ALLAN
87440,2/28/2022,181404,2020,448,1725,1,ALLAN
87627,3/26/2025,389,2025,346,2600,1,ALLAN
87627,2/15/2024,193889,2024,346,2600,1,ALLAN
87627,1/13/2023,186720,2023,346,2500,1,ALLAN
87627,2/18/2022,181196,2022,346,2500,1,ALLAN
87627,2/18/2022,181196,2021,346,1725,1,ALLAN
87651,3/26/2025,389,2025,346,2600,1,ALLAN
87651,2/15/2024,193889,2024,346,2600,1,ALLAN
87651,1/13/2023,186720,2023,346,2500,1,ALLAN
87651,2/18/2022,181196,2022,346,2500,1,ALLAN
87651,2/18/2022,181196,2021,346,1725,1,ALLAN
87715,1/20/2025,199746,2025,69,2600,1,ALLAN
87715,1/31/2024,193512,2024,69,2600,1,ALLAN
87715,12/29/2022,186474,2023,69,2500,1,ALLAN
87715,4/11/2022,22-007,2022,69,2500,1,ALLAN
87715,4/26/2021,21-039,2021,69,1725,1,ALLAN
87715,2/26/2021,178052,2020,69,1725,1,ALLAN
87716,1/20/2025,199746,2025,69,2600,1,ALLAN
87716,1/31/2024,193512,2024,69,2600,1,ALLAN
87716,12/29/2022,186474,2023,69,2500,1,ALLAN
87716,4/11/2022,22-007,2022,69,2500,1,ALLAN
87716,4/26/2021,21-039,2021,69,1725,1,ALLAN
87716,2/26/2021,178052,2020,69,1725,1,ALLAN
87719,1/20/2025,199746,2025,69,2600,1,ALLAN
87719,1/31/2024,193512,2024,69,2600,1,ALLAN
87719,12/29/2022,186474,2023,69,2500,1,ALLAN
87719,4/11/2022,22-007,2022,69,2500,1,ALLAN
87719,4/26/2021,21-039,2021,69,1725,1,ALLAN
87719,2/26/2021,178052,2020,69,1725,1,ALLAN
87720,1/20/2025,199746,2025,69,2600,1,ALLAN
87720,1/31/2024,193512,2024,69,2600,1,ALLAN
87720,12/29/2022,186474,2023,69,2500,1,ALLAN
87720,4/11/2022,22-007,2022,69,2500,1,ALLAN
87720,4/26/2021,21-039,2021,69,1725,1,ALLAN
87720,2/26/2021,178052,2020,69,1725,1,ALLAN
87721,1/20/2025,199746,2025,69,2600,1,ALLAN
87721,1/31/2024,193512,2024,69,2600,1,ALLAN
87721,12/29/2022,186474,2023,69,2500,1,ALLAN
87721,4/11/2022,22-007,2022,69,2500,1,ALLAN
87721,4/26/2021,21-039,2021,69,1725,1,ALLAN
87721,2/26/2021,178052,2020,69,1725,1,ALLAN
87786,1/14/2025,199569,2025,352,2600,1,ALLAN
87786,1/15/2024,193026,2024,352,2600,1,ALLAN
87786,1/13/2023,186719,2023,352,2500,1,ALLAN
87786,1/24/2022,180712,2022,352,2500,1,ALLAN
87786,3/16/2022,181762,2021,352,1725,1,ALLAN
87818,11/19/2024,198847,2025,31,2600,1,ALLAN
87818,1/25/2024,193344,2024,31,2600,1,ALLAN
87818,2/17/2023,187523,2023,31,2500,1,ALLAN
87818,2/17/2023,187523,2022,31,2500,1,ALLAN
87818,2/17/2023,187523,2021,31,1725,1,ALLAN
87819,11/19/2024,198847,2025,31,2600,1,ALLAN
87819,1/25/2024,193344,2024,31,2600,1,ALLAN
87819,2/17/2023,187523,2023,31,2500,1,ALLAN
87819,2/22/2022,181252,2022,31,2500,1,ALLAN
87819,2/22/2022,181252,2021,31,1725,1,ALLAN
87819,2/22/2022,181252,2020,31,1725,1,ALLAN
87876,1/15/2024,193035,2023,31,2500,1,ALLAN
87899,1/14/2025,199569,2025,352,2600,1,ALLAN
87899,1/14/2025,199569,2024,352,2600,1,ALLAN
88191,1/14/2025,199569,2025,352,2600,1,ALLAN
88191,1/15/2024,193026,2024,352,2600,1,ALLAN
88191,1/13/2023,186719,2023,352,2500,1,ALLAN
88191,1/24/2022,180712,2022,352,2500,1,ALLAN
88191,3/16/2022,181762,2021,352,1725,1,ALLAN
88192,1/14/2025,199569,2025,352,2600,1,ALLAN
88192,1/15/2024,193026,2024,352,2600,1,ALLAN
88192,1/13/2023,186719,2023,352,2500,1,ALLAN
88192,1/13/2023,186719,2022,352,2500,1,ALLAN
88225,3/28/2025,434,2025,15,2600,1,ALLAN
88225,2/14/2024,193859,2024,15,2600,1,ALLAN
88225,2/7/2023,187280,2023,15,2500,1,ALLAN
88225,2/7/2023,187280,2022,15,2500,1,ALLAN
88227,3/28/2025,434,2025,15,2600,1,ALLAN
88227,2/14/2024,193859,2024,15,2600,1,ALLAN
88227,2/14/2024,193859,2023,15,2500,1,ALLAN
88238,1/20/2025,199746,2025,69,2600,1,ALLAN
88238,1/31/2024,193512,2024,69,2600,1,ALLAN
88238,12/29/2022,186474,2023,69,2500,1,ALLAN
88238,4/11/2022,22-007,2022,69,2500,1,ALLAN
88238,3/16/2022,181763,2021,69,1725,1,ALLAN
88334,8/6/2025,2322,2025,31,2600,1,CECILLE
88334,10/21/2024,198546,2024,31,2600,1,CECILLE
88405,1/15/2025,199617,2025,51,2600,1,ALLAN
88405,1/15/2024,192998,2024,51,2600,1,ALLAN
88405,1/19/2023,186866,2023,51,2500,1,ALLAN
88405,1/31/2022,180826,2022,51,2500,1,ALLAN
88405,4/26/2021,21-036,2021,51,1725,1,ALLAN
88405,2/18/2021,177827,2020,51,1725,1,ALLAN
88555,3/28/2025,437,2025,448,2600,1,ALLAN
88555,4/4/2024,195011,2024,448,2600,1,ALLAN
88555,3/6/2023,187883,2023,448,2500,1,ALLAN
88555,2/28/2022,181404,2022,448,2500,1,ALLAN
88555,2/28/2022,181404,2021,448,1725,1,ALLAN
88556,3/28/2025,437,2025,448,2600,1,ALLAN
88556,4/4/2024,195011,2024,448,2600,1,ALLAN
88556,3/6/2023,187883,2023,448,2500,1,ALLAN
88556,2/28/2022,181404,2022,448,2500,1,ALLAN
88556,2/28/2022,181404,2021,448,1725,1,ALLAN
88618,1/20/2025,199746,2025,69,2600,1,ALLAN
88618,1/31/2024,193512,2024,69,2600,1,ALLAN
88618,12/29/2022,186474,2023,69,2500,1,ALLAN
88618,12/29/2022,186474,2022,69,2500,1,ALLAN
88619,1/20/2025,199746,2025,69,2600,1,ALLAN
88619,1/31/2024,193512,2024,69,2600,1,ALLAN
88619,12/29/2022,186474,2023,69,2500,1,ALLAN
88619,4/11/2022,22-007,2022,69,2500,1,ALLAN
88619,3/16/2022,181763,2021,69,1725,1,ALLAN
88620,1/20/2025,199746,2025,69,2600,1,ALLAN
88620,1/31/2024,193512,2024,69,2600,1,ALLAN
88620,12/29/2022,186474,2023,69,2500,1,ALLAN
88620,4/11/2022,22-007,2022,69,2500,1,ALLAN
88620,3/16/2022,181763,2021,69,1725,1,ALLAN
88711,1/14/2025,199569,2025,352,2600,1,ALLAN
88711,1/15/2024,193026,2024,352,2600,1,ALLAN
88711,1/13/2023,186719,2023,352,2500,1,ALLAN
88711,1/13/2023,186719,2022,352,2500,1,ALLAN
89043,1/20/2025,199746,2025,69,2600,1,ALLAN
89043,1/31/2024,193512,2024,69,2600,1,ALLAN
89043,12/29/2022,186474,2023,69,2500,1,ALLAN
89043,4/11/2022,22-007,2022,69,2500,1,ALLAN
89043,3/16/2022,181763,2021,69,1725,1,ALLAN
89097,1/14/2025,199569,2025,352,2600,1,ALLAN
89097,1/15/2024,193026,2024,352,2600,1,ALLAN
89097,1/15/2024,193026,2023,352,2500,1,ALLAN
89097,1/15/2024,193026,2022,352,2500,1,ALLAN
89856,11/19/2024,198847,2025,31,2600,1,ALLAN
89856,1/25/2024,193344,2024,31,2600,1,ALLAN
89856,3/7/2023,187906,2023,31,2500,1,ALLAN
89856,3/7/2023,187906,2022,31,2500,1,ALLAN
90336,3/26/2025,389,2025,346,2600,1,ALLAN
90336,3/26/2025,389,2024,346,2600,1,ALLAN
90336,3/26/2025,389,2023,346,2500,1,ALLAN
90337,3/26/2025,389,2025,346,2600,1,ALLAN
90337,2/15/2024,193889,2024,346,2600,1,ALLAN
90337,1/13/2023,186720,2023,346,2500,1,ALLAN
90337,1/13/2023,186720,2022,346,2500,1,ALLAN
90338,3/26/2025,389,2025,346,2600,1,ALLAN
90338,2/15/2024,193889,2024,346,2600,1,ALLAN
90338,1/13/2023,186720,2023,346,2500,1,ALLAN
90338,1/13/2023,186720,2022,346,2500,1,ALLAN
90339,3/26/2025,389,2025,346,2600,1,ALLAN
90339,3/26/2025,389,2024,346,2600,1,ALLAN
90341,3/26/2025,389,2025,346,2600,1,ALLAN
90341,2/15/2024,193889,2024,346,2600,1,ALLAN
90341,1/13/2023,186720,2023,346,2500,1,ALLAN
90341,1/13/2023,186720,2022,346,2500,1,ALLAN
90342,3/26/2025,389,2025,346,2600,1,ALLAN
90342,2/15/2024,193889,2024,346,2600,1,ALLAN
90342,2/15/2024,193889,2023,346,2500,1,ALLAN
90612,8/6/2025,2322,2026,31,2850,1,CECILLE
90612,11/19/2024,198847,2025,31,2600,1,ALLAN
90612,1/25/2024,193344,2024,31,2600,1,ALLAN
90612,10/25/2023,191544,2023,31,2500,1,CECILLE
90613,11/19/2024,198847,2025,31,2600,1,ALLAN
90613,1/25/2024,193344,2024,31,2600,1,ALLAN
90613,7/10/2023,189817,2023,31,2500,1,CECILLE
90614,11/19/2024,198847,2025,31,2600,1,ALLAN
90614,1/25/2024,193344,2024,31,2600,1,ALLAN
90614,7/10/2023,189817,2023,31,2500,1,CECILLE
90616,11/19/2024,198847,2025,31,2600,1,ALLAN
90616,1/25/2024,193344,2024,31,2600,1,ALLAN
90616,3/7/2023,187906,2023,31,2500,1,ALLAN
90616,3/7/2023,187906,2022,31,2500,1,ALLAN
90617,11/19/2024,198847,2025,31,2600,1,ALLAN
90617,1/25/2024,193344,2024,31,2600,1,ALLAN
90617,7/10/2023,189817,2023,31,2500,1,CECILLE
90618,11/19/2024,198847,2025,31,2600,1,ALLAN
90618,1/25/2024,193344,2024,31,2600,1,ALLAN
90618,3/7/2023,187906,2023,31,2500,1,ALLAN
90618,3/7/2023,187906,2022,31,2500,1,ALLAN
90619,11/19/2024,198847,2025,31,2600,1,ALLAN
90619,1/25/2024,193344,2024,31,2600,1,ALLAN
90619,3/7/2023,187906,2023,31,2500,1,ALLAN
90619,3/7/2023,187906,2022,31,2500,1,ALLAN
90645,1/14/2025,199569,2025,352,2600,1,ALLAN
90645,1/15/2024,193026,2024,352,2600,1,ALLAN
90645,1/15/2024,193026,2023,352,2500,1,ALLAN
90645,1/15/2024,193026,2022,352,2500,1,ALLAN
91118,1/20/2025,199746,2025,69,2600,1,ALLAN
91118,1/31/2024,193512,2024,69,2600,1,ALLAN
91118,1/31/2024,193512,2023,69,2500,1,ALLAN
91118,1/31/2024,193512,2022,69,2500,1,ALLAN
91119,1/20/2025,199746,2025,69,2600,1,ALLAN
91119,1/31/2024,193512,2024,69,2600,1,ALLAN
91119,1/31/2024,193512,2023,69,2500,1,ALLAN
91119,1/31/2024,193512,2022,69,2500,1,ALLAN
91120,1/20/2025,199746,2025,69,2600,1,ALLAN
91120,1/31/2024,193512,2024,69,2600,1,ALLAN
91120,1/31/2024,193512,2023,69,2500,1,ALLAN
91120,1/31/2024,193512,2022,69,2500,1,ALLAN
91187,3/28/2025,437,2025,448,2600,1,ALLAN
91187,3/28/2025,437,2024,448,2600,1,ALLAN
91187,3/28/2025,437,2023,448,2500,1,ALLAN
91188,3/28/2025,437,2025,448,2600,1,ALLAN
91188,3/28/2025,437,2024,448,2600,1,ALLAN
91188,3/28/2025,437,2023,448,2500,1,ALLAN
91389,11/19/2024,198847,2025,31,2600,1,ALLAN
91389,11/19/2024,198847,2024,31,2600,1,ALLAN
91390,11/19/2024,198847,2025,31,2600,1,ALLAN
91390,6/10/2024,196220,2024,31,2600,1,CECILLE
91393,11/19/2024,198847,2025,31,2600,1,ALLAN
91393,11/19/2024,198847,2024,31,2600,1,ALLAN
91394,11/19/2024,198847,2025,31,2600,1,ALLAN
91394,4/15/2024,195173,2024,31,2600,1,CECILLE
91396,11/19/2024,198847,2025,31,2600,1,ALLAN
91396,6/10/2024,196220,2024,31,2600,1,CECILLE
91545,3/26/2025,389,2025,346,2600,1,ALLAN
91545,3/26/2025,389,2024,346,2600,1,ALLAN
91545,3/26/2025,389,2023,346,2500,1,ALLAN
91547,3/26/2025,389,2025,346,2600,1,ALLAN
91547,2/15/2024,193889,2024,346,2600,1,ALLAN
91547,2/15/2024,193889,2023,346,2500,1,ALLAN
91548,3/26/2025,389,2025,346,2600,1,ALLAN
91548,2/15/2024,193889,2024,346,2600,1,ALLAN
91548,1/13/2023,186720,2023,346,2500,1,ALLAN
91548,1/13/2023,186720,2022,346,2500,1,ALLAN
91839,3/28/2025,434,2025,15,2600,1,ALLAN
91839,2/14/2024,193859,2024,15,2600,1,ALLAN
91839,2/14/2024,193859,2023,15,2500,1,ALLAN
91949,3/28/2025,434,2025,15,2600,1,ALLAN
91949,3/28/2025,434,2024,15,2600,1,ALLAN
92679,1/20/2025,199746,2025,69,2600,1,ALLAN
92679,1/31/2024,193512,2024,69,2600,1,ALLAN
92679,1/31/2024,193512,2023,69,2500,1,ALLAN
93470,1/20/2025,199746,2025,69,2600,1,ALLAN
93470,1/20/2025,199746,2024,69,2600,1,ALLAN
93574,3/26/2025,389,2025,346,2600,1,ALLAN
93574,3/26/2025,389,2024,346,2600,1,ALLAN
93574,3/26/2025,389,2023,346,2500,1,ALLAN
93601,1/20/2025,199746,2025,69,2600,1,ALLAN
93601,1/20/2025,199746,2024,69,2600,1,ALLAN
93602,1/20/2025,199746,2025,69,2600,1,ALLAN
93602,1/20/2025,199746,2024,69,2600,1,ALLAN
93618,3/28/2025,437,2025,448,2600,1,ALLAN
93618,3/28/2025,437,2024,448,2600,1,ALLAN
93618,3/28/2025,437,2023,448,2500,1,ALLAN
93619,3/28/2025,437,2025,448,2600,1,ALLAN
93619,3/28/2025,437,2024,448,2600,1,ALLAN
93619,3/28/2025,437,2023,448,2500,1,ALLAN
94197,1/15/2025,199617,2025,51,2600,1,ALLAN
94197,1/15/2024,192998,2024,51,2600,1,ALLAN
94197,1/15/2024,192998,2023,51,2500,1,ALLAN
94198,1/15/2025,199617,2025,51,2600,1,ALLAN
94198,1/15/2025,199617,2024,51,2600,1,ALLAN
94199,1/15/2025,199617,2025,51,2600,1,ALLAN
94199,1/15/2025,199617,2024,51,2600,1,ALLAN
94200,1/15/2025,199617,2025,51,2600,1,ALLAN
94200,1/15/2024,192998,2024,51,2600,1,ALLAN
94200,1/15/2024,192998,2023,51,2500,1,ALLAN
94222,11/19/2024,198847,2025,31,2600,1,ALLAN
94224,3/4/2025,200856,2025,31,2600,1,CECILLE
94226,8/6/2025,2322,2025,31,2600,1,CECILLE
94440,1/15/2025,199617,2025,51,2600,1,ALLAN
94440,1/15/2025,199617,2024,51,2600,1,ALLAN
94718,1/20/2025,199746,2025,69,2600,1,ALLAN
94718,1/20/2025,199746,2024,69,2600,1,ALLAN
94719,1/20/2025,199746,2025,69,2600,1,ALLAN
94719,1/20/2025,199746,2024,69,2600,1,ALLAN
95880,1/15/2025,199617,2025,51,2600,1,ALLAN
95880,1/15/2025,199617,2024,51,2600,1,ALLAN
